ano_referencia,mes_referencia,tecnologia,emplacamentos,data_captura,url_fonte,data_referencia,limite_uso,id_registro,escopo_tecnologia
2024,1,BEV,4358,2026-10-01T17:15:05.040196+00:00,https://abve.org.br/abve-data/bi-geral/,2024-01-01,medida_publica_ABVE_metodologia_painel_nao_frota,d50fec2bff6976ebfaba7734a6cd209602f7ae69a468c4ad68abb87598bac882,inclui_MHEV_filtrar_BEV_PHEV_para_comparabilidade
2024,1,HEV,1251,2026-10-01T17:15:05.040196+00:00,https://abve.org.br/abve-data/bi-geral/,2024-01-01,medida_publica_ABVE_metodologia_painel_nao_frota,b76f7d69c257853385d19166176b5efcbee931c7ebef09fd1358e24598a13076,inclui_MHEV_filtrar_BEV_PHEV_para_comparabilidade
2024,1,HEV FLEX,1593,2026-10-01T17:15:05.040196+00:00,https://abve.org.br/abve-data/bi-geral/,2024-01-01,medida_publica_ABVE_metodologia_painel_nao_frota,fb9bec00600ed50f524f1427781e04e3fac121655d1db607dd2cee48a62c463f,inclui_MHEV_filtrar_BEV_PHEV_para_comparabilidade
2024,1,MHEV,914,2026-10-01T17:15:05.040196+00:00,https://abve.org.br/abve-data/bi-geral/,2024-01-01,medida_publica_ABVE_metodologia_painel_nao_frota,c3018455551d5432a11c18d87b90d57521a7eeee4a36b2ce7b4c6476526749c4,inclui_MHEV_filtrar_BEV_PHEV_para_comparabilidade
2024,1,PHEV,3910,2026-10-01T17:15:05.040196+00:00,https://abve.org.br/abve-data/bi-geral/,2024-01-01,medida_publica_ABVE_metodologia_painel_nao_frota,1fc99525d38759bbe5281c7a06dd094e986c4b0666d435a347ed72502a907b48,inclui_MHEV_filtrar_BEV_PHEV_para_comparabilidade
2024,2,BEV,3639,2026-10-01T17:15:05.040196+00:00,https://abve.org.br/abve-data/bi-geral/,2024-02-01,medida_publica_ABVE_metodologia_painel_nao_frota,e9225d0fc28cc9b1ed254c1128000f60df27b12207fdf9b4a8d1f5525e448263,inclui_MHEV_filtrar_BEV_PHEV_para_comparabilidade
2024,2,HEV,869,2026-10-01T17:15:05.040196+00:00,https://abve.org.br/abve-data/bi-geral/,2024-02-01,medida_publica_ABVE_metodologia_painel_nao_frota,9e8afe4833863bd1877924786dd6e91f85ef7f9d101ae4ab497930814130bf3d,inclui_MHEV_filtrar_BEV_PHEV_para_comparabilidade
2024,2,HEV FLEX,1504,2026-10-01T17:15:05.040196+00:00,https://abve.org.br/abve-data/bi-geral/,2024-02-01,medida_publica_ABVE_metodologia_painel_nao_frota,df71854823f39774770696324d3af12d5aa54d170f0ea77fd8906ad8eabf5885,inclui_MHEV_filtrar_BEV_PHEV_para_comparabilidade
2024,2,MHEV,845,2026-10-01T17:15:05.040196+00:00,https://abve.org.br/abve-data/bi-geral/,2024-02-01,medida_publica_ABVE_metodologia_painel_nao_frota,69d533f68c70f876b41ec1c6fc15937b58ab2adbe5d4feb1a55ee01f275653b9,inclui_MHEV_filtrar_BEV_PHEV_para_comparabilidade
2024,2,PHEV,3594,2026-10-01T17:15:05.040196+00:00,https://abve.org.br/abve-data/bi-geral/,2024-02-01,medida_publica_ABVE_metodologia_painel_nao_frota,b5a4cde858327340cb81b6ab03c258e042bc4324462000fc620104e6f7435dab,inclui_MHEV_filtrar_BEV_PHEV_para_comparabilidade
2024,3,BEV,6137,2026-10-01T17:15:05.040196+00:00,https://abve.org.br/abve-data/bi-geral/,2024-03-01,medida_publica_ABVE_metodologia_painel_nao_frota,5b26586682299be66db50d6bac878ab6b369b325f1ceee98c30062e0a7503b4c,inclui_MHEV_filtrar_BEV_PHEV_para_comparabilidade
2024,3,HEV,1221,2026-10-01T17:15:05.040196+00:00,https://abve.org.br/abve-data/bi-geral/,2024-03-01,medida_publica_ABVE_metodologia_painel_nao_frota,59bfeb23366e669ef3150dc0c5f4163bc983976b19a85ca332e9d8badb190b6c,inclui_MHEV_filtrar_BEV_PHEV_para_comparabilidade
2024,3,HEV FLEX,2020,2026-10-01T17:15:05.040196+00:00,https://abve.org.br/abve-data/bi-geral/,2024-03-01,medida_publica_ABVE_metodologia_painel_nao_frota,38fb63084be333e80ee75e022a1ecc8f76af49894dc36591c697dd4b307c1f74,inclui_MHEV_filtrar_BEV_PHEV_para_comparabilidade
2024,3,MHEV,1107,2026-10-01T17:15:05.040196+00:00,https://abve.org.br/abve-data/bi-geral/,2024-03-01,medida_publica_ABVE_metodologia_painel_nao_frota,543f8d18911c38fc6360707d7fd49a5e9b285bbccd6663de7b8c740768ecee8d,inclui_MHEV_filtrar_BEV_PHEV_para_comparabilidade
2024,3,PHEV,3128,2026-10-01T17:15:05.040196+00:00,https://abve.org.br/abve-data/bi-geral/,2024-03-01,medida_publica_ABVE_metodologia_painel_nao_frota,2853e2dbd0bca50527f9bb69bb62690fd3a6b2320696a4c7d3e677cff647945c,inclui_MHEV_filtrar_BEV_PHEV_para_comparabilidade
2024,4,BEV,6705,2026-10-01T17:15:05.040196+00:00,https://abve.org.br/abve-data/bi-geral/,2024-04-01,medida_publica_ABVE_metodologia_painel_nao_frota,c7ed394a2ee4a5404ac8dc13cf7a1b7b7f868240315276873eb151eb6b655f13,inclui_MHEV_filtrar_BEV_PHEV_para_comparabilidade
2024,4,HEV,1454,2026-10-01T17:15:05.040196+00:00,https://abve.org.br/abve-data/bi-geral/,2024-04-01,medida_publica_ABVE_metodologia_painel_nao_frota,6200032da1c9168f1194716ba513d0f2c59a3671e201ababf4c2bd4abeb9d5f2,inclui_MHEV_filtrar_BEV_PHEV_para_comparabilidade
2024,4,HEV FLEX,2082,2026-10-01T17:15:05.040196+00:00,https://abve.org.br/abve-data/bi-geral/,2024-04-01,medida_publica_ABVE_metodologia_painel_nao_frota,f0c7bf661616e211d41f1cebbb47313140022c644e8e7f047f505b13cd4c4557,inclui_MHEV_filtrar_BEV_PHEV_para_comparabilidade
2024,4,MHEV,1230,2026-10-01T17:15:05.040196+00:00,https://abve.org.br/abve-data/bi-geral/,2024-04-01,medida_publica_ABVE_metodologia_painel_nao_frota,ac06df902c80c94107d6ad671c4999714be8c09e4affc3faf51df9cdec3c1cfa,inclui_MHEV_filtrar_BEV_PHEV_para_comparabilidade
2024,4,PHEV,3735,2026-10-01T17:15:05.040196+00:00,https://abve.org.br/abve-data/bi-geral/,2024-04-01,medida_publica_ABVE_metodologia_painel_nao_frota,0aaf5ea1bbc5a0e67459e5fbcf3687b592c217fc26c2897274a01190c77f9b1c,inclui_MHEV_filtrar_BEV_PHEV_para_comparabilidade
2024,5,BEV,5175,2026-10-01T17:15:05.040196+00:00,https://abve.org.br/abve-data/bi-geral/,2024-05-01,medida_publica_ABVE_metodologia_painel_nao_frota,1f5e38b806d221bb322f1e6fb3ef1186ad0b6088538624fd79bd13ab45b0b971,inclui_MHEV_filtrar_BEV_PHEV_para_comparabilidade
2024,5,HEV,1360,2026-10-01T17:15:05.040196+00:00,https://abve.org.br/abve-data/bi-geral/,2024-05-01,medida_publica_ABVE_metodologia_painel_nao_frota,3b706838c79dfaed3b0934c985cf59950b0e33362ea7d9aec9aac6d0b6b9b450,inclui_MHEV_filtrar_BEV_PHEV_para_comparabilidade
2024,5,HEV FLEX,2052,2026-10-01T17:15:05.040196+00:00,https://abve.org.br/abve-data/bi-geral/,2024-05-01,medida_publica_ABVE_metodologia_painel_nao_frota,efa1d72ecd8dfb5954bb30606bd7168b8f704779d98dada917105daeebc905c2,inclui_MHEV_filtrar_BEV_PHEV_para_comparabilidade
2024,5,MHEV,1143,2026-10-01T17:15:05.040196+00:00,https://abve.org.br/abve-data/bi-geral/,2024-05-01,medida_publica_ABVE_metodologia_painel_nao_frota,04579237e2a93aa033ce5a4503ebe797bdde2b9d5fa100e3b1b674e78376ed01,inclui_MHEV_filtrar_BEV_PHEV_para_comparabilidade
2024,5,PHEV,3882,2026-10-01T17:15:05.040196+00:00,https://abve.org.br/abve-data/bi-geral/,2024-05-01,medida_publica_ABVE_metodologia_painel_nao_frota,fb2665b8529635ce934c2f062920d4e444f4d0582fa2bdab5aa1aec9d99a7b0f,inclui_MHEV_filtrar_BEV_PHEV_para_comparabilidade
2024,6,BEV,5190,2026-10-01T17:15:05.040196+00:00,https://abve.org.br/abve-data/bi-geral/,2024-06-01,medida_publica_ABVE_metodologia_painel_nao_frota,8ed7fbf576970602b5f36a60a8b16c405580e253b6459a4f2572224a031c2d85,inclui_MHEV_filtrar_BEV_PHEV_para_comparabilidade
2024,6,HEV,1239,2026-10-01T17:15:05.040196+00:00,https://abve.org.br/abve-data/bi-geral/,2024-06-01,medida_publica_ABVE_metodologia_painel_nao_frota,13b7c4cac9b631f5ed7e3cab4391fde340a6d50ad64a4a9d60d539e6c8869f9f,inclui_MHEV_filtrar_BEV_PHEV_para_comparabilidade
2024,6,HEV FLEX,1736,2026-10-01T17:15:05.040196+00:00,https://abve.org.br/abve-data/bi-geral/,2024-06-01,medida_publica_ABVE_metodologia_painel_nao_frota,988a21c6596b7a2ef941fa1833b85168040cfca39602335e968f1a82fab7b56b,inclui_MHEV_filtrar_BEV_PHEV_para_comparabilidade
2024,6,MHEV,1184,2026-10-01T17:15:05.040196+00:00,https://abve.org.br/abve-data/bi-geral/,2024-06-01,medida_publica_ABVE_metodologia_painel_nao_frota,2d04718dfdd93e16188760aee00ab7a19f563384eba5b7049739b64223d1cd11,inclui_MHEV_filtrar_BEV_PHEV_para_comparabilidade
2024,6,PHEV,5047,2026-10-01T17:15:05.040196+00:00,https://abve.org.br/abve-data/bi-geral/,2024-06-01,medida_publica_ABVE_metodologia_painel_nao_frota,2f785e2be7dfa4fc11c0d67cb2b58de0d4b40fffa78ce3e67a36c91b51c0fce5,inclui_MHEV_filtrar_BEV_PHEV_para_comparabilidade
2024,7,BEV,4703,2026-10-01T17:15:05.040196+00:00,https://abve.org.br/abve-data/bi-geral/,2024-07-01,medida_publica_ABVE_metodologia_painel_nao_frota,da3877ccc3424d2d1bf220254a07cb7a93fc2ff14f0fb5b891e01ec9a7e4dbe0,inclui_MHEV_filtrar_BEV_PHEV_para_comparabilidade
2024,7,HEV,976,2026-10-01T17:15:05.040196+00:00,https://abve.org.br/abve-data/bi-geral/,2024-07-01,medida_publica_ABVE_metodologia_painel_nao_frota,cafda843ae597078304aad1e0455ab26d0a76b47ca29c4b564a16551ccb4c858,inclui_MHEV_filtrar_BEV_PHEV_para_comparabilidade
2024,7,HEV FLEX,1707,2026-10-01T17:15:05.040196+00:00,https://abve.org.br/abve-data/bi-geral/,2024-07-01,medida_publica_ABVE_metodologia_painel_nao_frota,908b904c26ddbe1710e043671e4a6f8cb2d6cb87e7668137623ab22bdf829bb8,inclui_MHEV_filtrar_BEV_PHEV_para_comparabilidade
2024,7,MHEV,1266,2026-10-01T17:15:05.040196+00:00,https://abve.org.br/abve-data/bi-geral/,2024-07-01,medida_publica_ABVE_metodologia_painel_nao_frota,d4fe78296f8ac5b1e6cb11fd678145381a7f830f465bac0373249cad8f78cf88,inclui_MHEV_filtrar_BEV_PHEV_para_comparabilidade
2024,7,PHEV,6660,2026-10-01T17:15:05.040196+00:00,https://abve.org.br/abve-data/bi-geral/,2024-07-01,medida_publica_ABVE_metodologia_painel_nao_frota,1036b42b92bd90e5b3968f7ad84169ebf6adc24d920b52f8efeccf7f7c9ae9e6,inclui_MHEV_filtrar_BEV_PHEV_para_comparabilidade
2024,8,BEV,5115,2026-10-01T17:15:05.040196+00:00,https://abve.org.br/abve-data/bi-geral/,2024-08-01,medida_publica_ABVE_metodologia_painel_nao_frota,dd2667da7bbdd90a62d675edb941e12368103c89d79186e5a26f575433477d91,inclui_MHEV_filtrar_BEV_PHEV_para_comparabilidade
2024,8,HEV,1323,2026-10-01T17:15:05.040196+00:00,https://abve.org.br/abve-data/bi-geral/,2024-08-01,medida_publica_ABVE_metodologia_painel_nao_frota,3e8df939b47c9a5c29c53704e41487a8227e25e31761d4b4634952df3880dbfa,inclui_MHEV_filtrar_BEV_PHEV_para_comparabilidade
2024,8,HEV FLEX,1604,2026-10-01T17:15:05.040196+00:00,https://abve.org.br/abve-data/bi-geral/,2024-08-01,medida_publica_ABVE_metodologia_painel_nao_frota,1d63c7d1cf1245fe23a771366a0d70624bb9648331d529eb5239cdc68aa7b777,inclui_MHEV_filtrar_BEV_PHEV_para_comparabilidade
2024,8,MHEV,844,2026-10-01T17:15:05.040196+00:00,https://abve.org.br/abve-data/bi-geral/,2024-08-01,medida_publica_ABVE_metodologia_painel_nao_frota,92848fddd430cfd44616aaaebb8b023b699976b92e2d368441fea1070fb56f9d,inclui_MHEV_filtrar_BEV_PHEV_para_comparabilidade
2024,8,PHEV,5781,2026-10-01T17:15:05.040196+00:00,https://abve.org.br/abve-data/bi-geral/,2024-08-01,medida_publica_ABVE_metodologia_painel_nao_frota,9fc9acafcfb7b5025338fb687f3529fecc856b3415b0d47716ef9ef2a3e48ae7,inclui_MHEV_filtrar_BEV_PHEV_para_comparabilidade
2024,9,BEV,4699,2026-10-01T17:15:05.040196+00:00,https://abve.org.br/abve-data/bi-geral/,2024-09-01,medida_publica_ABVE_metodologia_painel_nao_frota,1a24d65b1ab7e19b25502e8d13b0d1e4395e3395d40bf278597e28a4ca82550d,inclui_MHEV_filtrar_BEV_PHEV_para_comparabilidade
2024,9,HEV,1235,2026-10-01T17:15:05.040196+00:00,https://abve.org.br/abve-data/bi-geral/,2024-09-01,medida_publica_ABVE_metodologia_painel_nao_frota,743ca6939a6f1249bd885dbb2ce81143359e25fd55632e985ce87d503d44497a,inclui_MHEV_filtrar_BEV_PHEV_para_comparabilidade
2024,9,HEV FLEX,1540,2026-10-01T17:15:05.040196+00:00,https://abve.org.br/abve-data/bi-geral/,2024-09-01,medida_publica_ABVE_metodologia_painel_nao_frota,31553c55e86d349b67924bfbc1f1df8bf10f61acaf6af2831fb9a7654f86627e,inclui_MHEV_filtrar_BEV_PHEV_para_comparabilidade
2024,9,MHEV,922,2026-10-01T17:15:05.040196+00:00,https://abve.org.br/abve-data/bi-geral/,2024-09-01,medida_publica_ABVE_metodologia_painel_nao_frota,4d5737265a33f8d4ab0aeecfb086edee329a0953a86ec9e09d5dad2afec62ef3,inclui_MHEV_filtrar_BEV_PHEV_para_comparabilidade
2024,9,PHEV,4869,2026-10-01T17:15:05.040196+00:00,https://abve.org.br/abve-data/bi-geral/,2024-09-01,medida_publica_ABVE_metodologia_painel_nao_frota,faecd4f5e557f247673001e40e7ccb1c14e9df8e8f4f5b3b3001a7b1cc2bfc45,inclui_MHEV_filtrar_BEV_PHEV_para_comparabilidade
2024,10,BEV,6109,2026-10-01T17:15:05.040196+00:00,https://abve.org.br/abve-data/bi-geral/,2024-10-01,medida_publica_ABVE_metodologia_painel_nao_frota,ddacdc638bf644761f4669ac6516cb679d007a0e4da1cf1e59894292c66db7d8,inclui_MHEV_filtrar_BEV_PHEV_para_comparabilidade
2024,10,HEV,1391,2026-10-01T17:15:05.040196+00:00,https://abve.org.br/abve-data/bi-geral/,2024-10-01,medida_publica_ABVE_metodologia_painel_nao_frota,66c1ebd99a9344e3e3f488b987620cd8a63d35c71e1052ca263ad28848ad684d,inclui_MHEV_filtrar_BEV_PHEV_para_comparabilidade
2024,10,HEV FLEX,1606,2026-10-01T17:15:05.040196+00:00,https://abve.org.br/abve-data/bi-geral/,2024-10-01,medida_publica_ABVE_metodologia_painel_nao_frota,a129b30bfb0df587c6ec4146ff8a4ccae80c1ad1997368549536e2abcf8835fb,inclui_MHEV_filtrar_BEV_PHEV_para_comparabilidade
2024,10,MHEV,966,2026-10-01T17:15:05.040196+00:00,https://abve.org.br/abve-data/bi-geral/,2024-10-01,medida_publica_ABVE_metodologia_painel_nao_frota,82ed18c520a926c0edc831ef8c4ca4e3b8023b08eff9ccd3aee37caf6907ee47,inclui_MHEV_filtrar_BEV_PHEV_para_comparabilidade
2024,10,PHEV,5961,2026-10-01T17:15:05.040196+00:00,https://abve.org.br/abve-data/bi-geral/,2024-10-01,medida_publica_ABVE_metodologia_painel_nao_frota,bc8590a3da485ff624bb97131537917110d4800270b711e0134d9014d7ac3b77,inclui_MHEV_filtrar_BEV_PHEV_para_comparabilidade
2024,11,BEV,5417,2026-10-01T17:15:05.040196+00:00,https://abve.org.br/abve-data/bi-geral/,2024-11-01,medida_publica_ABVE_metodologia_painel_nao_frota,cb94805696118a4957fc072754881c297c66e553c6076084b9a409d79f34e24b,inclui_MHEV_filtrar_BEV_PHEV_para_comparabilidade
2024,11,HEV,1330,2026-10-01T17:15:05.040196+00:00,https://abve.org.br/abve-data/bi-geral/,2024-11-01,medida_publica_ABVE_metodologia_painel_nao_frota,a5c6f0b2260127a23a3b428b05f744d7bf195eedfa8eec18adfe80dd7be68104,inclui_MHEV_filtrar_BEV_PHEV_para_comparabilidade
2024,11,HEV FLEX,1556,2026-10-01T17:15:05.040196+00:00,https://abve.org.br/abve-data/bi-geral/,2024-11-01,medida_publica_ABVE_metodologia_painel_nao_frota,01cf1925e29a2f60865d019a68e47763ea0b5aba98fd82dc6c9c37dbc26f5999,inclui_MHEV_filtrar_BEV_PHEV_para_comparabilidade
2024,11,MHEV,1918,2026-10-01T17:15:05.040196+00:00,https://abve.org.br/abve-data/bi-geral/,2024-11-01,medida_publica_ABVE_metodologia_painel_nao_frota,7ca2f82e791c4065580b059612fad0319ef120e4589722e2ac89d1856483ac10,inclui_MHEV_filtrar_BEV_PHEV_para_comparabilidade
2024,11,PHEV,6922,2026-10-01T17:15:05.040196+00:00,https://abve.org.br/abve-data/bi-geral/,2024-11-01,medida_publica_ABVE_metodologia_painel_nao_frota,a9c1cc2f77d87323e6cb8e416f0a6c9bb92d7d9aadafb70d18aec56145cdbfed,inclui_MHEV_filtrar_BEV_PHEV_para_comparabilidade
2024,12,BEV,4368,2026-10-01T17:15:05.040196+00:00,https://abve.org.br/abve-data/bi-geral/,2024-12-01,medida_publica_ABVE_metodologia_painel_nao_frota,fe565b1282ae0ef6cf1e2861783c5cf83206a7b370eb85a71ba189f884be33b7,inclui_MHEV_filtrar_BEV_PHEV_para_comparabilidade
2024,12,HEV,1621,2026-10-01T17:15:05.040196+00:00,https://abve.org.br/abve-data/bi-geral/,2024-12-01,medida_publica_ABVE_metodologia_painel_nao_frota,9242d4a5285b3bdb589dd362271e7b1d69c1dae69615fd60db1506659812400b,inclui_MHEV_filtrar_BEV_PHEV_para_comparabilidade
2024,12,HEV FLEX,1426,2026-10-01T17:15:05.040196+00:00,https://abve.org.br/abve-data/bi-geral/,2024-12-01,medida_publica_ABVE_metodologia_painel_nao_frota,4eb72c7527ab2b1d1b890e70b68ac6e7f7338d17eb4b73f3f28cd9238bb822bc,inclui_MHEV_filtrar_BEV_PHEV_para_comparabilidade
2024,12,MHEV,3697,2026-10-01T17:15:05.040196+00:00,https://abve.org.br/abve-data/bi-geral/,2024-12-01,medida_publica_ABVE_metodologia_painel_nao_frota,e4f86e8940b54aeb7e9c66971389dc6b72e6d8c9256f94c78c659d77237e6963,inclui_MHEV_filtrar_BEV_PHEV_para_comparabilidade
2024,12,PHEV,10521,2026-10-01T17:15:05.040196+00:00,https://abve.org.br/abve-data/bi-geral/,2024-12-01,medida_publica_ABVE_metodologia_painel_nao_frota,a4495b941154c170d7f7f451461bf15c72b42659bc41d399f909531aa730fe41,inclui_MHEV_filtrar_BEV_PHEV_para_comparabilidade
2025,1,BEV,3700,2026-10-01T17:15:05.040196+00:00,https://abve.org.br/abve-data/bi-geral/,2025-01-01,medida_publica_ABVE_metodologia_painel_nao_frota,8fe5a092366bed85d4f91310e82769c6764ba36c8b2907079b9fa51039b4a484,inclui_MHEV_filtrar_BEV_PHEV_para_comparabilidade
2025,1,HEV,1541,2026-10-01T17:15:05.040196+00:00,https://abve.org.br/abve-data/bi-geral/,2025-01-01,medida_publica_ABVE_metodologia_painel_nao_frota,403206eab445b677e3a22f5e3f530ee6c59d30ec7c926768cfc2e4613b905541,inclui_MHEV_filtrar_BEV_PHEV_para_comparabilidade
2025,1,HEV FLEX,610,2026-10-01T17:15:05.040196+00:00,https://abve.org.br/abve-data/bi-geral/,2025-01-01,medida_publica_ABVE_metodologia_painel_nao_frota,573958a8e09d31eb488988b29c68eebe1cf0e1c4ef844913a3760b5c5b142494,inclui_MHEV_filtrar_BEV_PHEV_para_comparabilidade
2025,1,MHEV 12V,2883,2026-10-01T17:15:05.040196+00:00,https://abve.org.br/abve-data/bi-geral/,2025-01-01,medida_publica_ABVE_metodologia_painel_nao_frota,52dace4b8435619d466dd826cbb3164df29b39057a04cbcf830d3b705c53d815,inclui_MHEV_filtrar_BEV_PHEV_para_comparabilidade
2025,1,MHEV 48V,1063,2026-10-01T17:15:05.040196+00:00,https://abve.org.br/abve-data/bi-geral/,2025-01-01,medida_publica_ABVE_metodologia_painel_nao_frota,5914c0496baefed7c6a7288385e7a663535fd9fa3c67e1770dc5bc8b2a0ba1b8,inclui_MHEV_filtrar_BEV_PHEV_para_comparabilidade
2025,1,PHEV,6705,2026-10-01T17:15:05.040196+00:00,https://abve.org.br/abve-data/bi-geral/,2025-01-01,medida_publica_ABVE_metodologia_painel_nao_frota,cd17b8f5ac95a438e98be6c661ae35caf02f91ea5a86dfbb6f307eaabb56a14c,inclui_MHEV_filtrar_BEV_PHEV_para_comparabilidade
2025,2,BEV,4492,2026-10-01T17:15:05.040196+00:00,https://abve.org.br/abve-data/bi-geral/,2025-02-01,medida_publica_ABVE_metodologia_painel_nao_frota,62af9b8d0003af4937a5f5428f3fe1571e5d6d704eb295c810b2320b663b10dc,inclui_MHEV_filtrar_BEV_PHEV_para_comparabilidade
2025,2,HEV,1148,2026-10-01T17:15:05.040196+00:00,https://abve.org.br/abve-data/bi-geral/,2025-02-01,medida_publica_ABVE_metodologia_painel_nao_frota,996cf94ee15205c5df8e9c7bc867e55a17caa8f281fdd46075d5842630027417,inclui_MHEV_filtrar_BEV_PHEV_para_comparabilidade
2025,2,HEV FLEX,1464,2026-10-01T17:15:05.040196+00:00,https://abve.org.br/abve-data/bi-geral/,2025-02-01,medida_publica_ABVE_metodologia_painel_nao_frota,f24491f4fb46679c3e39d630ad658299df3c5e21c92c5561f5568c71bdd54afc,inclui_MHEV_filtrar_BEV_PHEV_para_comparabilidade
2025,2,MHEV 12V,2122,2026-10-01T17:15:05.040196+00:00,https://abve.org.br/abve-data/bi-geral/,2025-02-01,medida_publica_ABVE_metodologia_painel_nao_frota,ad9f3cd519f57745b1a3e8677691a380f5d78f1cf3d6037610a09da63183b1c2,inclui_MHEV_filtrar_BEV_PHEV_para_comparabilidade
2025,2,MHEV 48V,1127,2026-10-01T17:15:05.040196+00:00,https://abve.org.br/abve-data/bi-geral/,2025-02-01,medida_publica_ABVE_metodologia_painel_nao_frota,eb7cbbdb9a551a087da85974a576fd5948d25a26db4084be2022d88bd246b462,inclui_MHEV_filtrar_BEV_PHEV_para_comparabilidade
2025,2,PHEV,5884,2026-10-01T17:15:05.040196+00:00,https://abve.org.br/abve-data/bi-geral/,2025-02-01,medida_publica_ABVE_metodologia_painel_nao_frota,78d6f19acad9e980490acac504e9a09c42d5ce120bc439e0e8c16477d99c4847,inclui_MHEV_filtrar_BEV_PHEV_para_comparabilidade
2025,3,BEV,4801,2026-10-01T17:15:05.040196+00:00,https://abve.org.br/abve-data/bi-geral/,2025-03-01,medida_publica_ABVE_metodologia_painel_nao_frota,c4b59770fe5b07ecf5fd6985d0af8d68a02f8eb12d23ceca8aa3a8f3e360ba25,inclui_MHEV_filtrar_BEV_PHEV_para_comparabilidade
2025,3,HEV,979,2026-10-01T17:15:05.040196+00:00,https://abve.org.br/abve-data/bi-geral/,2025-03-01,medida_publica_ABVE_metodologia_painel_nao_frota,ed79d5e82797d995ec1f5dda1764973a5e6adb94714cd269a1481667a443d5b3,inclui_MHEV_filtrar_BEV_PHEV_para_comparabilidade
2025,3,HEV FLEX,1656,2026-10-01T17:15:05.040196+00:00,https://abve.org.br/abve-data/bi-geral/,2025-03-01,medida_publica_ABVE_metodologia_painel_nao_frota,754fbd3694c263dd40ab4033ebad7903c2264b39a36594941c9061998d5348d5,inclui_MHEV_filtrar_BEV_PHEV_para_comparabilidade
2025,3,MHEV 12V,2395,2026-10-01T17:15:05.040196+00:00,https://abve.org.br/abve-data/bi-geral/,2025-03-01,medida_publica_ABVE_metodologia_painel_nao_frota,3d294b4a323f15b219a26d59c6da51304aab6607f1172ba830c3d1a6ee954470,inclui_MHEV_filtrar_BEV_PHEV_para_comparabilidade
2025,3,MHEV 48V,1134,2026-10-01T17:15:05.040196+00:00,https://abve.org.br/abve-data/bi-geral/,2025-03-01,medida_publica_ABVE_metodologia_painel_nao_frota,e2e2b338eab8083c1084662524ad94c62c946183a38d1f8761eb4ba12d14e957,inclui_MHEV_filtrar_BEV_PHEV_para_comparabilidade
2025,3,PHEV,6944,2026-10-01T17:15:05.040196+00:00,https://abve.org.br/abve-data/bi-geral/,2025-03-01,medida_publica_ABVE_metodologia_painel_nao_frota,62b59341b70bb00e29a82fac0e9ffd380a18f6a7b3895de820b7af1bae347235,inclui_MHEV_filtrar_BEV_PHEV_para_comparabilidade
2025,4,BEV,4702,2026-10-01T17:15:05.040196+00:00,https://abve.org.br/abve-data/bi-geral/,2025-04-01,medida_publica_ABVE_metodologia_painel_nao_frota,6ba019b7cde3c3537bc63b1f6f0b4048d61e6ff13e2b20a1b15e4a2622f1ac26,inclui_MHEV_filtrar_BEV_PHEV_para_comparabilidade
2025,4,HEV,830,2026-10-01T17:15:05.040196+00:00,https://abve.org.br/abve-data/bi-geral/,2025-04-01,medida_publica_ABVE_metodologia_painel_nao_frota,4fe5a05f992f74bbb49a8ac21e22c7728dd281f80d8f56451996ffce31325efc,inclui_MHEV_filtrar_BEV_PHEV_para_comparabilidade
2025,4,HEV FLEX,1314,2026-10-01T17:15:05.040196+00:00,https://abve.org.br/abve-data/bi-geral/,2025-04-01,medida_publica_ABVE_metodologia_painel_nao_frota,4b64743ccfc11d07be67933161bc2cab1d3722d65a07239bcf10fa98f02fb62b,inclui_MHEV_filtrar_BEV_PHEV_para_comparabilidade
2025,4,MHEV 12V,3933,2026-10-01T17:15:05.040196+00:00,https://abve.org.br/abve-data/bi-geral/,2025-04-01,medida_publica_ABVE_metodologia_painel_nao_frota,b63ff2a3b33fa6aaa910462a24fd88df9baa6ecf731f328270091fb05b6f556c,inclui_MHEV_filtrar_BEV_PHEV_para_comparabilidade
2025,4,MHEV 48V,1131,2026-10-01T17:15:05.040196+00:00,https://abve.org.br/abve-data/bi-geral/,2025-04-01,medida_publica_ABVE_metodologia_painel_nao_frota,939967abb5da2ab406ee83ee05291e7429ee1d1f4e585851f979fa95eb7cbb27,inclui_MHEV_filtrar_BEV_PHEV_para_comparabilidade
2025,4,PHEV,7913,2026-10-01T17:15:05.040196+00:00,https://abve.org.br/abve-data/bi-geral/,2025-04-01,medida_publica_ABVE_metodologia_painel_nao_frota,bd72bf0426ac777472e46eb828deac15faf78a6f08e28702b4f20336fbc3e875,inclui_MHEV_filtrar_BEV_PHEV_para_comparabilidade
2025,5,BEV,6969,2026-10-01T17:15:05.040196+00:00,https://abve.org.br/abve-data/bi-geral/,2025-05-01,medida_publica_ABVE_metodologia_painel_nao_frota,b1cffe51918b397118a4d922ab8fb0743e30512e18e9f8106cd8d890f3ab498b,inclui_MHEV_filtrar_BEV_PHEV_para_comparabilidade
2025,5,HEV,1129,2026-10-01T17:15:05.040196+00:00,https://abve.org.br/abve-data/bi-geral/,2025-05-01,medida_publica_ABVE_metodologia_painel_nao_frota,dc56f70b41e970ae143228b1ba9dd990da2ddad9a0ca5081ab9d4a9b968fe80f,inclui_MHEV_filtrar_BEV_PHEV_para_comparabilidade
2025,5,HEV FLEX,962,2026-10-01T17:15:05.040196+00:00,https://abve.org.br/abve-data/bi-geral/,2025-05-01,medida_publica_ABVE_metodologia_painel_nao_frota,8eabd47329f1f0979cfe9957ed75339c6d0f401d0bf55ec4764aa31d4c41281d,inclui_MHEV_filtrar_BEV_PHEV_para_comparabilidade
2025,5,MHEV 12V,4299,2026-10-01T17:15:05.040196+00:00,https://abve.org.br/abve-data/bi-geral/,2025-05-01,medida_publica_ABVE_metodologia_painel_nao_frota,20462721880a3ef475d33670b942b995cfcd41bed73da4e9133b24af8ed3fef7,inclui_MHEV_filtrar_BEV_PHEV_para_comparabilidade
2025,5,MHEV 48V,1339,2026-10-01T17:15:05.040196+00:00,https://abve.org.br/abve-data/bi-geral/,2025-05-01,medida_publica_ABVE_metodologia_painel_nao_frota,60cb1acec61f962ccf1b1f464263d6766c6ed52af35c6f1a58d43c09ac3abe1b,inclui_MHEV_filtrar_BEV_PHEV_para_comparabilidade
2025,5,PHEV,7581,2026-10-01T17:15:05.040196+00:00,https://abve.org.br/abve-data/bi-geral/,2025-05-01,medida_publica_ABVE_metodologia_painel_nao_frota,de78577889796b9a4196059b852fa834336eaff058b9d44dcdb75c7d1da441cf,inclui_MHEV_filtrar_BEV_PHEV_para_comparabilidade
2025,6,BEV,5918,2026-10-01T17:15:05.040196+00:00,https://abve.org.br/abve-data/bi-geral/,2025-06-01,medida_publica_ABVE_metodologia_painel_nao_frota,13d52421c3bd418d3981623071726ebc216160503a1569bcd77bd4a4855c27b2,inclui_MHEV_filtrar_BEV_PHEV_para_comparabilidade
2025,6,HEV,1378,2026-10-01T17:15:05.040196+00:00,https://abve.org.br/abve-data/bi-geral/,2025-06-01,medida_publica_ABVE_metodologia_painel_nao_frota,8dc71749c9554acf8cd96cad5008b6927c211d7efd2d2c74e7fe711d896fa7db,inclui_MHEV_filtrar_BEV_PHEV_para_comparabilidade
2025,6,HEV FLEX,882,2026-10-01T17:15:05.040196+00:00,https://abve.org.br/abve-data/bi-geral/,2025-06-01,medida_publica_ABVE_metodologia_painel_nao_frota,473b49907426e37b19fc0568de154e098ae4fce8751877280dd678dca3facc31,inclui_MHEV_filtrar_BEV_PHEV_para_comparabilidade
2025,6,MHEV 12V,4348,2026-10-01T17:15:05.040196+00:00,https://abve.org.br/abve-data/bi-geral/,2025-06-01,medida_publica_ABVE_metodologia_painel_nao_frota,765a4595cd8813e204787d33c35b6efcaf39b7e42f1393d123dcabc66347eb16,inclui_MHEV_filtrar_BEV_PHEV_para_comparabilidade
2025,6,MHEV 48V,1460,2026-10-01T17:15:05.040196+00:00,https://abve.org.br/abve-data/bi-geral/,2025-06-01,medida_publica_ABVE_metodologia_painel_nao_frota,52a2d2618e47a3bc95cb67ff5eda1efed578b7103026c1b1cb2319ad766a472d,inclui_MHEV_filtrar_BEV_PHEV_para_comparabilidade
2025,6,PHEV,7347,2026-10-01T17:15:05.040196+00:00,https://abve.org.br/abve-data/bi-geral/,2025-06-01,medida_publica_ABVE_metodologia_painel_nao_frota,4b881f21cf597a7bb4d131b93ced4569f4e4f82dba61b1821f03e6c41315abd5,inclui_MHEV_filtrar_BEV_PHEV_para_comparabilidade
2025,7,BEV,7010,2026-10-01T17:15:05.040196+00:00,https://abve.org.br/abve-data/bi-geral/,2025-07-01,medida_publica_ABVE_metodologia_painel_nao_frota,b5e6a961c8b153377782c2419a52e671bc68eda84af3a9a63d25f4aed8db4417,inclui_MHEV_filtrar_BEV_PHEV_para_comparabilidade
2025,7,HEV,2336,2026-10-01T17:15:05.040196+00:00,https://abve.org.br/abve-data/bi-geral/,2025-07-01,medida_publica_ABVE_metodologia_painel_nao_frota,19af9b4b6889e5b09cc7259638b574b98c81ed25d5d379ff0185f522a2777cb9,inclui_MHEV_filtrar_BEV_PHEV_para_comparabilidade
2025,7,HEV FLEX,1026,2026-10-01T17:15:05.040196+00:00,https://abve.org.br/abve-data/bi-geral/,2025-07-01,medida_publica_ABVE_metodologia_painel_nao_frota,f6b4276858f11389454d8a948bb0a8e687dd63711554020b171f328023baabd1,inclui_MHEV_filtrar_BEV_PHEV_para_comparabilidade
2025,7,MHEV 12V,4690,2026-10-01T17:15:05.040196+00:00,https://abve.org.br/abve-data/bi-geral/,2025-07-01,medida_publica_ABVE_metodologia_painel_nao_frota,f0277d00357894542e3bd3d77e1ae963340beacae093f947b90451d942baf7de,inclui_MHEV_filtrar_BEV_PHEV_para_comparabilidade
2025,7,MHEV 48V,1439,2026-10-01T17:15:05.040196+00:00,https://abve.org.br/abve-data/bi-geral/,2025-07-01,medida_publica_ABVE_metodologia_painel_nao_frota,4347fce006d14e16c15b2ba4d0419343029de1fd928aebe473628da21fa83df5,inclui_MHEV_filtrar_BEV_PHEV_para_comparabilidade
2025,7,PHEV,8644,2026-10-01T17:15:05.040196+00:00,https://abve.org.br/abve-data/bi-geral/,2025-07-01,medida_publica_ABVE_metodologia_painel_nao_frota,75c12a5f6e622ba64ad43dc3bc08bd2dfdf51aeebba599000a56f41d1024fef4,inclui_MHEV_filtrar_BEV_PHEV_para_comparabilidade
2025,8,BEV,7624,2026-10-01T17:15:05.040196+00:00,https://abve.org.br/abve-data/bi-geral/,2025-08-01,medida_publica_ABVE_metodologia_painel_nao_frota,827d8811646c523e107ec3bb2cd4f08b038fd47c67bf3146c8ed33ee14fef82d,inclui_MHEV_filtrar_BEV_PHEV_para_comparabilidade
2025,8,HEV,2280,2026-10-01T17:15:05.040196+00:00,https://abve.org.br/abve-data/bi-geral/,2025-08-01,medida_publica_ABVE_metodologia_painel_nao_frota,ecbe4e51def9ff3b1dd93ee4bf7bb4c2c9d432e364cf4bda185e47801fef17ec,inclui_MHEV_filtrar_BEV_PHEV_para_comparabilidade
2025,8,HEV FLEX,2245,2026-10-01T17:15:05.040196+00:00,https://abve.org.br/abve-data/bi-geral/,2025-08-01,medida_publica_ABVE_metodologia_painel_nao_frota,f17bec816bfc5de887caa3f1182b1d4611fcf27e3491c9dad915a1b3646a0d8e,inclui_MHEV_filtrar_BEV_PHEV_para_comparabilidade
2025,8,MHEV 12V,3603,2026-10-01T17:15:05.040196+00:00,https://abve.org.br/abve-data/bi-geral/,2025-08-01,medida_publica_ABVE_metodologia_painel_nao_frota,38f904f303e9c1137354f40bc07ac7d474f4972c3bcb6d33f5d053d706379b03,inclui_MHEV_filtrar_BEV_PHEV_para_comparabilidade
2025,8,MHEV 48V,1488,2026-10-01T17:15:05.040196+00:00,https://abve.org.br/abve-data/bi-geral/,2025-08-01,medida_publica_ABVE_metodologia_painel_nao_frota,ef7e8b568c0e9fdbda5b7e40d631d89b507b42bfb8d11d1df9c7776b8a930228,inclui_MHEV_filtrar_BEV_PHEV_para_comparabilidade
2025,8,PHEV,8057,2026-10-01T17:15:05.040196+00:00,https://abve.org.br/abve-data/bi-geral/,2025-08-01,medida_publica_ABVE_metodologia_painel_nao_frota,90a8e267206f7aeb32704d44370c4b97db90a693f540faba8b625856ab4b20f3,inclui_MHEV_filtrar_BEV_PHEV_para_comparabilidade
2025,9,BEV,8169,2026-10-01T17:15:05.040196+00:00,https://abve.org.br/abve-data/bi-geral/,2025-09-01,medida_publica_ABVE_metodologia_painel_nao_frota,25002ed712e79312c666ec5e91f79a7ca993642f1b66ff6d7c818d77a7e3511b,inclui_MHEV_filtrar_BEV_PHEV_para_comparabilidade
2025,9,HEV,2112,2026-10-01T17:15:05.040196+00:00,https://abve.org.br/abve-data/bi-geral/,2025-09-01,medida_publica_ABVE_metodologia_painel_nao_frota,58b846ec7848743dfb778d61cd3d8703af608c3b95b9aebd482c7b41af9f9021,inclui_MHEV_filtrar_BEV_PHEV_para_comparabilidade
2025,9,HEV FLEX,2867,2026-10-01T17:15:05.040196+00:00,https://abve.org.br/abve-data/bi-geral/,2025-09-01,medida_publica_ABVE_metodologia_painel_nao_frota,4e98d3821a639467840fa86b3eab6cf85d3a0e27e1720679632155fcf1ecfb71,inclui_MHEV_filtrar_BEV_PHEV_para_comparabilidade
2025,9,MHEV 12V,4341,2026-10-01T17:15:05.040196+00:00,https://abve.org.br/abve-data/bi-geral/,2025-09-01,medida_publica_ABVE_metodologia_painel_nao_frota,71fefc5de03df0f84c484d915253562fc8993970942b4a9c21bed2becc9fadeb,inclui_MHEV_filtrar_BEV_PHEV_para_comparabilidade
2025,9,MHEV 48V,1436,2026-10-01T17:15:05.040196+00:00,https://abve.org.br/abve-data/bi-geral/,2025-09-01,medida_publica_ABVE_metodologia_painel_nao_frota,1d6478ce1c94d18d4db459dae95761dbeda27624f6609a54f147f1af30ebc9da,inclui_MHEV_filtrar_BEV_PHEV_para_comparabilidade
2025,9,PHEV,8194,2026-10-01T17:15:05.040196+00:00,https://abve.org.br/abve-data/bi-geral/,2025-09-01,medida_publica_ABVE_metodologia_painel_nao_frota,c624403385575a22f1e150598eb0b1a6d11d42c364351e0b2fc54ca57631c734,inclui_MHEV_filtrar_BEV_PHEV_para_comparabilidade
2025,10,BEV,7986,2026-10-01T17:15:05.040196+00:00,https://abve.org.br/abve-data/bi-geral/,2025-10-01,medida_publica_ABVE_metodologia_painel_nao_frota,d78517dbaf5af08e5efe210b6d2b8b3bde91662c823754276f91ccb798c728b1,inclui_MHEV_filtrar_BEV_PHEV_para_comparabilidade
2025,10,HEV,2166,2026-10-01T17:15:05.040196+00:00,https://abve.org.br/abve-data/bi-geral/,2025-10-01,medida_publica_ABVE_metodologia_painel_nao_frota,19bff2cf72cbb8480cf187ca21209227f11c2ab2b9722c9bf2a35679b202c257,inclui_MHEV_filtrar_BEV_PHEV_para_comparabilidade
2025,10,HEV FLEX,1759,2026-10-01T17:15:05.040196+00:00,https://abve.org.br/abve-data/bi-geral/,2025-10-01,medida_publica_ABVE_metodologia_painel_nao_frota,72fc057a136d4082b6e210b68cdbe13025f6a4f75e0029647df3550eec754537,inclui_MHEV_filtrar_BEV_PHEV_para_comparabilidade
2025,10,MHEV 12V,4433,2026-10-01T17:15:05.040196+00:00,https://abve.org.br/abve-data/bi-geral/,2025-10-01,medida_publica_ABVE_metodologia_painel_nao_frota,73aa8b2be583d77c9a63e6fda76dbf45e09501c294d447c06fe66670ab26b894,inclui_MHEV_filtrar_BEV_PHEV_para_comparabilidade
2025,10,MHEV 48V,1948,2026-10-01T17:15:05.040196+00:00,https://abve.org.br/abve-data/bi-geral/,2025-10-01,medida_publica_ABVE_metodologia_painel_nao_frota,f97060a6380601d9ace58710e1d488865dc34058469302ce0b3ea8d6fddd5e2a,inclui_MHEV_filtrar_BEV_PHEV_para_comparabilidade
2025,10,PHEV,9458,2026-10-01T17:15:05.040196+00:00,https://abve.org.br/abve-data/bi-geral/,2025-10-01,medida_publica_ABVE_metodologia_painel_nao_frota,47007a924f7acc24f5157b9dff445d854328c94b7782efd77f013a0ac92f26c0,inclui_MHEV_filtrar_BEV_PHEV_para_comparabilidade
2025,11,BEV,7263,2026-10-01T17:15:05.040196+00:00,https://abve.org.br/abve-data/bi-geral/,2025-11-01,medida_publica_ABVE_metodologia_painel_nao_frota,4cca108f0a7d9a76b6480f23ff118d3cce823cddfb87b371c87d4890123ad015,inclui_MHEV_filtrar_BEV_PHEV_para_comparabilidade
2025,11,HEV,2629,2026-10-01T17:15:05.040196+00:00,https://abve.org.br/abve-data/bi-geral/,2025-11-01,medida_publica_ABVE_metodologia_painel_nao_frota,b470d08f9fff51b29406434f9752190e2e3e4e60a13fee673da674e377ac73d5,inclui_MHEV_filtrar_BEV_PHEV_para_comparabilidade
2025,11,HEV FLEX,1909,2026-10-01T17:15:05.040196+00:00,https://abve.org.br/abve-data/bi-geral/,2025-11-01,medida_publica_ABVE_metodologia_painel_nao_frota,ee021a86b822abe27d665ec2df181b95d2d3138634baac95595dc2f2cefdf4d7,inclui_MHEV_filtrar_BEV_PHEV_para_comparabilidade
2025,11,MHEV 12V,3339,2026-10-01T17:15:05.040196+00:00,https://abve.org.br/abve-data/bi-geral/,2025-11-01,medida_publica_ABVE_metodologia_painel_nao_frota,31474f448a6a8b3fe82f778a6e894f889650a4054ecf4d7082120ef2388a3874,inclui_MHEV_filtrar_BEV_PHEV_para_comparabilidade
2025,11,MHEV 48V,1567,2026-10-01T17:15:05.040196+00:00,https://abve.org.br/abve-data/bi-geral/,2025-11-01,medida_publica_ABVE_metodologia_painel_nao_frota,c6b835de6a29a81548d70b9fa1fb8db8a8f62397415926394c189a759f0c3aef,inclui_MHEV_filtrar_BEV_PHEV_para_comparabilidade
2025,11,PHEV,9408,2026-10-01T17:15:05.040196+00:00,https://abve.org.br/abve-data/bi-geral/,2025-11-01,medida_publica_ABVE_metodologia_painel_nao_frota,4cac0a4241e51c95a9ca34da1c6d26b62a9833deb2d546dd6870017048c17354,inclui_MHEV_filtrar_BEV_PHEV_para_comparabilidade
2025,12,BEV,11550,2026-10-01T17:15:05.040196+00:00,https://abve.org.br/abve-data/bi-geral/,2025-12-01,medida_publica_ABVE_metodologia_painel_nao_frota,15a9db000ca64bf33e5b076fbac13a3d6dcbe2e3753adece7c6b887e9009ed4d,inclui_MHEV_filtrar_BEV_PHEV_para_comparabilidade
2025,12,HEV,3865,2026-10-01T17:15:05.040196+00:00,https://abve.org.br/abve-data/bi-geral/,2025-12-01,medida_publica_ABVE_metodologia_painel_nao_frota,7f21b0147608ded0cd5be2ea250b7ccdcc0fdb7b87318ada7fd78164a2cf3648,inclui_MHEV_filtrar_BEV_PHEV_para_comparabilidade
2025,12,HEV FLEX,4629,2026-10-01T17:15:05.040196+00:00,https://abve.org.br/abve-data/bi-geral/,2025-12-01,medida_publica_ABVE_metodologia_painel_nao_frota,6dc52d393dd81f9dba6eff82024f0f3f1d3928202fcdb6de1c1b115d519b0ab1,inclui_MHEV_filtrar_BEV_PHEV_para_comparabilidade
2025,12,MHEV 12V,4089,2026-10-01T17:15:05.040196+00:00,https://abve.org.br/abve-data/bi-geral/,2025-12-01,medida_publica_ABVE_metodologia_painel_nao_frota,f111d5602de5222bd56f805be3ff7e07a413b67ffb3cf2de6fd435e58eacc51e,inclui_MHEV_filtrar_BEV_PHEV_para_comparabilidade
2025,12,MHEV 48V,1749,2026-10-01T17:15:05.040196+00:00,https://abve.org.br/abve-data/bi-geral/,2025-12-01,medida_publica_ABVE_metodologia_painel_nao_frota,893f7f06edf517c4e31cc80be5273e0a45bb127a671b416c960e7c079120eff9,inclui_MHEV_filtrar_BEV_PHEV_para_comparabilidade
2025,12,PHEV,13861,2026-10-01T17:15:05.040196+00:00,https://abve.org.br/abve-data/bi-geral/,2025-12-01,medida_publica_ABVE_metodologia_painel_nao_frota,a0ae011bed6fd4b087a7a4431185b6a591e55fb58a5d84cd1abca7483208a33a,inclui_MHEV_filtrar_BEV_PHEV_para_comparabilidade
2026,1,BEV,8250,2026-10-01T17:15:05.040196+00:00,https://abve.org.br/abve-data/bi-geral/,2026-01-01,medida_publica_ABVE_metodologia_painel_nao_frota,02c128b4408067a07f8348d00d07378eb503dba57d0e6f802e4adf0a81a39095,inclui_MHEV_filtrar_BEV_PHEV_para_comparabilidade
2026,1,HEV,3600,2026-10-01T17:15:05.040196+00:00,https://abve.org.br/abve-data/bi-geral/,2026-01-01,medida_publica_ABVE_metodologia_painel_nao_frota,d12c3fdcfd9e9211991b588399d44dd49849951118f60b1e21c69aedd79862a5,inclui_MHEV_filtrar_BEV_PHEV_para_comparabilidade
2026,1,HEV FLEX,3457,2026-10-01T17:15:05.040196+00:00,https://abve.org.br/abve-data/bi-geral/,2026-01-01,medida_publica_ABVE_metodologia_painel_nao_frota,658c16e794557176476a7cff38fb0d2edd64f1e2bb435c277c34d0d178317bca,inclui_MHEV_filtrar_BEV_PHEV_para_comparabilidade
2026,1,MHEV 12V,2554,2026-10-01T17:15:05.040196+00:00,https://abve.org.br/abve-data/bi-geral/,2026-01-01,medida_publica_ABVE_metodologia_painel_nao_frota,addac479b325bf62c5f67f9b98b333ba47e676c2df00bd089d331425d7a0c968,inclui_MHEV_filtrar_BEV_PHEV_para_comparabilidade
2026,1,MHEV 48V,1131,2026-10-01T17:15:05.040196+00:00,https://abve.org.br/abve-data/bi-geral/,2026-01-01,medida_publica_ABVE_metodologia_painel_nao_frota,a3a6a3c9a2899ce9e28f45c6386a22677fff893e44205ee7fc6df577364516bb,inclui_MHEV_filtrar_BEV_PHEV_para_comparabilidade
2026,1,PHEV,8399,2026-10-01T17:15:05.040196+00:00,https://abve.org.br/abve-data/bi-geral/,2026-01-01,medida_publica_ABVE_metodologia_painel_nao_frota,2ec3e73648417c751b09ce3e073ee1b2272bce73419ba1bac0ad305d3e27926b,inclui_MHEV_filtrar_BEV_PHEV_para_comparabilidade
2026,2,BEV,8703,2026-10-01T17:15:05.040196+00:00,https://abve.org.br/abve-data/bi-geral/,2026-02-01,medida_publica_ABVE_metodologia_painel_nao_frota,2f49cdcdd19f04feb108348e52efa9497545b79e8014158f657aa61cb8d8156d,inclui_MHEV_filtrar_BEV_PHEV_para_comparabilidade
2026,2,HEV,3829,2026-10-01T17:15:05.040196+00:00,https://abve.org.br/abve-data/bi-geral/,2026-02-01,medida_publica_ABVE_metodologia_painel_nao_frota,224fb6972f98401b10e6d4d31d793b8223f53f21b7dff0c974fde61b76659f42,inclui_MHEV_filtrar_BEV_PHEV_para_comparabilidade
2026,2,HEV FLEX,3960,2026-10-01T17:15:05.040196+00:00,https://abve.org.br/abve-data/bi-geral/,2026-02-01,medida_publica_ABVE_metodologia_painel_nao_frota,592c28e0d9129b99879fc054da7cfb0e021e7285f149f30085b97e267e40f79c,inclui_MHEV_filtrar_BEV_PHEV_para_comparabilidade
2026,2,MHEV 12V,2134,2026-10-01T17:15:05.040196+00:00,https://abve.org.br/abve-data/bi-geral/,2026-02-01,medida_publica_ABVE_metodologia_painel_nao_frota,64dbcb521690988dc3127aab0396bdb67bdb3b678147e579381cc9621221e747,inclui_MHEV_filtrar_BEV_PHEV_para_comparabilidade
2026,2,MHEV 48V,1067,2026-10-01T17:15:05.040196+00:00,https://abve.org.br/abve-data/bi-geral/,2026-02-01,medida_publica_ABVE_metodologia_painel_nao_frota,cc7a159e9c19e823483eb70e2a3c452c83d42d86bb58ea7572da322f87adcc1c,inclui_MHEV_filtrar_BEV_PHEV_para_comparabilidade
2026,2,PHEV,8393,2026-10-01T17:15:05.040196+00:00,https://abve.org.br/abve-data/bi-geral/,2026-02-01,medida_publica_ABVE_metodologia_painel_nao_frota,98146fa2dd380ff822819243ec9c3cfcdee5d5e0d11a3bbcdcf14a30bcf575f6,inclui_MHEV_filtrar_BEV_PHEV_para_comparabilidade
2026,3,BEV,14073,2026-10-01T17:15:05.040196+00:00,https://abve.org.br/abve-data/bi-geral/,2026-03-01,medida_publica_ABVE_metodologia_painel_nao_frota,7bd7495b6d54d1d647df124facfea91ac3e16fdc93d85b855652d59ed2e2f33c,inclui_MHEV_filtrar_BEV_PHEV_para_comparabilidade
2026,3,HEV,3992,2026-10-01T17:15:05.040196+00:00,https://abve.org.br/abve-data/bi-geral/,2026-03-01,medida_publica_ABVE_metodologia_painel_nao_frota,0f1326bc1a2f69be7364a3037971471ffe7cfc14f959aed6036e38da13c0fac3,inclui_MHEV_filtrar_BEV_PHEV_para_comparabilidade
2026,3,HEV FLEX,4924,2026-10-01T17:15:05.040196+00:00,https://abve.org.br/abve-data/bi-geral/,2026-03-01,medida_publica_ABVE_metodologia_painel_nao_frota,1497821e024d18c56f66f00360bb2923255209f0f908cac8835324c9b67a97e8,inclui_MHEV_filtrar_BEV_PHEV_para_comparabilidade
2026,3,MHEV 12V,3016,2026-10-01T17:15:05.040196+00:00,https://abve.org.br/abve-data/bi-geral/,2026-03-01,medida_publica_ABVE_metodologia_painel_nao_frota,6d5cd28911a4809464931377796e4a013d86900b227649a61797247de4aac8b0,inclui_MHEV_filtrar_BEV_PHEV_para_comparabilidade
2026,3,MHEV 48V,1584,2026-10-01T17:15:05.040196+00:00,https://abve.org.br/abve-data/bi-geral/,2026-03-01,medida_publica_ABVE_metodologia_painel_nao_frota,cbd353eb6245ec14630285a194d82cc1cc520a6a1e5f9326744f17c9edce5205,inclui_MHEV_filtrar_BEV_PHEV_para_comparabilidade
2026,3,PHEV,12367,2026-10-01T17:15:05.040196+00:00,https://abve.org.br/abve-data/bi-geral/,2026-03-01,medida_publica_ABVE_metodologia_painel_nao_frota,b92fc6fcf986db1fb06ad277ec4442c57202044ed87f872f258eec56e9f846e0,inclui_MHEV_filtrar_BEV_PHEV_para_comparabilidade
2026,4,BEV,17488,2026-10-01T17:15:05.040196+00:00,https://abve.org.br/abve-data/bi-geral/,2026-04-01,medida_publica_ABVE_metodologia_painel_nao_frota,cc7f4505f272d18c84594e4c280f6500fb32de6b62d003d81db7f827d6f9fa7a,inclui_MHEV_filtrar_BEV_PHEV_para_comparabilidade
2026,4,HEV,3718,2026-10-01T17:15:05.040196+00:00,https://abve.org.br/abve-data/bi-geral/,2026-04-01,medida_publica_ABVE_metodologia_painel_nao_frota,19ad4026f495fd6200d969a09fe1208980da6deefb15b18ba281628a034792c3,inclui_MHEV_filtrar_BEV_PHEV_para_comparabilidade
2026,4,HEV FLEX,4096,2026-10-01T17:15:05.040196+00:00,https://abve.org.br/abve-data/bi-geral/,2026-04-01,medida_publica_ABVE_metodologia_painel_nao_frota,b83bd1f17651cc61c9e19ebac87452c6994a47cea3564941c1f7336320b3b95c,inclui_MHEV_filtrar_BEV_PHEV_para_comparabilidade
2026,4,MHEV 12V,2560,2026-10-01T17:15:05.040196+00:00,https://abve.org.br/abve-data/bi-geral/,2026-04-01,medida_publica_ABVE_metodologia_painel_nao_frota,bbe5f209b5177ff3774bc0bf332f08c304399ac78889f7fb078bfa4d1171e176,inclui_MHEV_filtrar_BEV_PHEV_para_comparabilidade
2026,4,MHEV 48V,2353,2026-10-01T17:15:05.040196+00:00,https://abve.org.br/abve-data/bi-geral/,2026-04-01,medida_publica_ABVE_metodologia_painel_nao_frota,3ffd08d80b6dad947bebd368e37d32934da8b8396704878ac184d953d1cd1b6f,inclui_MHEV_filtrar_BEV_PHEV_para_comparabilidade
2026,4,PHEV,13214,2026-10-01T17:15:05.040196+00:00,https://abve.org.br/abve-data/bi-geral/,2026-04-01,medida_publica_ABVE_metodologia_painel_nao_frota,5f33b157e237ec19b732c50dec11c6d3690eac4daa515a7a0d58a46d2d2697b0,inclui_MHEV_filtrar_BEV_PHEV_para_comparabilidade
2026,5,BEV,20974,2026-10-01T17:15:05.040196+00:00,https://abve.org.br/abve-data/bi-geral/,2026-05-01,medida_publica_ABVE_metodologia_painel_nao_frota,e20fa64550dffa895a7718028bc24be90214ca2539de00f3d4ad6410fbaac464,inclui_MHEV_filtrar_BEV_PHEV_para_comparabilidade
2026,5,HEV,4273,2026-10-01T17:15:05.040196+00:00,https://abve.org.br/abve-data/bi-geral/,2026-05-01,medida_publica_ABVE_metodologia_painel_nao_frota,b4c37ddd39fe1af233652ac334f84e2df00e0cc212d408ff40ad78df985696db,inclui_MHEV_filtrar_BEV_PHEV_para_comparabilidade
2026,5,HEV FLEX,3913,2026-10-01T17:15:05.040196+00:00,https://abve.org.br/abve-data/bi-geral/,2026-05-01,medida_publica_ABVE_metodologia_painel_nao_frota,fb5cfd1ad372c1c084233c2a4fe086f416b67a548d696cbf5f70f40e8ed4eb0c,inclui_MHEV_filtrar_BEV_PHEV_para_comparabilidade
2026,5,MHEV 12V,2658,2026-10-01T17:15:05.040196+00:00,https://abve.org.br/abve-data/bi-geral/,2026-05-01,medida_publica_ABVE_metodologia_painel_nao_frota,82cb572e791583dd489474d61cf50ba146a0e2ed19f184f6af50d7a4892fc753,inclui_MHEV_filtrar_BEV_PHEV_para_comparabilidade
2026,5,MHEV 48V,3957,2026-10-01T17:15:05.040196+00:00,https://abve.org.br/abve-data/bi-geral/,2026-05-01,medida_publica_ABVE_metodologia_painel_nao_frota,b12ec821ba4ae37c8fb5fe94c1a37a99d446ee492848b39f2101ba7d22c14225,inclui_MHEV_filtrar_BEV_PHEV_para_comparabilidade
2026,5,PHEV,15821,2026-10-01T17:15:05.040196+00:00,https://abve.org.br/abve-data/bi-geral/,2026-05-01,medida_publica_ABVE_metodologia_painel_nao_frota,14c4e71c51aaca9bd941d89e3b4306400e8746fd14b294ce3b55bebc222b8526,inclui_MHEV_filtrar_BEV_PHEV_para_comparabilidade
2026,6,BEV,21138,2026-10-01T17:15:05.040196+00:00,https://abve.org.br/abve-data/bi-geral/,2026-06-01,medida_publica_ABVE_metodologia_painel_nao_frota,be0f218ce6e74f06d40c0377067691fc88b561dfd5d71c550a43992f2e4951ac,inclui_MHEV_filtrar_BEV_PHEV_para_comparabilidade
2026,6,HEV,4507,2026-10-01T17:15:05.040196+00:00,https://abve.org.br/abve-data/bi-geral/,2026-06-01,medida_publica_ABVE_metodologia_painel_nao_frota,53fdec1e1f3f892a9b693dee17606090660d67e445dd046996fd96c97d30835e,inclui_MHEV_filtrar_BEV_PHEV_para_comparabilidade
2026,6,HEV FLEX,3728,2026-10-01T17:15:05.040196+00:00,https://abve.org.br/abve-data/bi-geral/,2026-06-01,medida_publica_ABVE_metodologia_painel_nao_frota,2abba8a527187d7d3211b6fbda8db124020ede46f31372d29a95938c153037ef,inclui_MHEV_filtrar_BEV_PHEV_para_comparabilidade
2026,6,MHEV 12V,1977,2026-10-01T17:15:05.040196+00:00,https://abve.org.br/abve-data/bi-geral/,2026-06-01,medida_publica_ABVE_metodologia_painel_nao_frota,53a7c8c6579a8cc18ef209cd81f64bbae88800be598cfa8ae888ac64635a8eb4,inclui_MHEV_filtrar_BEV_PHEV_para_comparabilidade
2026,6,MHEV 48V,4947,2026-10-01T17:15:05.040196+00:00,https://abve.org.br/abve-data/bi-geral/,2026-06-01,medida_publica_ABVE_metodologia_painel_nao_frota,142c81280948e3669899f8634e1f452af78c70c0b84fe937cbb3b3add275c706,inclui_MHEV_filtrar_BEV_PHEV_para_comparabilidade
2026,6,PHEV,18206,2026-10-01T17:15:05.040196+00:00,https://abve.org.br/abve-data/bi-geral/,2026-06-01,medida_publica_ABVE_metodologia_painel_nao_frota,0e5464a441fd1c22de1f29cf3dd74659162407743b1c2fa1f17fc30e4aebda5e,inclui_MHEV_filtrar_BEV_PHEV_para_comparabilidade
2026,7,BEV,25782,2026-10-01T17:15:05.040196+00:00,https://abve.org.br/abve-data/bi-geral/,2026-07-01,medida_publica_ABVE_metodologia_painel_nao_frota,5b6fa69f941746f3f24f7b15b616779fa34c9cc9de8174966558a2bea3a51e4a,inclui_MHEV_filtrar_BEV_PHEV_para_comparabilidade
2026,7,HEV,4168,2026-10-01T17:15:05.040196+00:00,https://abve.org.br/abve-data/bi-geral/,2026-07-01,medida_publica_ABVE_metodologia_painel_nao_frota,95ba60becaa58ac2dd6d01b9bfcbd394ced004946e712845af92cda7bac3ac78,inclui_MHEV_filtrar_BEV_PHEV_para_comparabilidade
2026,7,HEV FLEX,5624,2026-10-01T17:15:05.040196+00:00,https://abve.org.br/abve-data/bi-geral/,2026-07-01,medida_publica_ABVE_metodologia_painel_nao_frota,8c5cf4c527794043b5b64a0e325d8b233645869ae59e02d80c8a0568351230f4,inclui_MHEV_filtrar_BEV_PHEV_para_comparabilidade
2026,7,MHEV 12V,1987,2026-10-01T17:15:05.040196+00:00,https://abve.org.br/abve-data/bi-geral/,2026-07-01,medida_publica_ABVE_metodologia_painel_nao_frota,907c67abaa6b3f542b9f54f58045f7815b11cd25b69ed328f702d37b7c362292,inclui_MHEV_filtrar_BEV_PHEV_para_comparabilidade
2026,7,MHEV 48V,4229,2026-10-01T17:15:05.040196+00:00,https://abve.org.br/abve-data/bi-geral/,2026-07-01,medida_publica_ABVE_metodologia_painel_nao_frota,ab9c593e217db3e99beca9d657c750496589037838a89384f0b006ece7c4329b,inclui_MHEV_filtrar_BEV_PHEV_para_comparabilidade
2026,7,PHEV,20500,2026-10-01T17:15:05.040196+00:00,https://abve.org.br/abve-data/bi-geral/,2026-07-01,medida_publica_ABVE_metodologia_painel_nao_frota,4d16545919b861727e564e58f8f061d908423c23d2d5c63e8ce1d2a432a7cf9c,inclui_MHEV_filtrar_BEV_PHEV_para_comparabilidade
2026,8,BEV,27166,2026-10-01T17:15:05.040196+00:00,https://abve.org.br/abve-data/bi-geral/,2026-08-01,medida_publica_ABVE_metodologia_painel_nao_frota,f712ff2a11898af6ed5ff9884189789a068282f509a921c3fb3eb49a81289ec9,inclui_MHEV_filtrar_BEV_PHEV_para_comparabilidade
2026,8,HEV,4445,2026-10-01T17:15:05.040196+00:00,https://abve.org.br/abve-data/bi-geral/,2026-08-01,medida_publica_ABVE_metodologia_painel_nao_frota,cc5635717dd9180c68207a7bb81df8dffe0943cdc7e1af306500e1bfa722d397,inclui_MHEV_filtrar_BEV_PHEV_para_comparabilidade
2026,8,HEV FLEX,5240,2026-10-01T17:15:05.040196+00:00,https://abve.org.br/abve-data/bi-geral/,2026-08-01,medida_publica_ABVE_metodologia_painel_nao_frota,d9b74cd164b9c53f50e72e2ba63f48baf7447616922d2cecc7d6586e032f3419,inclui_MHEV_filtrar_BEV_PHEV_para_comparabilidade
2026,8,MHEV 12V,2652,2026-10-01T17:15:05.040196+00:00,https://abve.org.br/abve-data/bi-geral/,2026-08-01,medida_publica_ABVE_metodologia_painel_nao_frota,97ca7623bd327e462b1a95eb15d3c9172a3b5abe63f50b521311262e1c2167f9,inclui_MHEV_filtrar_BEV_PHEV_para_comparabilidade
2026,8,MHEV 48V,4017,2026-10-01T17:15:05.040196+00:00,https://abve.org.br/abve-data/bi-geral/,2026-08-01,medida_publica_ABVE_metodologia_painel_nao_frota,850ca8e99a896e70010750942d8504c11a8af05eba4293885f07b357ca6fa08c,inclui_MHEV_filtrar_BEV_PHEV_para_comparabilidade
2026,8,PHEV,20535,2026-10-01T17:15:05.040196+00:00,https://abve.org.br/abve-data/bi-geral/,2026-08-01,medida_publica_ABVE_metodologia_painel_nao_frota,544e29132d3447c4db6ef35185d7a8287402ca5da3ec682691a09d0056d81188,inclui_MHEV_filtrar_BEV_PHEV_para_comparabilidade
