data_referencia,tecnologia,emplacamentos,emplacamentos_mes,diferenca_painel_menos_serie_anterior
2024-01-01,BEV,4358,4358,0
2024-01-01,PHEV,3910,3910,0
2024-02-01,BEV,3639,3639,0
2024-02-01,PHEV,3594,3594,0
2024-03-01,BEV,6137,6137,0
2024-03-01,PHEV,3128,3128,0
2024-04-01,BEV,6705,6705,0
2024-04-01,PHEV,3735,3735,0
2024-05-01,BEV,5175,5175,0
2024-05-01,PHEV,3882,3882,0
2024-06-01,BEV,5190,5190,0
2024-06-01,PHEV,5047,5047,0
2024-07-01,BEV,4703,4703,0
2024-07-01,PHEV,6660,6659,1
2024-08-01,BEV,5115,5115,0
2024-08-01,PHEV,5781,5781,0
2024-09-01,BEV,4699,4699,0
2024-09-01,PHEV,4869,4869,0
2024-10-01,BEV,6109,6109,0
2024-10-01,PHEV,5961,5961,0
2024-11-01,BEV,5417,5417,0
2024-11-01,PHEV,6922,6922,0
2024-12-01,BEV,4368,4368,0
2024-12-01,PHEV,10521,10521,0
2025-01-01,BEV,3700,3700,0
2025-01-01,PHEV,6705,6705,0
2025-02-01,BEV,4492,4492,0
2025-02-01,PHEV,5884,5884,0
2025-03-01,BEV,4801,4801,0
2025-03-01,PHEV,6944,6944,0
2025-04-01,BEV,4702,4702,0
2025-04-01,PHEV,7913,7913,0
2025-05-01,BEV,6969,6969,0
2025-05-01,PHEV,7581,7581,0
2025-06-01,BEV,5918,5918,0
2025-06-01,PHEV,7347,7347,0
2025-07-01,BEV,7010,7010,0
2025-07-01,PHEV,8644,8644,0
2025-08-01,BEV,7624,7624,0
2025-08-01,PHEV,8057,8057,0
2025-09-01,BEV,8169,8169,0
2025-09-01,PHEV,8194,8194,0
2025-10-01,BEV,7986,7986,0
2025-10-01,PHEV,9458,9458,0
2025-11-01,BEV,7263,7263,0
2025-11-01,PHEV,9408,9408,0
2025-12-01,BEV,11550,11550,0
2025-12-01,PHEV,13861,13861,0
2026-01-01,BEV,8250,8250,0
2026-01-01,PHEV,8399,8399,0
2026-02-01,BEV,8703,8703,0
2026-02-01,PHEV,8393,8393,0
2026-03-01,BEV,14073,14073,0
2026-03-01,PHEV,12367,12367,0
2026-04-01,BEV,17488,17488,0
2026-04-01,PHEV,13214,13214,0
2026-05-01,BEV,20974,20974,0
2026-05-01,PHEV,15821,15821,0
2026-06-01,BEV,21138,21138,0
2026-06-01,PHEV,18206,18206,0
2026-07-01,BEV,25782,25782,0
2026-07-01,PHEV,20500,20500,0
2026-08-01,BEV,27166,27166,0
2026-08-01,PHEV,20535,20535,0
