arquivo,linhas,colunas,celulas_nulas,linhas_duplicadas,valores_numericos_negativos,fontes_preenchidas,periodo_inicio,periodo_fim,sha256,status,observacao
abve_bauru_modelos.csv,1115,13,0,0,0,1115,2022-01-01,2026-10-02,8480d90910abf94925e16e6802326aa077b423905d8d0f5db433e0b20f3996f8,OK,Auditoria estrutural; nulos e negativos podem ser legítimos conforme a fonte e o grão.
abve_plugin_2024_fontes.csv,12,7,0,0,0,12,2024-01-01,2026-09-30,241b094a0fdbb4b911fc77353f19ab87eb6efa6290ffe16adbf00fa9ac196870,OK,Auditoria estrutural; nulos e negativos podem ser legítimos conforme a fonte e o grão.
abve_plugin_mensais.csv,64,10,40,0,0,128,2024-01-01,2026-09-30,66b42f1052047138edc78a7461eae488980b4521786ec7f37044515b8576d39b,OK,Auditoria estrutural; nulos e negativos podem ser legítimos conforme a fonte e o grão.
abve_publico_conciliacao_plugin.csv,64,5,0,0,0,0,2024-01-01,2026-08-01,dcfb7c7bdafd90c47dbc2e75bd1f2edd5c2cc69b6f6ad1b5a85ced9255d47a39,OK,Auditoria estrutural; nulos e negativos podem ser legítimos conforme a fonte e o grão.
abve_publico_modelo_gold.csv,7531,12,0,0,0,7531,2024-01-01,2026-10-01,44d6431272b5979f1cddb40c5708bbdde791bb89e49f6288b7e6bf4fae4a581e,OK,Auditoria estrutural; nulos e negativos podem ser legítimos conforme a fonte e o grão.
abve_publico_municipio_gold.csv,100051,12,11,0,0,100051,2024-01-01,2026-10-01,af2d9d025f2da5c27c65c0da616679add0bc20b6609ff9126b9876c4f059346a,OK,Auditoria estrutural; nulos e negativos podem ser legítimos conforme a fonte e o grão.
abve_publico_tecnologia_gold.csv,180,10,0,0,0,180,2024-01-01,2026-10-01,a684e426dabd617287b761a86e441b0caab0b32369571131cf4356cbeb14c9df,OK,Auditoria estrutural; nulos e negativos podem ser legítimos conforme a fonte e o grão.
backtest_detalhe_previsao_fenabrave.csv,56,13,0,0,52,56,2026-02-01,2026-08-01,0c65427c9312b86f593242be696fc1aca5225f806b4547d10a9ce679b344192d,OK,Auditoria estrutural; nulos e negativos podem ser legítimos conforme a fonte e o grão.
backtest_previsao_fenabrave.csv,8,13,0,0,0,8,,,f970d518abc64e61b34fcba0962293e7c0bef49e75c77e651213ecc8f32465bd,OK,Auditoria estrutural; nulos e negativos podem ser legítimos conforme a fonte e o grão.
bauru_estudo_sintese.csv,1,13,0,0,0,0,,,1e5bbd768bd20e30ae0766f0df12558502c1bb6e82854d88132546f3cdf729a8,OK,Auditoria estrutural; nulos e negativos podem ser legítimos conforme a fonte e o grão.
bauru_modelos_mensal.csv,64,5,0,0,0,0,2024-01-01,2026-08-01,d8f6d0ca6a0bf027ac79145fb64667c4eb97cff7b30fdea0b8295cba0e586775,OK,Auditoria estrutural; nulos e negativos podem ser legítimos conforme a fonte e o grão.
bauru_modelos_ranking.csv,117,7,0,0,0,0,,,bb8deb2f0c608bd6ad27dd971d9783f39302053d17cbe9bee472cc2c44950245,OK,Auditoria estrutural; nulos e negativos podem ser legítimos conforme a fonte e o grão.
bauru_modelos_reconciliacao.csv,64,7,0,0,0,0,,,08ffe1b82dea49f1516a2bd1e2cb38f5dec2fe6e14fc41e1eecc7f85ef023033,OK,Auditoria estrutural; nulos e negativos podem ser legítimos conforme a fonte e o grão.
bauru_recarga_evidencias.csv,3,15,9,0,0,6,2026-10-02,2026-10-02,fbe34ed1e02a26da3dc1af9b903c0446a59b646a0b4776fc65049346aae31632,OK,Auditoria estrutural; nulos e negativos podem ser legítimos conforme a fonte e o grão.
bauru_solar_context.csv,1,9,0,0,0,1,,,763b0c4263e0f569d68a7a16b8110c57dca50d6e812349e5e067cb370002bd05,OK,Auditoria estrutural; nulos e negativos podem ser legítimos conforme a fonte e o grão.
bi_dim_data.csv,1096,7,0,0,0,0,1970-01-01,2026-12-31,f84880dfae1104dbab33d0954768ff536f383acc4d2208fdc82bf48ceab09cc6,OK,Auditoria estrutural; nulos e negativos podem ser legítimos conforme a fonte e o grão.
bi_dim_municipio.csv,5576,13,245,0,0,0,2026-08-01,2026-08-01,e0995eb225ca1bbcd5f229fe7108379d8e4cbe469474ad5f4270ab9c110bcb39,OK,Auditoria estrutural; nulos e negativos podem ser legítimos conforme a fonte e o grão.
bi_fato_emplacamentos_fenabrave.csv,64,5,0,0,0,64,2024-01-01,2026-08-01,445400f836c0ab5e65e96d0b8cd435e4d7ba49686ce3ac1dca56348f246aaeea,OK,Auditoria estrutural; nulos e negativos podem ser legítimos conforme a fonte e o grão.
bi_fato_emplacamentos_plugin_abve.csv,64,6,0,0,0,128,2024-01-01,2026-08-01,51fd4cbe5e4548131708a08735c07c5efcf0ceb4f44c5998b698a03a5f844147,OK,Auditoria estrutural; nulos e negativos podem ser legítimos conforme a fonte e o grão.
bi_fato_frota_municipal.csv,178357,4,0,0,0,0,2024-01-01,2026-08-01,e76006b70cca0adbd25d04a0e2cd474b7e03052aba1ba23ade0d934be6e32557,OK,Auditoria estrutural; nulos e negativos podem ser legítimos conforme a fonte e o grão.
cobertura_rankings_modelos_noticias.csv,7,16,13,0,0,21,,,2758cedcf6426f641d4326d649a4ad04eda8f729c451e0d865e0cf416d6134a2,OK,Auditoria estrutural; nulos e negativos podem ser legítimos conforme a fonte e o grão.
contexto_economico_bcb.csv,96,9,96,0,3,96,2024-01-01,2026-10-01,85601a3df8c0b2565d39b89c902f02b40a6ce950ba6f813a3d387c35762b99b8,OK,Auditoria estrutural; nulos e negativos podem ser legítimos conforme a fonte e o grão.
correlacao_municipal_socioeconomia_adocao.csv,12,7,0,0,0,0,,,8d85a1c1c61f3ac0215c8037d987b88a0dbf110667babc0ee3dd55e8d9d9040e,OK,Auditoria estrutural; nulos e negativos podem ser legítimos conforme a fonte e o grão.
emplacamentos_abve_mensais.csv,32,14,104,0,0,32,2026-09-30,2026-09-30,ccfd19f1c052477b456136ada76ab7faefc0989e794b401de2affecfccfdb2d5,OK,Auditoria estrutural; nulos e negativos podem ser legítimos conforme a fonte e o grão.
emplacamentos_abve_mensais_gold.csv,32,23,204,0,7,32,2024-01-01,2026-09-30,c217c27b51fd58cc9b247ac0d074922c427b6604a715b299ad9cad01d0094ee3,OK,Auditoria estrutural; nulos e negativos podem ser legítimos conforme a fonte e o grão.
emplacamentos_fenabrave_mensais.csv,64,14,56,0,22,64,2024-01-01,2026-08-01,2cf1784c29c4ee76e620253fdeaec2450121bef06e34aa599e70f3dc9ae0b1fe,OK,Auditoria estrutural; nulos e negativos podem ser legítimos conforme a fonte e o grão.
emplacamentos_mensais_dados_fornecidos.csv,96,5,0,0,0,0,,,42422cb19f00a59cbf774451cfa0f2f5bfd5b59918f45c19cdfb14186957ae0a,OK,Auditoria estrutural; nulos e negativos podem ser legítimos conforme a fonte e o grão.
estudo_bauru_comparadores.csv,6,14,0,0,0,0,,,8b60698cd68ac6e1eef556b54ddcc8e2a74f231bee876ab9e770b967b54f94c9,OK,Auditoria estrutural; nulos e negativos podem ser legítimos conforme a fonte e o grão.
estudo_bauru_mensal.csv,192,4,0,0,0,0,2024-01-01,2026-08-01,45964b60baee330f7b32bf9450358c4db13b5956f0a6f60ce5924eb2dd76c779,OK,Auditoria estrutural; nulos e negativos podem ser legítimos conforme a fonte e o grão.
estudo_bauru_pares_socioeconomicos.csv,11,23,0,0,0,0,,,142dcfa18cfac48801c98ec80d50ccdf0a2f8820e0089fd4d4396c030f99445c,OK,Auditoria estrutural; nulos e negativos podem ser legítimos conforme a fonte e o grão.
evolucao_frota_nacional.csv,32,9,26,0,0,0,,,08298ffbbdebcfa1f289e0bef70d78a36cb9a39f2f1aa43404f7a49ce47ad5ab,OK,Auditoria estrutural; nulos e negativos podem ser legítimos conforme a fonte e o grão.
evolucao_frota_por_estado.csv,864,8,702,0,0,0,,,3faf2d1032087f5229682d4ebb3978b6b109e67f3bd3fd558d9d5b5214e39b39,OK,Auditoria estrutural; nulos e negativos podem ser legítimos conforme a fonte e o grão.
fontes_rankings_modelos_noticias.csv,7,14,6,0,0,28,2024-02-06,2026-09-03,fadf713c2ffbc1423ef0897f9f88d2b1766a000bd9f2c8243179715451f3c5ec,OK,Auditoria estrutural; nulos e negativos podem ser legítimos conforme a fonte e o grão.
frota_capital_vs_interior.csv,64,5,0,0,0,0,,,9bbb003c70f7bc9c3a8d70b08fe9f01f6d33f679960a17960be3e758bd318cf3,OK,Auditoria estrutural; nulos e negativos podem ser legítimos conforme a fonte e o grão.
frota_municipal_ultimo_mes.csv,4960,6,0,0,0,0,,,56456238a6a0dc39528fabbf1d1fdaf5ff73063c545e5eadeb673d50bf94e3d3,OK,Auditoria estrutural; nulos e negativos podem ser legítimos conforme a fonte e o grão.
frota_por_estado.csv,864,4,0,0,0,0,,,2fc0198b301966eb828d734d0ea1c9b078e91bd2f155f535dbf035d381a0926c,OK,Auditoria estrutural; nulos e negativos podem ser legítimos conforme a fonte e o grão.
frota_regional_mensal.csv,192,8,72,0,0,384,2024-01-01,2026-08-01,4d60fa01377ac953a5d572f0e774346bfb42680d4d98e24ffdb69ecb0e392645,OK,Auditoria estrutural; nulos e negativos podem ser legítimos conforme a fonte e o grão.
infraestrutura_recarga_abve_gold.csv,46,15,52,0,0,46,2026-08-31,2026-09-30,69061261f9537c23542c345a9b5f2192e0e0c51543ce7cf97f6675f98adb2a52,OK,Auditoria estrutural; nulos e negativos podem ser legítimos conforme a fonte e o grão.
infraestrutura_recarga_abve_snapshot.csv,46,15,52,0,0,46,2026-08-31,2026-09-30,6fcb854ac26b08a0b3447b135ea3a28a02017fee966938af7c98dcc4722b1715,OK,Auditoria estrutural; nulos e negativos podem ser legítimos conforme a fonte e o grão.
inmetro_catalogo_marca_ano.csv,117,7,11,0,0,0,,,dbe9889a9381af5f7fa6dfe011e4b167253b525d59d77a896da4fb9934898ce8,OK,Auditoria estrutural; nulos e negativos podem ser legítimos conforme a fonte e o grão.
inmetro_catalogo_modelo.csv,293,9,279,0,0,0,,,cd1b5864f74de3f9fa92bc8fe95cb8cc06024fd79dc19b9abe2de0530e6e1b82,OK,Auditoria estrutural; nulos e negativos podem ser legítimos conforme a fonte e o grão.
inmetro_quarentena.csv,2,6,0,0,0,2,,,f4cf6477c469e191c16e38345dc8a86e906a5aedeb92cf57be54e28ba6344a4a,OK,Auditoria estrutural; nulos e negativos podem ser legítimos conforme a fonte e o grão.
inmetro_versoes_eletrificadas.csv,1176,19,419,0,0,1176,2026-10-01,2026-10-01,76f6e95704983f4af5b0cfd0a1aab6636293bf400bae90727b1ac11643150396,OK,Auditoria estrutural; nulos e negativos podem ser legítimos conforme a fonte e o grão.
inteligencia_associacao_controlada.csv,1,5,0,0,0,0,,,b6660371de5052ca5f6ec571961558ee092b73254b6acb41e9fd583f3585b1b4,OK,Auditoria estrutural; nulos e negativos podem ser legítimos conforme a fonte e o grão.
inteligencia_capitais_interior.csv,3,8,0,0,0,0,,,8e55273aa4d16cab0ed45838c769e58057f6c40f9d894495de0abe1e361db06e,OK,Auditoria estrutural; nulos e negativos podem ser legítimos conforme a fonte e o grão.
inteligencia_concentracao_marcas.csv,3,6,0,0,0,0,,,cac48b984cf083fe4298aeb88e607a813d07e3c5c8db4f6070643fe75f959b45,OK,Auditoria estrutural; nulos e negativos podem ser legítimos conforme a fonte e o grão.
inteligencia_contribuicao_marcas.csv,80,8,20,0,105,0,,,3b8fe82392624452a1dc7c820add6f23a7b86876f86a00b832ae27206fdb6d13,OK,Auditoria estrutural; nulos e negativos podem ser legítimos conforme a fonte e o grão.
inteligencia_crescimento_estados.csv,27,8,0,0,0,0,,,ce9c4ffdc0b17dabe01fb2f1829e32307965fa5720450ed9684f201d31633122,OK,Auditoria estrutural; nulos e negativos podem ser legítimos conforme a fonte e o grão.
inteligencia_crescimento_municipios.csv,3796,9,1513,0,999,0,,,fa53d59e405f6fefc7e298a7590602a4048610dbb45c75e9d8fa188bd7b22ac8,OK,Auditoria estrutural; nulos e negativos podem ser legítimos conforme a fonte e o grão.
inteligencia_crescimento_regioes.csv,5,8,0,0,0,0,,,f5339b9f01b7c96b40310485573748f3301e556dfb78521c3192ba04a32d73f6,OK,Auditoria estrutural; nulos e negativos podem ser legítimos conforme a fonte e o grão.
inteligencia_recarga_cidades_top20.csv,20,25,0,0,0,20,2026-08-31,2026-09-30,7874ff403db7faa4438b001b1489723cafa275e630cfc9fdb6888f38f7e7e7ce,OK,Auditoria estrutural; nulos e negativos podem ser legítimos conforme a fonte e o grão.
inteligencia_recarga_regional.csv,5,9,0,0,0,5,,,d7fea6931a096ce74f4b165f99126c12e2a64bce04c2bb4f8cd4c98774d8e7dd,OK,Auditoria estrutural; nulos e negativos podem ser legítimos conforme a fonte e o grão.
ml_abve_backtest_detalhe.csv,360,14,0,0,0,360,2025-07-01,2026-08-01,2fad595678d5d9cccd579634ea88daf20c03d957d22ed299e020b83f4f98f4e7,OK,Auditoria estrutural; nulos e negativos podem ser legítimos conforme a fonte e o grão.
ml_abve_backtest_metricas.csv,60,13,0,0,0,60,,,98bcd70839d396d55aacc38bec5ba2d06f6ea9ef767376d15ba0351a802bf77b,OK,Auditoria estrutural; nulos e negativos podem ser legítimos conforme a fonte e o grão.
ml_abve_projecoes_experimentais.csv,6,12,0,0,0,6,2026-09-01,2026-11-01,9708cc10c94db530c1548da0428c0606b94e50b815bdad400d8feead61adbabd,OK,Auditoria estrutural; nulos e negativos podem ser legítimos conforme a fonte e o grão.
ml_abve_selecao_modelos.csv,2,12,0,0,0,2,,,32975dac246a937d6e27c138051b6deaee04131bd4fc08188463f6813fbc375c,OK,Auditoria estrutural; nulos e negativos podem ser legítimos conforme a fonte e o grão.
ml_avaliacao_prospectiva.csv,2,10,6,0,0,0,2026-11-01,2026-11-01,a603b0e3c420d499929897b3e8bac88e971a3b398545fa1b1d975b4b8eb47189,OK,Auditoria estrutural; nulos e negativos podem ser legítimos conforme a fonte e o grão.
ml_backtest_detalhe.csv,330,13,0,0,0,330,2025-08-01,2026-08-01,aadc0f801b3db6b53cdc631764710f41aab65a1f6e7996c1688ee41cedd77942,OK,Auditoria estrutural; nulos e negativos podem ser legítimos conforme a fonte e o grão.
ml_backtest_metricas.csv,60,12,0,0,0,60,,,cccfedb8c4841a0b60bb229b2e2e9461f9e7b2d5c20809a9666976906ca9a5f6,OK,Auditoria estrutural; nulos e negativos podem ser legítimos conforme a fonte e o grão.
ml_desafio_backtest_detalhe.csv,576,13,0,0,0,576,2025-07-01,2026-08-01,a10d84726692ac209e4fdb5a8b01716957960bb0b6ea107f75d0af8f9c51aa92,OK,Auditoria estrutural; nulos e negativos podem ser legítimos conforme a fonte e o grão.
ml_desafio_backtest_metricas.csv,96,12,0,0,0,96,,,f7148c0ae85fae70776af9ff3b480869b812d4b5448895cae2498d8c29d0ec59,OK,Auditoria estrutural; nulos e negativos podem ser legítimos conforme a fonte e o grão.
ml_desafio_diagnostico_vies.csv,96,11,0,0,91,96,,,9a69156a1fc09b1760ad198b74fb7dd893c9454b0717a63e6116bcae2dd3df37,OK,Auditoria estrutural; nulos e negativos podem ser legítimos conforme a fonte e o grão.
ml_desafio_projecoes_experimentais.csv,6,11,0,0,0,6,2026-09-01,2026-11-01,2e474520d74a642bfc445387a52aa6b48e43c5cd2562ce20f37cbd5010ee8d58,OK,Auditoria estrutural; nulos e negativos podem ser legítimos conforme a fonte e o grão.
ml_desafio_selecao_modelos.csv,2,11,0,0,0,2,,,dff23f0ed1070da18e472a737b6e4fa9b5c49a96f96bf8cd3541ee652d4bde94,OK,Auditoria estrutural; nulos e negativos podem ser legítimos conforme a fonte e o grão.
ml_frota_regional_backtest_detalhe.csv,900,15,0,0,0,900,2025-07-01,2026-08-01,4d23f024804cafa505eb2ec6167e220969add0267e2b1005687deaed3fc75a40,OK,Auditoria estrutural; nulos e negativos podem ser legítimos conforme a fonte e o grão.
ml_frota_regional_backtest_metricas.csv,150,14,0,0,0,150,,,ca343bf0fe6107b1106ea9e40cdaeb2a3eb4a916f547273b797dd53b60d6643f,OK,Auditoria estrutural; nulos e negativos podem ser legítimos conforme a fonte e o grão.
ml_frota_regional_projecoes_experimentais.csv,15,13,0,0,0,15,2026-09-01,2026-11-01,404040bc3d124b7fb65af0dedc05f6c9564fee64b6aeb84e55b36447c3263aab,OK,Auditoria estrutural; nulos e negativos podem ser legítimos conforme a fonte e o grão.
ml_frota_regional_selecao_modelos.csv,5,13,0,0,0,5,,,2f4e37c4e57733c7693f3a70bed86684934b5b227b3f6ce667026f939ae8acb3,OK,Auditoria estrutural; nulos e negativos podem ser legítimos conforme a fonte e o grão.
ml_intervalos_cobertura.csv,7,12,0,0,0,7,,,d157e2b8f17844a9dc600d070cd290e4afa60e92138ec6133195403d3edf5084,OK,Auditoria estrutural; nulos e negativos podem ser legítimos conforme a fonte e o grão.
ml_intervalos_detalhe.csv,49,13,0,0,0,49,2026-02-01,2026-08-01,e9b3f754b64fb4af006f45a840fc8c1a8dc637950544dcdc32759e4b1ecbd990,OK,Auditoria estrutural; nulos e negativos podem ser legítimos conforme a fonte e o grão.
ml_intervalos_projecoes.csv,7,10,0,0,0,7,2026-09-01,2026-09-01,9103f8bd70212c7e39f2ea56999e2954a81988512917789c16c80b52ef0d1d43,OK,Auditoria estrutural; nulos e negativos podem ser legítimos conforme a fonte e o grão.
ml_macro_detalhe.csv,84,15,0,0,0,168,2025-07-01,2026-08-01,f71e276f733ee84ff17ae4f191a1f8df6fbb82cbaca44b27f5483d9aae1312a4,OK,Auditoria estrutural; nulos e negativos podem ser legítimos conforme a fonte e o grão.
ml_macro_metricas.csv,12,12,0,0,0,24,,,c36117a31e0c5067dd887bdced7323f616ea7b9d421556256c75ddd8baaadf09,OK,Auditoria estrutural; nulos e negativos podem ser legítimos conforme a fonte e o grão.
ml_macro_selecao.csv,2,12,0,0,0,4,,,5ceaf7c4eb85ae9e59d86ac7d649dd6306519f29d93eb6071e5dc6a1cc05234d,OK,Auditoria estrutural; nulos e negativos podem ser legítimos conforme a fonte e o grão.
ml_projecoes_experimentais.csv,6,11,0,0,0,6,2026-09-01,2026-11-01,0e43bd97381ed287331d69bbe785fe42c4beff4624a99da695c99f6289cbb021,OK,Auditoria estrutural; nulos e negativos podem ser legítimos conforme a fonte e o grão.
ml_registro_prospectivo.csv,2,13,0,0,0,2,2026-11-01,2026-11-01,d6ce92294e4a36891fdeb522b8958b390f1bdf3790ca02efc6411094d4fc7e81,OK,Auditoria estrutural; nulos e negativos podem ser legítimos conforme a fonte e o grão.
ml_selecao_modelos.csv,2,11,0,0,0,2,,,71373ec0c72e645e5dc8aa9a2949d050f49e374059c0312fec39de45b3e29f24,OK,Auditoria estrutural; nulos e negativos podem ser legítimos conforme a fonte e o grão.
oportunidade_municipal_preliminar.csv,5528,15,0,0,0,0,,,36b615ce8aefa9f637c3bad1255069bc995fc7bd574fefb068466dde7530c128,OK,Auditoria estrutural; nulos e negativos podem ser legítimos conforme a fonte e o grão.
penetracao_municipal_ibge.csv,5574,14,233,0,0,0,,,4367c35d1b41caf6a450b6cc067a96dbd7818d0eef372c28bc11a54b1e0585db,OK,Auditoria estrutural; nulos e negativos podem ser legítimos conforme a fonte e o grão.
perfil_carga_ons_mensal_hora.csv,3072,17,0,0,0,6144,2024-01-01,2026-10-01,1be0fb718f415d1ecf90e3197d90d974c332037a0a21d302dc5f6048c7359338,OK,Auditoria estrutural; nulos e negativos podem ser legítimos conforme a fonte e o grão.
perguntas_evidencias_motor.csv,15,8,0,0,0,0,,,55bc721f1783f1b11ceae0819bcf0eece8d88470f8a16dfe0e55326433d1138b,OK,Auditoria estrutural; nulos e negativos podem ser legítimos conforme a fonte e o grão.
preco_vs_emplacamentos_estudo_2024.csv,4,11,0,0,0,8,2024-06-18,2024-07-10,27bd306f38f3ba277c6973e9dfad4ffe4df60476017c12f0a5da838386cdfbff,OK,Auditoria estrutural; nulos e negativos podem ser legítimos conforme a fonte e o grão.
precos_anunciados_evidencias.csv,6,11,0,0,0,6,2024-02-26,2026-10-01,c9ad698e2d2001c3dd79a3b93a79466d77d5596d57ec05e34f3759da60fda8cc,OK,Auditoria estrutural; nulos e negativos podem ser legítimos conforme a fonte e o grão.
precos_historicos_documentais.csv,39,13,107,0,0,39,2024-02-01,2026-10-02,46e1c65a4f70a4adbbae06c302ab9d07844d58bb4f790d91e4033b19dcf1de51,OK,Auditoria estrutural; nulos e negativos podem ser legítimos conforme a fonte e o grão.
ranking_marcas_fenabrave_mensal.csv,960,12,0,0,0,960,,,cf94dc64d2afdde90b2f95a54e790c126607eeae341e65a95edd3396e0305139,OK,Auditoria estrutural; nulos e negativos podem ser legítimos conforme a fonte e o grão.
ranking_marcas_modelos_dados_fornecidos.csv,544,7,0,0,0,0,,,6d1b88a2987a77a4d82da07947468f80d2a499effc05f91306be9711d4d0f423,OK,Auditoria estrutural; nulos e negativos podem ser legítimos conforme a fonte e o grão.
ranking_modelos_noticias_gold.csv,65,25,92,0,0,325,2024-02-06,2026-09-30,ea442fa5b45eaca752b45c1c1401ea0dda34c2db9e5fc78038c219d7625c60ee,OK,Auditoria estrutural; nulos e negativos podem ser legítimos conforme a fonte e o grão.
rankings_modelos_noticias_snapshot.csv,65,7,57,0,0,130,,,5550f9ae96b437d23074ae5293f8d568e613b838e6ecaf174d2fe9fa176edc3d,OK,Auditoria estrutural; nulos e negativos podem ser legítimos conforme a fonte e o grão.
recarga_nacional_evidencias.csv,1,16,0,0,0,1,2026-08-31,2026-10-01,b675317250820459d35bcd36a059af540e839e56daf014157028620a8ec93e27,OK,Auditoria estrutural; nulos e negativos podem ser legítimos conforme a fonte e o grão.
recarga_osm.csv,392,22,2133,0,782,1176,2016-09-02,2026-10-01,e9472358e20afa2c8ea2dceceb66d5e6c4db348a851d6bc8196f42347f92ea97,OK,Auditoria estrutural; nulos e negativos podem ser legítimos conforme a fonte e o grão.
sensibilidade_oportunidade.csv,9,13,0,0,0,0,,,10f5ff7541e8c2f6f1f748c70b8dd27e2726106f866b55c2bfecc42961380df3,OK,Auditoria estrutural; nulos e negativos podem ser legítimos conforme a fonte e o grão.
