fonte,data_referencia,ano_referencia,mes_referencia,categoria_fenabrave,segmento_veiculos,metodo,emplacamentos_reais,emplacamentos_previstos,erro_previsto_menos_real,erro_absoluto,erro_percentual_absoluto,passo_no_teste
FENABRAVE,2026-02-01,2026,2,eletricos,autos_e_comerciais_leves,ingenuo_sazonal_12_meses,8664,4491.00,-4173.00,4173.00,48.16,1
FENABRAVE,2026-02-01,2026,2,eletricos,autos_e_comerciais_leves,media_movel_3_meses,8664,8990.67,326.67,326.67,3.77,1
FENABRAVE,2026-02-01,2026,2,eletricos,autos_e_comerciais_leves,persistencia_ultimo_mes,8664,8221.00,-443.00,443.00,5.11,1
FENABRAVE,2026-02-01,2026,2,eletricos,autos_e_comerciais_leves,tendencia_linear,8664,8179.47,-484.53,484.53,5.59,1
FENABRAVE,2026-03-01,2026,3,eletricos,autos_e_comerciais_leves,ingenuo_sazonal_12_meses,14050,4799.00,-9251.00,9251.00,65.84,2
FENABRAVE,2026-03-01,2026,3,eletricos,autos_e_comerciais_leves,media_movel_3_meses,14050,9468.33,-4581.67,4581.67,32.61,2
FENABRAVE,2026-03-01,2026,3,eletricos,autos_e_comerciais_leves,persistencia_ultimo_mes,14050,8664.00,-5386.00,5386.00,38.33,2
FENABRAVE,2026-03-01,2026,3,eletricos,autos_e_comerciais_leves,tendencia_linear,14050,8349.46,-5700.54,5700.54,40.57,2
FENABRAVE,2026-04-01,2026,4,eletricos,autos_e_comerciais_leves,ingenuo_sazonal_12_meses,17477,4699.00,-12778.00,12778.00,73.11,3
FENABRAVE,2026-04-01,2026,4,eletricos,autos_e_comerciais_leves,media_movel_3_meses,17477,10311.67,-7165.33,7165.33,41.00,3
FENABRAVE,2026-04-01,2026,4,eletricos,autos_e_comerciais_leves,persistencia_ultimo_mes,17477,14050.00,-3427.00,3427.00,19.61,3
FENABRAVE,2026-04-01,2026,4,eletricos,autos_e_comerciais_leves,tendencia_linear,17477,8519.44,-8957.56,8957.56,51.25,3
FENABRAVE,2026-05-01,2026,5,eletricos,autos_e_comerciais_leves,ingenuo_sazonal_12_meses,20957,6964.00,-13993.00,13993.00,66.77,4
FENABRAVE,2026-05-01,2026,5,eletricos,autos_e_comerciais_leves,media_movel_3_meses,20957,13397.00,-7560.00,7560.00,36.07,4
FENABRAVE,2026-05-01,2026,5,eletricos,autos_e_comerciais_leves,persistencia_ultimo_mes,20957,17477.00,-3480.00,3480.00,16.61,4
FENABRAVE,2026-05-01,2026,5,eletricos,autos_e_comerciais_leves,tendencia_linear,20957,8689.42,-12267.58,12267.58,58.54,4
FENABRAVE,2026-06-01,2026,6,eletricos,autos_e_comerciais_leves,ingenuo_sazonal_12_meses,21129,5912.00,-15217.00,15217.00,72.02,5
FENABRAVE,2026-06-01,2026,6,eletricos,autos_e_comerciais_leves,media_movel_3_meses,21129,17494.67,-3634.33,3634.33,17.20,5
FENABRAVE,2026-06-01,2026,6,eletricos,autos_e_comerciais_leves,persistencia_ultimo_mes,21129,20957.00,-172.00,172.00,0.81,5
FENABRAVE,2026-06-01,2026,6,eletricos,autos_e_comerciais_leves,tendencia_linear,21129,8859.40,-12269.60,12269.60,58.07,5
FENABRAVE,2026-07-01,2026,7,eletricos,autos_e_comerciais_leves,ingenuo_sazonal_12_meses,25778,6982.00,-18796.00,18796.00,72.91,6
FENABRAVE,2026-07-01,2026,7,eletricos,autos_e_comerciais_leves,media_movel_3_meses,25778,19854.33,-5923.67,5923.67,22.98,6
FENABRAVE,2026-07-01,2026,7,eletricos,autos_e_comerciais_leves,persistencia_ultimo_mes,25778,21129.00,-4649.00,4649.00,18.03,6
FENABRAVE,2026-07-01,2026,7,eletricos,autos_e_comerciais_leves,tendencia_linear,25778,9029.38,-16748.62,16748.62,64.97,6
FENABRAVE,2026-08-01,2026,8,eletricos,autos_e_comerciais_leves,ingenuo_sazonal_12_meses,27155,7603.00,-19552.00,19552.00,72.00,7
FENABRAVE,2026-08-01,2026,8,eletricos,autos_e_comerciais_leves,media_movel_3_meses,27155,22621.33,-4533.67,4533.67,16.70,7
FENABRAVE,2026-08-01,2026,8,eletricos,autos_e_comerciais_leves,persistencia_ultimo_mes,27155,25778.00,-1377.00,1377.00,5.07,7
FENABRAVE,2026-08-01,2026,8,eletricos,autos_e_comerciais_leves,tendencia_linear,27155,9199.36,-17955.64,17955.64,66.12,7
FENABRAVE,2026-02-01,2026,2,hibridos,autos_e_comerciais_leves,ingenuo_sazonal_12_meses,19422,11739.00,-7683.00,7683.00,39.56,1
FENABRAVE,2026-02-01,2026,2,hibridos,autos_e_comerciais_leves,media_movel_3_meses,19422,22092.33,2670.33,2670.33,13.75,1
FENABRAVE,2026-02-01,2026,2,hibridos,autos_e_comerciais_leves,persistencia_ultimo_mes,19422,19170.00,-252.00,252.00,1.30,1
FENABRAVE,2026-02-01,2026,2,hibridos,autos_e_comerciais_leves,tendencia_linear,19422,22278.27,2856.27,2856.27,14.71,1
FENABRAVE,2026-03-01,2026,3,hibridos,autos_e_comerciais_leves,ingenuo_sazonal_12_meses,25959,13104.00,-12855.00,12855.00,49.52,2
FENABRAVE,2026-03-01,2026,3,hibridos,autos_e_comerciais_leves,media_movel_3_meses,25959,22271.67,-3687.33,3687.33,14.20,2
FENABRAVE,2026-03-01,2026,3,hibridos,autos_e_comerciais_leves,persistencia_ultimo_mes,25959,19422.00,-6537.00,6537.00,25.18,2
FENABRAVE,2026-03-01,2026,3,hibridos,autos_e_comerciais_leves,tendencia_linear,25959,22951.52,-3007.48,3007.48,11.59,2
FENABRAVE,2026-04-01,2026,4,hibridos,autos_e_comerciais_leves,ingenuo_sazonal_12_meses,25957,15123.00,-10834.00,10834.00,41.74,3
FENABRAVE,2026-04-01,2026,4,hibridos,autos_e_comerciais_leves,media_movel_3_meses,25957,21517.00,-4440.00,4440.00,17.11,3
FENABRAVE,2026-04-01,2026,4,hibridos,autos_e_comerciais_leves,persistencia_ultimo_mes,25957,25959.00,2.00,2.00,0.01,3
FENABRAVE,2026-04-01,2026,4,hibridos,autos_e_comerciais_leves,tendencia_linear,25957,23624.78,-2332.22,2332.22,8.98,3
FENABRAVE,2026-05-01,2026,5,hibridos,autos_e_comerciais_leves,ingenuo_sazonal_12_meses,30639,15306.00,-15333.00,15333.00,50.04,4
FENABRAVE,2026-05-01,2026,5,hibridos,autos_e_comerciais_leves,media_movel_3_meses,30639,23779.33,-6859.67,6859.67,22.39,4
FENABRAVE,2026-05-01,2026,5,hibridos,autos_e_comerciais_leves,persistencia_ultimo_mes,30639,25957.00,-4682.00,4682.00,15.28,4
FENABRAVE,2026-05-01,2026,5,hibridos,autos_e_comerciais_leves,tendencia_linear,30639,24298.03,-6340.97,6340.97,20.70,4
FENABRAVE,2026-06-01,2026,6,hibridos,autos_e_comerciais_leves,ingenuo_sazonal_12_meses,33374,15420.00,-17954.00,17954.00,53.80,5
FENABRAVE,2026-06-01,2026,6,hibridos,autos_e_comerciais_leves,media_movel_3_meses,33374,27518.33,-5855.67,5855.67,17.55,5
FENABRAVE,2026-06-01,2026,6,hibridos,autos_e_comerciais_leves,persistencia_ultimo_mes,33374,30639.00,-2735.00,2735.00,8.20,5
FENABRAVE,2026-06-01,2026,6,hibridos,autos_e_comerciais_leves,tendencia_linear,33374,24971.29,-8402.71,8402.71,25.18,5
FENABRAVE,2026-07-01,2026,7,hibridos,autos_e_comerciais_leves,ingenuo_sazonal_12_meses,36512,18163.00,-18349.00,18349.00,50.25,6
FENABRAVE,2026-07-01,2026,7,hibridos,autos_e_comerciais_leves,media_movel_3_meses,36512,29990.00,-6522.00,6522.00,17.86,6
FENABRAVE,2026-07-01,2026,7,hibridos,autos_e_comerciais_leves,persistencia_ultimo_mes,36512,33374.00,-3138.00,3138.00,8.59,6
FENABRAVE,2026-07-01,2026,7,hibridos,autos_e_comerciais_leves,tendencia_linear,36512,25644.54,-10867.46,10867.46,29.76,6
FENABRAVE,2026-08-01,2026,8,hibridos,autos_e_comerciais_leves,ingenuo_sazonal_12_meses,36900,17694.00,-19206.00,19206.00,52.05,7
FENABRAVE,2026-08-01,2026,8,hibridos,autos_e_comerciais_leves,media_movel_3_meses,36900,33508.33,-3391.67,3391.67,9.19,7
FENABRAVE,2026-08-01,2026,8,hibridos,autos_e_comerciais_leves,persistencia_ultimo_mes,36900,36512.00,-388.00,388.00,1.05,7
FENABRAVE,2026-08-01,2026,8,hibridos,autos_e_comerciais_leves,tendencia_linear,36900,26317.80,-10582.20,10582.20,28.68,7
