marca,modelo,tecnologia,emplacamentos,meses_com_dado,participacao_percentual,limite,anos_inmetro,versoes_inmetro,autonomia_mediana_ensaio_km,consumo_mediano_mj_km,nivel_match_inmetro,anuncios_preco,preco_mediano_reais,data_preco_inicio,data_preco_fim,status_inmetro,status_preco,limite_enriquecimento
BYD,BYD DOLPHIN MINI GS5EV,BEV,360,25,18.808777429467085,"Ranking de emplacamentos ABVE para Bauru; não informa preço, comprador, local de recarga ou frota sobrevivente.","2024,2025,2026",14.0,280.0,0.415,modelo_sem_versao,,,,,modelo_correspondido_sem_versao,sem_correspondencia_segura,"Pareamento conservador no nível de modelo; a versão não é atribuída. Inmetro é ensaio, preço é anúncio, ABVE é emplacamento."
BYD,BYD SONG PLUS GS DM,PHEV,190,30,9.926854754440962,"Ranking de emplacamentos ABVE para Bauru; não informa preço, comprador, local de recarga ou frota sobrevivente.","2024,2025,2026",6.0,73.0,0.66,modelo_sem_versao,2.0,247395.0,2025-07-07,2025-07-07,modelo_correspondido_sem_versao,modelo_correspondido_sem_versao,"Pareamento conservador no nível de modelo; a versão não é atribuída. Inmetro é ensaio, preço é anúncio, ABVE é emplacamento."
BYD,BYD SONG PRO GS DM,PHEV,143,25,7.471264367816092,"Ranking de emplacamentos ABVE para Bauru; não informa preço, comprador, local de recarga ou frota sobrevivente.","2024,2025,2026",8.0,59.5,0.585,modelo_sem_versao,3.0,199990.0,2024-07-10,2025-07-07,modelo_correspondido_sem_versao,modelo_correspondido_sem_versao,"Pareamento conservador no nível de modelo; a versão não é atribuída. Inmetro é ensaio, preço é anúncio, ABVE é emplacamento."
BYD,BYD KING GS DM,PHEV,133,23,6.948798328108673,"Ranking de emplacamentos ABVE para Bauru; não informa preço, comprador, local de recarga ou frota sobrevivente.","2024,2025,2026",6.0,56.5,0.515,modelo_sem_versao,2.0,189850.0,2024-06-18,2025-07-07,modelo_correspondido_sem_versao,modelo_correspondido_sem_versao,"Pareamento conservador no nível de modelo; a versão não é atribuída. Inmetro é ensaio, preço é anúncio, ABVE é emplacamento."
BYD,BYD DOLPHIN GS 180EV,BEV,89,23,4.649947753396029,"Ranking de emplacamentos ABVE para Bauru; não informa preço, comprador, local de recarga ou frota sobrevivente.","2024,2025,2026",7.0,291.0,0.49,modelo_sem_versao,2.0,154895.0,2025-07-07,2025-07-07,modelo_correspondido_sem_versao,modelo_correspondido_sem_versao,"Pareamento conservador no nível de modelo; a versão não é atribuída. Inmetro é ensaio, preço é anúncio, ABVE é emplacamento."
GWM,GWM HAVAL H6 PHEV 19,PHEV,82,18,4.284221525600836,"Ranking de emplacamentos ABVE para Bauru; não informa preço, comprador, local de recarga ou frota sobrevivente.","2024,2025,2026",26.0,116.5,0.745,modelo_sem_versao,,,,,modelo_correspondido_sem_versao,sem_correspondencia_segura,"Pareamento conservador no nível de modelo; a versão não é atribuída. Inmetro é ensaio, preço é anúncio, ABVE é emplacamento."
BYD,BYD DOLPHIN MINI GS EV,BEV,54,11,2.8213166144200628,"Ranking de emplacamentos ABVE para Bauru; não informa preço, comprador, local de recarga ou frota sobrevivente.","2024,2025,2026",14.0,280.0,0.415,modelo_sem_versao,,,,,modelo_correspondido_sem_versao,sem_correspondencia_segura,"Pareamento conservador no nível de modelo; a versão não é atribuída. Inmetro é ensaio, preço é anúncio, ABVE é emplacamento."
OMODA JAECOO,JAECOO 7 ELITE,PHEV,52,4,2.716823406478579,"Ranking de emplacamentos ABVE para Bauru; não informa preço, comprador, local de recarga ou frota sobrevivente.",,,,,,,,,,sem_correspondencia_segura,sem_correspondencia_segura,"Pareamento conservador no nível de modelo; a versão não é atribuída. Inmetro é ensaio, preço é anúncio, ABVE é emplacamento."
GWM,GWM HAVAL H6 GT,PHEV,46,21,2.4033437826541277,"Ranking de emplacamentos ABVE para Bauru; não informa preço, comprador, local de recarga ou frota sobrevivente.","2024,2025,2026",26.0,116.5,0.745,modelo_sem_versao,,,,,modelo_correspondido_sem_versao,sem_correspondencia_segura,"Pareamento conservador no nível de modelo; a versão não é atribuída. Inmetro é ensaio, preço é anúncio, ABVE é emplacamento."
GWM,GWM HAVAL H6 PREM PHEV,PHEV,37,13,1.9331243469174504,"Ranking de emplacamentos ABVE para Bauru; não informa preço, comprador, local de recarga ou frota sobrevivente.","2024,2025,2026",26.0,116.5,0.745,modelo_sem_versao,,,,,modelo_correspondido_sem_versao,sem_correspondencia_segura,"Pareamento conservador no nível de modelo; a versão não é atribuída. Inmetro é ensaio, preço é anúncio, ABVE é emplacamento."
OMODA JAECOO,JAECOO 7 LUXURY,PHEV,36,13,1.8808777429467085,"Ranking de emplacamentos ABVE para Bauru; não informa preço, comprador, local de recarga ou frota sobrevivente.",,,,,,,,,,sem_correspondencia_segura,sem_correspondencia_segura,"Pareamento conservador no nível de modelo; a versão não é atribuída. Inmetro é ensaio, preço é anúncio, ABVE é emplacamento."
BYD,BYD SONG PRO GL DM,PHEV,35,12,1.8286311389759664,"Ranking de emplacamentos ABVE para Bauru; não informa preço, comprador, local de recarga ou frota sobrevivente.","2024,2025,2026",8.0,59.5,0.585,modelo_sem_versao,2.0,189895.0,2024-07-10,2025-07-07,modelo_correspondido_sem_versao,modelo_correspondido_sem_versao,"Pareamento conservador no nível de modelo; a versão não é atribuída. Inmetro é ensaio, preço é anúncio, ABVE é emplacamento."
BYD,BYD SONG PLUS PREM DM,PHEV,33,14,1.7241379310344829,"Ranking de emplacamentos ABVE para Bauru; não informa preço, comprador, local de recarga ou frota sobrevivente.","2024,2025,2026",6.0,73.0,0.66,modelo_sem_versao,2.0,247395.0,2025-07-07,2025-07-07,modelo_correspondido_sem_versao,modelo_correspondido_sem_versao,"Pareamento conservador no nível de modelo; a versão não é atribuída. Inmetro é ensaio, preço é anúncio, ABVE é emplacamento."
GWM,GWM ORA 03 SKIN BEV48,BEV,31,15,1.619644723092999,"Ranking de emplacamentos ABVE para Bauru; não informa preço, comprador, local de recarga ou frota sobrevivente.","2024,2025,2026",10.0,305.0,0.515,modelo_sem_versao,2.0,161500.0,2025-04-28,2025-08-07,modelo_correspondido_sem_versao,modelo_correspondido_sem_versao,"Pareamento conservador no nível de modelo; a versão não é atribuída. Inmetro é ensaio, preço é anúncio, ABVE é emplacamento."
GWM,GWM HAVAL H6 PHEV19,PHEV,30,9,1.567398119122257,"Ranking de emplacamentos ABVE para Bauru; não informa preço, comprador, local de recarga ou frota sobrevivente.","2024,2025,2026",26.0,116.5,0.745,modelo_sem_versao,,,,,modelo_correspondido_sem_versao,sem_correspondencia_segura,"Pareamento conservador no nível de modelo; a versão não é atribuída. Inmetro é ensaio, preço é anúncio, ABVE é emplacamento."
BYD,BYD SEAL AWD GS 590EV,BEV,27,17,1.4106583072100314,"Ranking de emplacamentos ABVE para Bauru; não informa preço, comprador, local de recarga ou frota sobrevivente.","2024,2025,2026",3.0,372.0,0.62,modelo_sem_versao,1.0,249990.0,2025-07-07,2025-07-07,modelo_correspondido_sem_versao,modelo_correspondido_sem_versao,"Pareamento conservador no nível de modelo; a versão não é atribuída. Inmetro é ensaio, preço é anúncio, ABVE é emplacamento."
OMODA JAECOO,JAECOO 7 PRESTIGE,PHEV,25,13,1.3061650992685476,"Ranking de emplacamentos ABVE para Bauru; não informa preço, comprador, local de recarga ou frota sobrevivente.",,,,,,,,,,sem_correspondencia_segura,sem_correspondencia_segura,"Pareamento conservador no nível de modelo; a versão não é atribuída. Inmetro é ensaio, preço é anúncio, ABVE é emplacamento."
RENAULT,RENAULT E-KWID INTENS,BEV,24,4,1.2539184952978055,"Ranking de emplacamentos ABVE para Bauru; não informa preço, comprador, local de recarga ou frota sobrevivente.","2024,2025,2026",6.0,185.0,0.44,modelo_sem_versao,,,,,modelo_correspondido_sem_versao,sem_correspondencia_segura,"Pareamento conservador no nível de modelo; a versão não é atribuída. Inmetro é ensaio, preço é anúncio, ABVE é emplacamento."
BYD,BYD DOLPHIN MINI GL5EV,BEV,24,7,1.2539184952978055,"Ranking de emplacamentos ABVE para Bauru; não informa preço, comprador, local de recarga ou frota sobrevivente.","2024,2025,2026",14.0,280.0,0.415,modelo_sem_versao,,,,,modelo_correspondido_sem_versao,sem_correspondencia_segura,"Pareamento conservador no nível de modelo; a versão não é atribuída. Inmetro é ensaio, preço é anúncio, ABVE é emplacamento."
BYD,BYD KING GL DM,PHEV,19,7,0.992685475444096,"Ranking de emplacamentos ABVE para Bauru; não informa preço, comprador, local de recarga ou frota sobrevivente.","2024,2025,2026",6.0,56.5,0.515,modelo_sem_versao,2.0,172895.0,2024-06-18,2025-07-07,modelo_correspondido_sem_versao,modelo_correspondido_sem_versao,"Pareamento conservador no nível de modelo; a versão não é atribuída. Inmetro é ensaio, preço é anúncio, ABVE é emplacamento."
BYD,BYD DOLPHIN PLUS 310EV,BEV,19,14,0.992685475444096,"Ranking de emplacamentos ABVE para Bauru; não informa preço, comprador, local de recarga ou frota sobrevivente.","2024,2025,2026",7.0,291.0,0.49,modelo_sem_versao,1.0,184800.0,2025-07-07,2025-07-07,modelo_correspondido_sem_versao,modelo_correspondido_sem_versao,"Pareamento conservador no nível de modelo; a versão não é atribuída. Inmetro é ensaio, preço é anúncio, ABVE é emplacamento."
GWM,GWM ORA 03 GT BEV63,BEV,19,13,0.992685475444096,"Ranking de emplacamentos ABVE para Bauru; não informa preço, comprador, local de recarga ou frota sobrevivente.","2024,2025,2026",10.0,305.0,0.515,modelo_sem_versao,2.0,194000.0,2025-04-28,2025-08-07,modelo_correspondido_sem_versao,modelo_correspondido_sem_versao,"Pareamento conservador no nível de modelo; a versão não é atribuída. Inmetro é ensaio, preço é anúncio, ABVE é emplacamento."
GWM,GWM HAVAL H6 PHEV19 FF,PHEV,18,2,0.9404388714733544,"Ranking de emplacamentos ABVE para Bauru; não informa preço, comprador, local de recarga ou frota sobrevivente.","2024,2025,2026",26.0,116.5,0.745,modelo_sem_versao,,,,,modelo_correspondido_sem_versao,sem_correspondencia_segura,"Pareamento conservador no nível de modelo; a versão não é atribuída. Inmetro é ensaio, preço é anúncio, ABVE é emplacamento."
GEELY,GEELY EX2 MAX,BEV,17,7,0.8881922675026124,"Ranking de emplacamentos ABVE para Bauru; não informa preço, comprador, local de recarga ou frota sobrevivente.","2025,2026",4.0,289.0,0.39,modelo_sem_versao,,,,,modelo_correspondido_sem_versao,sem_correspondencia_segura,"Pareamento conservador no nível de modelo; a versão não é atribuída. Inmetro é ensaio, preço é anúncio, ABVE é emplacamento."
GAC,GAC AION UT ELITE,BEV,15,4,0.7836990595611285,"Ranking de emplacamentos ABVE para Bauru; não informa preço, comprador, local de recarga ou frota sobrevivente.",2026,2.0,281.5,0.54,modelo_sem_versao,,,,,modelo_correspondido_sem_versao,sem_correspondencia_segura,"Pareamento conservador no nível de modelo; a versão não é atribuída. Inmetro é ensaio, preço é anúncio, ABVE é emplacamento."
GM,CHEV SPARK EUV ACTIV,BEV,15,8,0.7836990595611285,"Ranking de emplacamentos ABVE para Bauru; não informa preço, comprador, local de recarga ou frota sobrevivente.",,,,,,,,,,sem_correspondencia_segura,sem_correspondencia_segura,"Pareamento conservador no nível de modelo; a versão não é atribuída. Inmetro é ensaio, preço é anúncio, ABVE é emplacamento."
BYD,BYD SONG PRO GS DM FLEX,PHEV,14,1,0.7314524555903866,"Ranking de emplacamentos ABVE para Bauru; não informa preço, comprador, local de recarga ou frota sobrevivente.","2024,2025,2026",8.0,59.5,0.585,modelo_sem_versao,3.0,199990.0,2024-07-10,2025-07-07,modelo_correspondido_sem_versao,modelo_correspondido_sem_versao,"Pareamento conservador no nível de modelo; a versão não é atribuída. Inmetro é ensaio, preço é anúncio, ABVE é emplacamento."
GWM,GWM TANK 300 PHEV,PHEV,14,10,0.7314524555903866,"Ranking de emplacamentos ABVE para Bauru; não informa preço, comprador, local de recarga ou frota sobrevivente.","2025,2026",3.0,75.0,1.09,modelo_sem_versao,,,,,modelo_correspondido_sem_versao,sem_correspondencia_segura,"Pareamento conservador no nível de modelo; a versão não é atribuída. Inmetro é ensaio, preço é anúncio, ABVE é emplacamento."
GAC,GAC AION V ELITE,BEV,12,8,0.6269592476489029,"Ranking de emplacamentos ABVE para Bauru; não informa preço, comprador, local de recarga ou frota sobrevivente.","2025,2026",4.0,357.0,0.545,modelo_sem_versao,,,,,modelo_correspondido_sem_versao,sem_correspondencia_segura,"Pareamento conservador no nível de modelo; a versão não é atribuída. Inmetro é ensaio, preço é anúncio, ABVE é emplacamento."
BYD,BYD YUAN PRO GS 290EV,BEV,11,9,0.5747126436781609,"Ranking de emplacamentos ABVE para Bauru; não informa preço, comprador, local de recarga ou frota sobrevivente.","2024,2025,2026",3.0,250.0,0.51,modelo_sem_versao,1.0,182800.0,2025-07-07,2025-07-07,modelo_correspondido_sem_versao,modelo_correspondido_sem_versao,"Pareamento conservador no nível de modelo; a versão não é atribuída. Inmetro é ensaio, preço é anúncio, ABVE é emplacamento."
GEELY,GEELY EX2 PRO,BEV,11,7,0.5747126436781609,"Ranking de emplacamentos ABVE para Bauru; não informa preço, comprador, local de recarga ou frota sobrevivente.","2025,2026",4.0,289.0,0.39,modelo_sem_versao,,,,,modelo_correspondido_sem_versao,sem_correspondencia_segura,"Pareamento conservador no nível de modelo; a versão não é atribuída. Inmetro é ensaio, preço é anúncio, ABVE é emplacamento."
GWM,GWM HAVAL H6 PHEV35,PHEV,10,5,0.522466039707419,"Ranking de emplacamentos ABVE para Bauru; não informa preço, comprador, local de recarga ou frota sobrevivente.","2024,2025,2026",26.0,116.5,0.745,modelo_sem_versao,,,,,modelo_correspondido_sem_versao,sem_correspondencia_segura,"Pareamento conservador no nível de modelo; a versão não é atribuída. Inmetro é ensaio, preço é anúncio, ABVE é emplacamento."
JETOUR,JETOUR T2 I-DM PREMIUM,PHEV,10,6,0.522466039707419,"Ranking de emplacamentos ABVE para Bauru; não informa preço, comprador, local de recarga ou frota sobrevivente.",2026,3.0,75.0,0.8,modelo_sem_versao,,,,,modelo_correspondido_sem_versao,sem_correspondencia_segura,"Pareamento conservador no nível de modelo; a versão não é atribuída. Inmetro é ensaio, preço é anúncio, ABVE é emplacamento."
GAC,GAC GS4 PREMIUM,BEV,8,5,0.4179728317659352,"Ranking de emplacamentos ABVE para Bauru; não informa preço, comprador, local de recarga ou frota sobrevivente.","2025,2026",4.0,,1.64,modelo_sem_versao,,,,,sem_correspondencia_segura,sem_correspondencia_segura,"Pareamento conservador no nível de modelo; a versão não é atribuída. Inmetro é ensaio, preço é anúncio, ABVE é emplacamento."
GAC,GAC AION UT PREMIUM,BEV,8,3,0.4179728317659352,"Ranking de emplacamentos ABVE para Bauru; não informa preço, comprador, local de recarga ou frota sobrevivente.",2026,2.0,281.5,0.54,modelo_sem_versao,,,,,modelo_correspondido_sem_versao,sem_correspondencia_segura,"Pareamento conservador no nível de modelo; a versão não é atribuída. Inmetro é ensaio, preço é anúncio, ABVE é emplacamento."
CAOA CHERY,CAOACHERY TIGGO8 PHEV,PHEV,8,5,0.4179728317659352,"Ranking de emplacamentos ABVE para Bauru; não informa preço, comprador, local de recarga ou frota sobrevivente.","2024,2025,2026",4.0,56.0,0.66,modelo_sem_versao,,,,,modelo_correspondido_sem_versao,sem_correspondencia_segura,"Pareamento conservador no nível de modelo; a versão não é atribuída. Inmetro é ensaio, preço é anúncio, ABVE é emplacamento."
BYD,BYD ATTO 8 GS DM,PHEV,8,5,0.4179728317659352,"Ranking de emplacamentos ABVE para Bauru; não informa preço, comprador, local de recarga ou frota sobrevivente.",2026,1.0,111.0,0.71,modelo_sem_versao,,,,,modelo_correspondido_sem_versao,sem_correspondencia_segura,"Pareamento conservador no nível de modelo; a versão não é atribuída. Inmetro é ensaio, preço é anúncio, ABVE é emplacamento."
VOLVO,VOLVO EX30 E60 ULTRA,BEV,8,4,0.4179728317659352,"Ranking de emplacamentos ABVE para Bauru; não informa preço, comprador, local de recarga ou frota sobrevivente.","2024,2025,2026",18.0,335.5,0.535,modelo_sem_versao,,,,,modelo_correspondido_sem_versao,sem_correspondencia_segura,"Pareamento conservador no nível de modelo; a versão não é atribuída. Inmetro é ensaio, preço é anúncio, ABVE é emplacamento."
GWM,GWM ORA 03 BEV58,BEV,8,7,0.4179728317659352,"Ranking de emplacamentos ABVE para Bauru; não informa preço, comprador, local de recarga ou frota sobrevivente.","2024,2025,2026",10.0,305.0,0.515,modelo_sem_versao,,,,,modelo_correspondido_sem_versao,sem_correspondencia_segura,"Pareamento conservador no nível de modelo; a versão não é atribuída. Inmetro é ensaio, preço é anúncio, ABVE é emplacamento."
JETOUR,JETOUR S06 DM PREMIUM,PHEV,8,5,0.4179728317659352,"Ranking de emplacamentos ABVE para Bauru; não informa preço, comprador, local de recarga ou frota sobrevivente.",2026,2.0,70.0,0.62,modelo_sem_versao,,,,,modelo_correspondido_sem_versao,sem_correspondencia_segura,"Pareamento conservador no nível de modelo; a versão não é atribuída. Inmetro é ensaio, preço é anúncio, ABVE é emplacamento."
OMODA JAECOO,OMODA E5,BEV,7,6,0.3657262277951933,"Ranking de emplacamentos ABVE para Bauru; não informa preço, comprador, local de recarga ou frota sobrevivente.",,,,,,,,,,sem_correspondencia_segura,sem_correspondencia_segura,"Pareamento conservador no nível de modelo; a versão não é atribuída. Inmetro é ensaio, preço é anúncio, ABVE é emplacamento."
JETOUR,JETOUR T2 I-DM PRM 4X4,PHEV,7,2,0.3657262277951933,"Ranking de emplacamentos ABVE para Bauru; não informa preço, comprador, local de recarga ou frota sobrevivente.",2026,3.0,75.0,0.8,modelo_sem_versao,,,,,modelo_correspondido_sem_versao,sem_correspondencia_segura,"Pareamento conservador no nível de modelo; a versão não é atribuída. Inmetro é ensaio, preço é anúncio, ABVE é emplacamento."
DENZA,DENZA B5 GS DM,PHEV,6,3,0.3134796238244514,"Ranking de emplacamentos ABVE para Bauru; não informa preço, comprador, local de recarga ou frota sobrevivente.","2025,2026",2.0,74.0,0.93,modelo_sem_versao,,,,,modelo_correspondido_sem_versao,sem_correspondencia_segura,"Pareamento conservador no nível de modelo; a versão não é atribuída. Inmetro é ensaio, preço é anúncio, ABVE é emplacamento."
BMW,BMW X5 XDRIVE50E MSP,PHEV,6,6,0.3134796238244514,"Ranking de emplacamentos ABVE para Bauru; não informa preço, comprador, local de recarga ou frota sobrevivente.","2024,2025,2026",7.0,76.0,0.88,modelo_sem_versao,,,,,modelo_correspondido_sem_versao,sem_correspondencia_segura,"Pareamento conservador no nível de modelo; a versão não é atribuída. Inmetro é ensaio, preço é anúncio, ABVE é emplacamento."
GM,CHEV CAPTIVA EV PR,BEV,6,3,0.3134796238244514,"Ranking de emplacamentos ABVE para Bauru; não informa preço, comprador, local de recarga ou frota sobrevivente.",,,,,,,,,,sem_correspondencia_segura,sem_correspondencia_segura,"Pareamento conservador no nível de modelo; a versão não é atribuída. Inmetro é ensaio, preço é anúncio, ABVE é emplacamento."
GWM,GWM ORA 03 BEV58 C,BEV,6,5,0.3134796238244514,"Ranking de emplacamentos ABVE para Bauru; não informa preço, comprador, local de recarga ou frota sobrevivente.","2024,2025,2026",10.0,305.0,0.515,modelo_sem_versao,,,,,modelo_correspondido_sem_versao,sem_correspondencia_segura,"Pareamento conservador no nível de modelo; a versão não é atribuída. Inmetro é ensaio, preço é anúncio, ABVE é emplacamento."
GWM,GWM WEY 07,PHEV,6,6,0.3134796238244514,"Ranking de emplacamentos ABVE para Bauru; não informa preço, comprador, local de recarga ou frota sobrevivente.","2025,2026",3.0,128.0,0.83,modelo_sem_versao,,,,,modelo_correspondido_sem_versao,sem_correspondencia_segura,"Pareamento conservador no nível de modelo; a versão não é atribuída. Inmetro é ensaio, preço é anúncio, ABVE é emplacamento."
PORSCHE,PORSCHE CAYENNE S PHEV,PHEV,6,6,0.3134796238244514,"Ranking de emplacamentos ABVE para Bauru; não informa preço, comprador, local de recarga ou frota sobrevivente.","2024,2025,2026",31.0,57.0,0.98,modelo_sem_versao,,,,,modelo_correspondido_sem_versao,sem_correspondencia_segura,"Pareamento conservador no nível de modelo; a versão não é atribuída. Inmetro é ensaio, preço é anúncio, ABVE é emplacamento."
JETOUR,JETOUR T1 I-DM PREMIUM,PHEV,6,4,0.3134796238244514,"Ranking de emplacamentos ABVE para Bauru; não informa preço, comprador, local de recarga ou frota sobrevivente.",2026,2.0,88.0,0.66,modelo_sem_versao,,,,,modelo_correspondido_sem_versao,sem_correspondencia_segura,"Pareamento conservador no nível de modelo; a versão não é atribuída. Inmetro é ensaio, preço é anúncio, ABVE é emplacamento."
PORSCHE,PORSCHE CAYENNE CP PHE,PHEV,6,5,0.3134796238244514,"Ranking de emplacamentos ABVE para Bauru; não informa preço, comprador, local de recarga ou frota sobrevivente.","2024,2025,2026",31.0,57.0,0.98,modelo_sem_versao,,,,,modelo_correspondido_sem_versao,sem_correspondencia_segura,"Pareamento conservador no nível de modelo; a versão não é atribuída. Inmetro é ensaio, preço é anúncio, ABVE é emplacamento."
OMODA JAECOO,OMODA 7 PHEV PRESTIGE,PHEV,6,4,0.3134796238244514,"Ranking de emplacamentos ABVE para Bauru; não informa preço, comprador, local de recarga ou frota sobrevivente.",,,,,,,,,,sem_correspondencia_segura,sem_correspondencia_segura,"Pareamento conservador no nível de modelo; a versão não é atribuída. Inmetro é ensaio, preço é anúncio, ABVE é emplacamento."
GAC,GAC AION Y ELITE,BEV,5,4,0.2612330198537095,"Ranking de emplacamentos ABVE para Bauru; não informa preço, comprador, local de recarga ou frota sobrevivente.","2025,2026",5.0,318.0,0.57,modelo_sem_versao,,,,,modelo_correspondido_sem_versao,sem_correspondencia_segura,"Pareamento conservador no nível de modelo; a versão não é atribuída. Inmetro é ensaio, preço é anúncio, ABVE é emplacamento."
GEELY,GEELY EX5 EM-I MAX,PHEV,5,3,0.2612330198537095,"Ranking de emplacamentos ABVE para Bauru; não informa preço, comprador, local de recarga ou frota sobrevivente.","2025,2026",6.0,349.0,0.51,modelo_sem_versao,,,,,modelo_correspondido_sem_versao,sem_correspondencia_segura,"Pareamento conservador no nível de modelo; a versão não é atribuída. Inmetro é ensaio, preço é anúncio, ABVE é emplacamento."
RENAULT,RENAULT E-KWID TECHNO,BEV,5,3,0.2612330198537095,"Ranking de emplacamentos ABVE para Bauru; não informa preço, comprador, local de recarga ou frota sobrevivente.","2024,2025,2026",6.0,185.0,0.44,modelo_sem_versao,,,,,modelo_correspondido_sem_versao,sem_correspondencia_segura,"Pareamento conservador no nível de modelo; a versão não é atribuída. Inmetro é ensaio, preço é anúncio, ABVE é emplacamento."
JETOUR,JETOUR S06 DM ADVANCE,PHEV,5,4,0.2612330198537095,"Ranking de emplacamentos ABVE para Bauru; não informa preço, comprador, local de recarga ou frota sobrevivente.",2026,2.0,70.0,0.62,modelo_sem_versao,,,,,modelo_correspondido_sem_versao,sem_correspondencia_segura,"Pareamento conservador no nível de modelo; a versão não é atribuída. Inmetro é ensaio, preço é anúncio, ABVE é emplacamento."
JETOUR,JETOUR T1 I-DM ADVANCE,PHEV,4,3,0.2089864158829676,"Ranking de emplacamentos ABVE para Bauru; não informa preço, comprador, local de recarga ou frota sobrevivente.",2026,2.0,88.0,0.66,modelo_sem_versao,,,,,modelo_correspondido_sem_versao,sem_correspondencia_segura,"Pareamento conservador no nível de modelo; a versão não é atribuída. Inmetro é ensaio, preço é anúncio, ABVE é emplacamento."
VOLVO,VOLVO EX30 E60 CORE,BEV,4,3,0.2089864158829676,"Ranking de emplacamentos ABVE para Bauru; não informa preço, comprador, local de recarga ou frota sobrevivente.","2024,2025,2026",18.0,335.5,0.535,modelo_sem_versao,,,,,modelo_correspondido_sem_versao,sem_correspondencia_segura,"Pareamento conservador no nível de modelo; a versão não é atribuída. Inmetro é ensaio, preço é anúncio, ABVE é emplacamento."
BYD,BYD DOLPHIN SE 290EV,BEV,4,3,0.2089864158829676,"Ranking de emplacamentos ABVE para Bauru; não informa preço, comprador, local de recarga ou frota sobrevivente.","2024,2025,2026",7.0,291.0,0.49,modelo_sem_versao,,,,,modelo_correspondido_sem_versao,sem_correspondencia_segura,"Pareamento conservador no nível de modelo; a versão não é atribuída. Inmetro é ensaio, preço é anúncio, ABVE é emplacamento."
BYD,BYD SHARK GS DM,PHEV,4,4,0.2089864158829676,"Ranking de emplacamentos ABVE para Bauru; não informa preço, comprador, local de recarga ou frota sobrevivente.","2025,2026",4.0,68.0,0.91,modelo_sem_versao,1.0,379800.0,2025-07-07,2025-07-07,modelo_correspondido_sem_versao,modelo_correspondido_sem_versao,"Pareamento conservador no nível de modelo; a versão não é atribuída. Inmetro é ensaio, preço é anúncio, ABVE é emplacamento."
GWM,GWM ORA 5,BEV,4,2,0.2089864158829676,"Ranking de emplacamentos ABVE para Bauru; não informa preço, comprador, local de recarga ou frota sobrevivente.",2026,1.0,349.0,0.49,modelo_sem_versao,,,,,modelo_correspondido_sem_versao,sem_correspondencia_segura,"Pareamento conservador no nível de modelo; a versão não é atribuída. Inmetro é ensaio, preço é anúncio, ABVE é emplacamento."
CAOA CHERY,CAOACHERY TIGGO7 PHEV,PHEV,4,2,0.2089864158829676,"Ranking de emplacamentos ABVE para Bauru; não informa preço, comprador, local de recarga ou frota sobrevivente.","2024,2025,2026",9.0,60.0,1.82,modelo_sem_versao,,,,,modelo_correspondido_sem_versao,sem_correspondencia_segura,"Pareamento conservador no nível de modelo; a versão não é atribuída. Inmetro é ensaio, preço é anúncio, ABVE é emplacamento."
VOLVO,VOLVO XC60 T8 ULTRA,PHEV,4,4,0.2089864158829676,"Ranking de emplacamentos ABVE para Bauru; não informa preço, comprador, local de recarga ou frota sobrevivente.","2024,2025,2026",29.0,48.0,0.86,modelo_sem_versao,,,,,modelo_correspondido_sem_versao,sem_correspondencia_segura,"Pareamento conservador no nível de modelo; a versão não é atribuída. Inmetro é ensaio, preço é anúncio, ABVE é emplacamento."
GWM,GWM TANK 300 PHEV FLEX,PHEV,4,3,0.2089864158829676,"Ranking de emplacamentos ABVE para Bauru; não informa preço, comprador, local de recarga ou frota sobrevivente.","2025,2026",3.0,75.0,1.09,modelo_sem_versao,,,,,modelo_correspondido_sem_versao,sem_correspondencia_segura,"Pareamento conservador no nível de modelo; a versão não é atribuída. Inmetro é ensaio, preço é anúncio, ABVE é emplacamento."
VOLVO,VOLVO XC60 T8 ULTIMATE,PHEV,4,4,0.2089864158829676,"Ranking de emplacamentos ABVE para Bauru; não informa preço, comprador, local de recarga ou frota sobrevivente.","2024,2025,2026",29.0,48.0,0.86,modelo_sem_versao,,,,,modelo_correspondido_sem_versao,sem_correspondencia_segura,"Pareamento conservador no nível de modelo; a versão não é atribuída. Inmetro é ensaio, preço é anúncio, ABVE é emplacamento."
GWM,GWM HAVAL H6 PHEV,PHEV,3,3,0.1567398119122257,"Ranking de emplacamentos ABVE para Bauru; não informa preço, comprador, local de recarga ou frota sobrevivente.","2024,2025,2026",26.0,116.5,0.745,modelo_sem_versao,,,,,modelo_correspondido_sem_versao,sem_correspondencia_segura,"Pareamento conservador no nível de modelo; a versão não é atribuída. Inmetro é ensaio, preço é anúncio, ABVE é emplacamento."
VOLVO,VOLVO XC60 T8 ULT DARK,PHEV,3,3,0.1567398119122257,"Ranking de emplacamentos ABVE para Bauru; não informa preço, comprador, local de recarga ou frota sobrevivente.","2024,2025,2026",29.0,48.0,0.86,modelo_sem_versao,,,,,modelo_correspondido_sem_versao,sem_correspondencia_segura,"Pareamento conservador no nível de modelo; a versão não é atribuída. Inmetro é ensaio, preço é anúncio, ABVE é emplacamento."
VOLVO,VOLVO XC60 T8 PLUS,PHEV,3,3,0.1567398119122257,"Ranking de emplacamentos ABVE para Bauru; não informa preço, comprador, local de recarga ou frota sobrevivente.","2024,2025,2026",29.0,48.0,0.86,modelo_sem_versao,,,,,modelo_correspondido_sem_versao,sem_correspondencia_segura,"Pareamento conservador no nível de modelo; a versão não é atribuída. Inmetro é ensaio, preço é anúncio, ABVE é emplacamento."
PORSCHE,PORSCHE CAYENNE PHEV,PHEV,3,3,0.1567398119122257,"Ranking de emplacamentos ABVE para Bauru; não informa preço, comprador, local de recarga ou frota sobrevivente.","2024,2025,2026",31.0,57.0,0.98,modelo_sem_versao,,,,,modelo_correspondido_sem_versao,sem_correspondencia_segura,"Pareamento conservador no nível de modelo; a versão não é atribuída. Inmetro é ensaio, preço é anúncio, ABVE é emplacamento."
JETOUR,JETOUR T2 I-DM ADVANCE,PHEV,3,2,0.1567398119122257,"Ranking de emplacamentos ABVE para Bauru; não informa preço, comprador, local de recarga ou frota sobrevivente.",2026,3.0,75.0,0.8,modelo_sem_versao,,,,,modelo_correspondido_sem_versao,sem_correspondencia_segura,"Pareamento conservador no nível de modelo; a versão não é atribuída. Inmetro é ensaio, preço é anúncio, ABVE é emplacamento."
BMW,BMW 330E,PHEV,2,2,0.1044932079414838,"Ranking de emplacamentos ABVE para Bauru; não informa preço, comprador, local de recarga ou frota sobrevivente.","2024,2025,2026",4.0,61.0,0.92,modelo_sem_versao,,,,,modelo_correspondido_sem_versao,sem_correspondencia_segura,"Pareamento conservador no nível de modelo; a versão não é atribuída. Inmetro é ensaio, preço é anúncio, ABVE é emplacamento."
BMW,BMW X6 XDRIVE40I MSP,PHEV,2,2,0.1044932079414838,"Ranking de emplacamentos ABVE para Bauru; não informa preço, comprador, local de recarga ou frota sobrevivente.","2024,2025,2026",6.0,,2.33,modelo_sem_versao,,,,,sem_correspondencia_segura,sem_correspondencia_segura,"Pareamento conservador no nível de modelo; a versão não é atribuída. Inmetro é ensaio, preço é anúncio, ABVE é emplacamento."
ZEEKR,ZEEKR 7X FLAGSHIP AWD,BEV,2,2,0.1044932079414838,"Ranking de emplacamentos ABVE para Bauru; não informa preço, comprador, local de recarga ou frota sobrevivente.","2024,2025,2026",8.0,332.0,0.5700000000000001,modelo_sem_versao,,,,,modelo_correspondido_sem_versao,sem_correspondencia_segura,"Pareamento conservador no nível de modelo; a versão não é atribuída. Inmetro é ensaio, preço é anúncio, ABVE é emplacamento."
OMODA JAECOO,OMODA 7 PHEV LUXURY,PHEV,2,1,0.1044932079414838,"Ranking de emplacamentos ABVE para Bauru; não informa preço, comprador, local de recarga ou frota sobrevivente.",,,,,,,,,,sem_correspondencia_segura,sem_correspondencia_segura,"Pareamento conservador no nível de modelo; a versão não é atribuída. Inmetro é ensaio, preço é anúncio, ABVE é emplacamento."
PORSCHE,PORSCHE PANAMERA 4SEHY,PHEV,2,2,0.1044932079414838,"Ranking de emplacamentos ABVE para Bauru; não informa preço, comprador, local de recarga ou frota sobrevivente.","2024,2025,2026",15.0,60.0,0.96,modelo_sem_versao,,,,,modelo_correspondido_sem_versao,sem_correspondencia_segura,"Pareamento conservador no nível de modelo; a versão não é atribuída. Inmetro é ensaio, preço é anúncio, ABVE é emplacamento."
VOLVO,VOLVO C40 8 ULTIMATE,BEV,2,1,0.1044932079414838,"Ranking de emplacamentos ABVE para Bauru; não informa preço, comprador, local de recarga ou frota sobrevivente.",2024,7.0,353.0,0.6,modelo_sem_versao,,,,,modelo_correspondido_sem_versao,sem_correspondencia_segura,"Pareamento conservador no nível de modelo; a versão não é atribuída. Inmetro é ensaio, preço é anúncio, ABVE é emplacamento."
VOLVO,VOLVO EX40 6 PLUS,BEV,2,2,0.1044932079414838,"Ranking de emplacamentos ABVE para Bauru; não informa preço, comprador, local de recarga ou frota sobrevivente.","2024,2025,2026",21.0,393.0,0.59,modelo_sem_versao,,,,,modelo_correspondido_sem_versao,sem_correspondencia_segura,"Pareamento conservador no nível de modelo; a versão não é atribuída. Inmetro é ensaio, preço é anúncio, ABVE é emplacamento."
TOYOTA,TOYOTA RAV4 XSE PHEV,PHEV,2,2,0.1044932079414838,"Ranking de emplacamentos ABVE para Bauru; não informa preço, comprador, local de recarga ou frota sobrevivente.","2024,2025,2026",5.0,55.0,1.43,modelo_sem_versao,,,,,modelo_correspondido_sem_versao,sem_correspondencia_segura,"Pareamento conservador no nível de modelo; a versão não é atribuída. Inmetro é ensaio, preço é anúncio, ABVE é emplacamento."
LEAPMOTOR,LPM C10 REEV E27,PHEV,2,2,0.1044932079414838,"Ranking de emplacamentos ABVE para Bauru; não informa preço, comprador, local de recarga ou frota sobrevivente.","2025,2026",4.0,224.5,0.63,modelo_sem_versao,,,,,modelo_correspondido_sem_versao,sem_correspondencia_segura,"Pareamento conservador no nível de modelo; a versão não é atribuída. Inmetro é ensaio, preço é anúncio, ABVE é emplacamento."
GWM,GWM HAVAL H6 PHEV35 FF,PHEV,2,2,0.1044932079414838,"Ranking de emplacamentos ABVE para Bauru; não informa preço, comprador, local de recarga ou frota sobrevivente.","2024,2025,2026",26.0,116.5,0.745,modelo_sem_versao,,,,,modelo_correspondido_sem_versao,sem_correspondencia_segura,"Pareamento conservador no nível de modelo; a versão não é atribuída. Inmetro é ensaio, preço é anúncio, ABVE é emplacamento."
M.BENZ,M.BENZ GLE450 D 4M,PHEV,2,2,0.1044932079414838,"Ranking de emplacamentos ABVE para Bauru; não informa preço, comprador, local de recarga ou frota sobrevivente.",,,,,,,,,,sem_correspondencia_segura,sem_correspondencia_segura,"Pareamento conservador no nível de modelo; a versão não é atribuída. Inmetro é ensaio, preço é anúncio, ABVE é emplacamento."
BMW,BMW X3 XDRIVE30E,PHEV,2,1,0.1044932079414838,"Ranking de emplacamentos ABVE para Bauru; não informa preço, comprador, local de recarga ou frota sobrevivente.","2024,2025,2026",5.0,31.0,1.96,modelo_sem_versao,,,,,modelo_correspondido_sem_versao,sem_correspondencia_segura,"Pareamento conservador no nível de modelo; a versão não é atribuída. Inmetro é ensaio, preço é anúncio, ABVE é emplacamento."
GAC,GAC GS9 ULTRA,PHEV,2,1,0.1044932079414838,"Ranking de emplacamentos ABVE para Bauru; não informa preço, comprador, local de recarga ou frota sobrevivente.",2026,1.0,114.0,0.74,modelo_sem_versao,,,,,modelo_correspondido_sem_versao,sem_correspondencia_segura,"Pareamento conservador no nível de modelo; a versão não é atribuída. Inmetro é ensaio, preço é anúncio, ABVE é emplacamento."
BYD,BYD YUAN PLUS GL 310EV,BEV,2,2,0.1044932079414838,"Ranking de emplacamentos ABVE para Bauru; não informa preço, comprador, local de recarga ou frota sobrevivente.","2024,2025,2026",7.0,294.0,0.56,modelo_sem_versao,1.0,235800.0,2025-07-07,2025-07-07,modelo_correspondido_sem_versao,modelo_correspondido_sem_versao,"Pareamento conservador no nível de modelo; a versão não é atribuída. Inmetro é ensaio, preço é anúncio, ABVE é emplacamento."
BYD,BYD SEALION 7 GS 690EV,BEV,2,1,0.1044932079414838,"Ranking de emplacamentos ABVE para Bauru; não informa preço, comprador, local de recarga ou frota sobrevivente.","2024,2025,2026",4.0,372.0,0.62,modelo_sem_versao,1.0,249990.0,2025-07-07,2025-07-07,modelo_correspondido_sem_versao,modelo_correspondido_sem_versao,"Pareamento conservador no nível de modelo; a versão não é atribuída. Inmetro é ensaio, preço é anúncio, ABVE é emplacamento."
GEELY,GEELY EX5 EM-I ULTRA,PHEV,2,2,0.1044932079414838,"Ranking de emplacamentos ABVE para Bauru; não informa preço, comprador, local de recarga ou frota sobrevivente.","2025,2026",6.0,349.0,0.51,modelo_sem_versao,,,,,modelo_correspondido_sem_versao,sem_correspondencia_segura,"Pareamento conservador no nível de modelo; a versão não é atribuída. Inmetro é ensaio, preço é anúncio, ABVE é emplacamento."
GAC,GAC HYPTEC HT ULTRA,BEV,1,1,0.0522466039707419,"Ranking de emplacamentos ABVE para Bauru; não informa preço, comprador, local de recarga ou frota sobrevivente.","2025,2026",3.0,431.0,0.53,modelo_sem_versao,,,,,modelo_correspondido_sem_versao,sem_correspondencia_segura,"Pareamento conservador no nível de modelo; a versão não é atribuída. Inmetro é ensaio, preço é anúncio, ABVE é emplacamento."
FERRARI,FERRARI 296 GTS,PHEV,1,1,0.0522466039707419,"Ranking de emplacamentos ABVE para Bauru; não informa preço, comprador, local de recarga ou frota sobrevivente.","2024,2025,2026",6.0,10.5,1.995,modelo_sem_versao,,,,,modelo_correspondido_sem_versao,sem_correspondencia_segura,"Pareamento conservador no nível de modelo; a versão não é atribuída. Inmetro é ensaio, preço é anúncio, ABVE é emplacamento."
BYD,BYD YUAN PLUS GS 560EV,BEV,1,1,0.0522466039707419,"Ranking de emplacamentos ABVE para Bauru; não informa preço, comprador, local de recarga ou frota sobrevivente.","2024,2025,2026",7.0,294.0,0.56,modelo_sem_versao,1.0,235800.0,2025-07-07,2025-07-07,modelo_correspondido_sem_versao,modelo_correspondido_sem_versao,"Pareamento conservador no nível de modelo; a versão não é atribuída. Inmetro é ensaio, preço é anúncio, ABVE é emplacamento."
BYD,BYD TAN AWD GS 700EV,BEV,1,1,0.0522466039707419,"Ranking de emplacamentos ABVE para Bauru; não informa preço, comprador, local de recarga ou frota sobrevivente.","2024,2025,2026",4.0,430.0,0.73,modelo_sem_versao,1.0,536800.0,2025-07-07,2025-07-07,modelo_correspondido_sem_versao,modelo_correspondido_sem_versao,"Pareamento conservador no nível de modelo; a versão não é atribuída. Inmetro é ensaio, preço é anúncio, ABVE é emplacamento."
FERRARI,FERRARI 296 GTB,PHEV,1,1,0.0522466039707419,"Ranking de emplacamentos ABVE para Bauru; não informa preço, comprador, local de recarga ou frota sobrevivente.","2024,2025,2026",6.0,10.5,1.995,modelo_sem_versao,,,,,modelo_correspondido_sem_versao,sem_correspondencia_segura,"Pareamento conservador no nível de modelo; a versão não é atribuída. Inmetro é ensaio, preço é anúncio, ABVE é emplacamento."
GAC,GAC AION ES PLUS,BEV,1,1,0.0522466039707419,"Ranking de emplacamentos ABVE para Bauru; não informa preço, comprador, local de recarga ou frota sobrevivente.","2025,2026",2.0,314.0,0.45,modelo_sem_versao,,,,,modelo_correspondido_sem_versao,sem_correspondencia_segura,"Pareamento conservador no nível de modelo; a versão não é atribuída. Inmetro é ensaio, preço é anúncio, ABVE é emplacamento."
FORD,FORD MUSTANG MACH-E GT,BEV,1,1,0.0522466039707419,"Ranking de emplacamentos ABVE para Bauru; não informa preço, comprador, local de recarga ou frota sobrevivente.","2024,2025",2.0,379.0,0.69,modelo_sem_versao,,,,,modelo_correspondido_sem_versao,sem_correspondencia_segura,"Pareamento conservador no nível de modelo; a versão não é atribuída. Inmetro é ensaio, preço é anúncio, ABVE é emplacamento."
BYD,BYD HAN AWD GS 680EV,BEV,1,1,0.0522466039707419,"Ranking de emplacamentos ABVE para Bauru; não informa preço, comprador, local de recarga ou frota sobrevivente.","2024,2025,2026",3.0,349.0,0.69,modelo_sem_versao,1.0,559800.0,2025-07-07,2025-07-07,modelo_correspondido_sem_versao,modelo_correspondido_sem_versao,"Pareamento conservador no nível de modelo; a versão não é atribuída. Inmetro é ensaio, preço é anúncio, ABVE é emplacamento."
BMW,BMW 530E M SPORT,PHEV,1,1,0.0522466039707419,"Ranking de emplacamentos ABVE para Bauru; não informa preço, comprador, local de recarga ou frota sobrevivente.","2024,2025,2026",5.0,70.0,0.76,modelo_sem_versao,,,,,modelo_correspondido_sem_versao,sem_correspondencia_segura,"Pareamento conservador no nível de modelo; a versão não é atribuída. Inmetro é ensaio, preço é anúncio, ABVE é emplacamento."
AUDI,AUDI SQ8 SB E TRON,BEV,1,1,0.0522466039707419,"Ranking de emplacamentos ABVE para Bauru; não informa preço, comprador, local de recarga ou frota sobrevivente.",,,,,,,,,,sem_correspondencia_segura,sem_correspondencia_segura,"Pareamento conservador no nível de modelo; a versão não é atribuída. Inmetro é ensaio, preço é anúncio, ABVE é emplacamento."
AUDI,AUDI Q5 SB P-HIBRIDO,PHEV,1,1,0.0522466039707419,"Ranking de emplacamentos ABVE para Bauru; não informa preço, comprador, local de recarga ou frota sobrevivente.",,,,,,,,,,sem_correspondencia_segura,sem_correspondencia_segura,"Pareamento conservador no nível de modelo; a versão não é atribuída. Inmetro é ensaio, preço é anúncio, ABVE é emplacamento."
JAC,JAC E JS1,BEV,1,1,0.0522466039707419,"Ranking de emplacamentos ABVE para Bauru; não informa preço, comprador, local de recarga ou frota sobrevivente.","2024,2025,2026",6.0,181.0,0.5,modelo_sem_versao,,,,,modelo_correspondido_sem_versao,sem_correspondencia_segura,"Pareamento conservador no nível de modelo; a versão não é atribuída. Inmetro é ensaio, preço é anúncio, ABVE é emplacamento."
LAND ROVER,LR DEF110 PHEV HSE XD,PHEV,1,1,0.0522466039707419,"Ranking de emplacamentos ABVE para Bauru; não informa preço, comprador, local de recarga ou frota sobrevivente.",,,,,,,,,,sem_correspondencia_segura,sem_correspondencia_segura,"Pareamento conservador no nível de modelo; a versão não é atribuída. Inmetro é ensaio, preço é anúncio, ABVE é emplacamento."
HITECH,AOXIN HITECH ECOTECH 2,BEV,1,1,0.0522466039707419,"Ranking de emplacamentos ABVE para Bauru; não informa preço, comprador, local de recarga ou frota sobrevivente.",,,,,,,,,,sem_correspondencia_segura,sem_correspondencia_segura,"Pareamento conservador no nível de modelo; a versão não é atribuída. Inmetro é ensaio, preço é anúncio, ABVE é emplacamento."
LAND ROVER,LR RRS PHEV AB,PHEV,1,1,0.0522466039707419,"Ranking de emplacamentos ABVE para Bauru; não informa preço, comprador, local de recarga ou frota sobrevivente.",,,,,,,,,,sem_correspondencia_segura,sem_correspondencia_segura,"Pareamento conservador no nível de modelo; a versão não é atribuída. Inmetro é ensaio, preço é anúncio, ABVE é emplacamento."
LAND ROVER,LR VELAR PHEV HSE DYN,PHEV,1,1,0.0522466039707419,"Ranking de emplacamentos ABVE para Bauru; não informa preço, comprador, local de recarga ou frota sobrevivente.","2024,2025,2026",15.0,39.0,1.0,modelo_sem_versao,,,,,modelo_correspondido_sem_versao,sem_correspondencia_segura,"Pareamento conservador no nível de modelo; a versão não é atribuída. Inmetro é ensaio, preço é anúncio, ABVE é emplacamento."
MINI,MINI COOPER SE,BEV,1,1,0.0522466039707419,"Ranking de emplacamentos ABVE para Bauru; não informa preço, comprador, local de recarga ou frota sobrevivente.","2024,2025,2026",5.0,246.0,0.48,modelo_sem_versao,,,,,modelo_correspondido_sem_versao,sem_correspondencia_segura,"Pareamento conservador no nível de modelo; a versão não é atribuída. Inmetro é ensaio, preço é anúncio, ABVE é emplacamento."
MG,MG S5 EV 62KWH LUX,BEV,1,1,0.0522466039707419,"Ranking de emplacamentos ABVE para Bauru; não informa preço, comprador, local de recarga ou frota sobrevivente.","2025,2026",4.0,351.0,0.51,modelo_sem_versao,,,,,modelo_correspondido_sem_versao,sem_correspondencia_segura,"Pareamento conservador no nível de modelo; a versão não é atribuída. Inmetro é ensaio, preço é anúncio, ABVE é emplacamento."
MG,MG MG4 64 KWH LUX,BEV,1,1,0.0522466039707419,"Ranking de emplacamentos ABVE para Bauru; não informa preço, comprador, local de recarga ou frota sobrevivente.","2025,2026",9.0,358.0,0.5,modelo_sem_versao,,,,,modelo_correspondido_sem_versao,sem_correspondencia_segura,"Pareamento conservador no nível de modelo; a versão não é atribuída. Inmetro é ensaio, preço é anúncio, ABVE é emplacamento."
LEXUS,LEXUS RX450H PLUG-IN,PHEV,1,1,0.0522466039707419,"Ranking de emplacamentos ABVE para Bauru; não informa preço, comprador, local de recarga ou frota sobrevivente.","2025,2026",2.0,56.0,0.615,modelo_sem_versao,,,,,modelo_correspondido_sem_versao,sem_correspondencia_segura,"Pareamento conservador no nível de modelo; a versão não é atribuída. Inmetro é ensaio, preço é anúncio, ABVE é emplacamento."
LEAPMOTOR,LPM B10 LIFE,BEV,1,1,0.0522466039707419,"Ranking de emplacamentos ABVE para Bauru; não informa preço, comprador, local de recarga ou frota sobrevivente.","2025,2026",2.0,288.0,0.55,modelo_sem_versao,,,,,modelo_correspondido_sem_versao,sem_correspondencia_segura,"Pareamento conservador no nível de modelo; a versão não é atribuída. Inmetro é ensaio, preço é anúncio, ABVE é emplacamento."
LEAPMOTOR,LPM C10 DESIGN,BEV,1,1,0.0522466039707419,"Ranking de emplacamentos ABVE para Bauru; não informa preço, comprador, local de recarga ou frota sobrevivente.","2025,2026",4.0,224.5,0.63,modelo_sem_versao,,,,,modelo_correspondido_sem_versao,sem_correspondencia_segura,"Pareamento conservador no nível de modelo; a versão não é atribuída. Inmetro é ensaio, preço é anúncio, ABVE é emplacamento."
MITSUBISHI,MMC OUTLANDER SIGNTR E,PHEV,1,1,0.0522466039707419,"Ranking de emplacamentos ABVE para Bauru; não informa preço, comprador, local de recarga ou frota sobrevivente.","2025,2026",4.0,58.0,0.77,modelo_sem_versao,,,,,modelo_correspondido_sem_versao,sem_correspondencia_segura,"Pareamento conservador no nível de modelo; a versão não é atribuída. Inmetro é ensaio, preço é anúncio, ABVE é emplacamento."
PEUGEOT,PEUGEOT E2008 GT,BEV,1,1,0.0522466039707419,"Ranking de emplacamentos ABVE para Bauru; não informa preço, comprador, local de recarga ou frota sobrevivente.","2024,2025,2026",4.0,261.0,0.55,modelo_sem_versao,,,,,modelo_correspondido_sem_versao,sem_correspondencia_segura,"Pareamento conservador no nível de modelo; a versão não é atribuída. Inmetro é ensaio, preço é anúncio, ABVE é emplacamento."
PORSCHE,PORSCHE PANAMERA 4EHYB,PHEV,1,1,0.0522466039707419,"Ranking de emplacamentos ABVE para Bauru; não informa preço, comprador, local de recarga ou frota sobrevivente.","2024,2025,2026",15.0,60.0,0.96,modelo_sem_versao,,,,,modelo_correspondido_sem_versao,sem_correspondencia_segura,"Pareamento conservador no nível de modelo; a versão não é atribuída. Inmetro é ensaio, preço é anúncio, ABVE é emplacamento."
VOLVO,VOLVO EX30 TWIN ULTRA,BEV,1,1,0.0522466039707419,"Ranking de emplacamentos ABVE para Bauru; não informa preço, comprador, local de recarga ou frota sobrevivente.","2024,2025,2026",18.0,335.5,0.535,modelo_sem_versao,,,,,modelo_correspondido_sem_versao,sem_correspondencia_segura,"Pareamento conservador no nível de modelo; a versão não é atribuída. Inmetro é ensaio, preço é anúncio, ABVE é emplacamento."
VOLVO,VOLVO EX30 E40 CORE,BEV,1,1,0.0522466039707419,"Ranking de emplacamentos ABVE para Bauru; não informa preço, comprador, local de recarga ou frota sobrevivente.","2024,2025,2026",18.0,335.5,0.535,modelo_sem_versao,,,,,modelo_correspondido_sem_versao,sem_correspondencia_segura,"Pareamento conservador no nível de modelo; a versão não é atribuída. Inmetro é ensaio, preço é anúncio, ABVE é emplacamento."
VOLVO,VOLVO EX30 E60 PLUS,BEV,1,1,0.0522466039707419,"Ranking de emplacamentos ABVE para Bauru; não informa preço, comprador, local de recarga ou frota sobrevivente.","2024,2025,2026",18.0,335.5,0.535,modelo_sem_versao,,,,,modelo_correspondido_sem_versao,sem_correspondencia_segura,"Pareamento conservador no nível de modelo; a versão não é atribuída. Inmetro é ensaio, preço é anúncio, ABVE é emplacamento."
VOLVO,VOLVO XC90 T8 AWD PLUS,PHEV,1,1,0.0522466039707419,"Ranking de emplacamentos ABVE para Bauru; não informa preço, comprador, local de recarga ou frota sobrevivente.","2024,2025,2026",39.0,47.0,0.88,modelo_sem_versao,,,,,modelo_correspondido_sem_versao,sem_correspondencia_segura,"Pareamento conservador no nível de modelo; a versão não é atribuída. Inmetro é ensaio, preço é anúncio, ABVE é emplacamento."
VOLVO,VOLVO XC90 T8 AWD ULT,PHEV,1,1,0.0522466039707419,"Ranking de emplacamentos ABVE para Bauru; não informa preço, comprador, local de recarga ou frota sobrevivente.","2024,2025,2026",39.0,47.0,0.88,modelo_sem_versao,,,,,modelo_correspondido_sem_versao,sem_correspondencia_segura,"Pareamento conservador no nível de modelo; a versão não é atribuída. Inmetro é ensaio, preço é anúncio, ABVE é emplacamento."
VOLVO,VOLVO XC90 T8 ULTIMATE,PHEV,1,1,0.0522466039707419,"Ranking de emplacamentos ABVE para Bauru; não informa preço, comprador, local de recarga ou frota sobrevivente.","2024,2025,2026",39.0,47.0,0.88,modelo_sem_versao,,,,,modelo_correspondido_sem_versao,sem_correspondencia_segura,"Pareamento conservador no nível de modelo; a versão não é atribuída. Inmetro é ensaio, preço é anúncio, ABVE é emplacamento."
VOLVO,VOLVO XC90 T8 ULTRA,PHEV,1,1,0.0522466039707419,"Ranking de emplacamentos ABVE para Bauru; não informa preço, comprador, local de recarga ou frota sobrevivente.","2024,2025,2026",39.0,47.0,0.88,modelo_sem_versao,,,,,modelo_correspondido_sem_versao,sem_correspondencia_segura,"Pareamento conservador no nível de modelo; a versão não é atribuída. Inmetro é ensaio, preço é anúncio, ABVE é emplacamento."
