marca,modelo,tecnologia,emplacamentos,meses_com_dado,participacao_percentual,limite
BYD,BYD DOLPHIN MINI GS5EV,BEV,360,25,18.808777429467085,"Ranking de emplacamentos ABVE para Bauru; não informa preço, comprador, local de recarga ou frota sobrevivente."
BYD,BYD SONG PLUS GS DM,PHEV,190,30,9.926854754440962,"Ranking de emplacamentos ABVE para Bauru; não informa preço, comprador, local de recarga ou frota sobrevivente."
BYD,BYD SONG PRO GS DM,PHEV,143,25,7.471264367816092,"Ranking de emplacamentos ABVE para Bauru; não informa preço, comprador, local de recarga ou frota sobrevivente."
BYD,BYD KING GS DM,PHEV,133,23,6.948798328108673,"Ranking de emplacamentos ABVE para Bauru; não informa preço, comprador, local de recarga ou frota sobrevivente."
BYD,BYD DOLPHIN GS 180EV,BEV,89,23,4.649947753396029,"Ranking de emplacamentos ABVE para Bauru; não informa preço, comprador, local de recarga ou frota sobrevivente."
GWM,GWM HAVAL H6 PHEV 19,PHEV,82,18,4.284221525600836,"Ranking de emplacamentos ABVE para Bauru; não informa preço, comprador, local de recarga ou frota sobrevivente."
BYD,BYD DOLPHIN MINI GS EV,BEV,54,11,2.8213166144200628,"Ranking de emplacamentos ABVE para Bauru; não informa preço, comprador, local de recarga ou frota sobrevivente."
OMODA JAECOO,JAECOO 7 ELITE,PHEV,52,4,2.716823406478579,"Ranking de emplacamentos ABVE para Bauru; não informa preço, comprador, local de recarga ou frota sobrevivente."
GWM,GWM HAVAL H6 GT,PHEV,46,21,2.4033437826541273,"Ranking de emplacamentos ABVE para Bauru; não informa preço, comprador, local de recarga ou frota sobrevivente."
GWM,GWM HAVAL H6 PREM PHEV,PHEV,37,13,1.9331243469174504,"Ranking de emplacamentos ABVE para Bauru; não informa preço, comprador, local de recarga ou frota sobrevivente."
OMODA JAECOO,JAECOO 7 LUXURY,PHEV,36,13,1.8808777429467085,"Ranking de emplacamentos ABVE para Bauru; não informa preço, comprador, local de recarga ou frota sobrevivente."
BYD,BYD SONG PRO GL DM,PHEV,35,12,1.8286311389759666,"Ranking de emplacamentos ABVE para Bauru; não informa preço, comprador, local de recarga ou frota sobrevivente."
BYD,BYD SONG PLUS PREM DM,PHEV,33,14,1.7241379310344827,"Ranking de emplacamentos ABVE para Bauru; não informa preço, comprador, local de recarga ou frota sobrevivente."
GWM,GWM ORA 03 SKIN BEV48,BEV,31,15,1.619644723092999,"Ranking de emplacamentos ABVE para Bauru; não informa preço, comprador, local de recarga ou frota sobrevivente."
GWM,GWM HAVAL H6 PHEV19,PHEV,30,9,1.567398119122257,"Ranking de emplacamentos ABVE para Bauru; não informa preço, comprador, local de recarga ou frota sobrevivente."
BYD,BYD SEAL AWD GS 590EV,BEV,27,17,1.4106583072100314,"Ranking de emplacamentos ABVE para Bauru; não informa preço, comprador, local de recarga ou frota sobrevivente."
OMODA JAECOO,JAECOO 7 PRESTIGE,PHEV,25,13,1.3061650992685476,"Ranking de emplacamentos ABVE para Bauru; não informa preço, comprador, local de recarga ou frota sobrevivente."
RENAULT,RENAULT E-KWID INTENS,BEV,24,4,1.2539184952978057,"Ranking de emplacamentos ABVE para Bauru; não informa preço, comprador, local de recarga ou frota sobrevivente."
BYD,BYD DOLPHIN MINI GL5EV,BEV,24,7,1.2539184952978057,"Ranking de emplacamentos ABVE para Bauru; não informa preço, comprador, local de recarga ou frota sobrevivente."
BYD,BYD KING GL DM,PHEV,19,7,0.9926854754440961,"Ranking de emplacamentos ABVE para Bauru; não informa preço, comprador, local de recarga ou frota sobrevivente."
BYD,BYD DOLPHIN PLUS 310EV,BEV,19,14,0.9926854754440961,"Ranking de emplacamentos ABVE para Bauru; não informa preço, comprador, local de recarga ou frota sobrevivente."
GWM,GWM ORA 03 GT BEV63,BEV,19,13,0.9926854754440961,"Ranking de emplacamentos ABVE para Bauru; não informa preço, comprador, local de recarga ou frota sobrevivente."
GWM,GWM HAVAL H6 PHEV19 FF,PHEV,18,2,0.9404388714733543,"Ranking de emplacamentos ABVE para Bauru; não informa preço, comprador, local de recarga ou frota sobrevivente."
GEELY,GEELY EX2 MAX,BEV,17,7,0.8881922675026124,"Ranking de emplacamentos ABVE para Bauru; não informa preço, comprador, local de recarga ou frota sobrevivente."
GAC,GAC AION UT ELITE,BEV,15,4,0.7836990595611285,"Ranking de emplacamentos ABVE para Bauru; não informa preço, comprador, local de recarga ou frota sobrevivente."
GM,CHEV SPARK EUV ACTIV,BEV,15,8,0.7836990595611285,"Ranking de emplacamentos ABVE para Bauru; não informa preço, comprador, local de recarga ou frota sobrevivente."
BYD,BYD SONG PRO GS DM FLEX,PHEV,14,1,0.7314524555903866,"Ranking de emplacamentos ABVE para Bauru; não informa preço, comprador, local de recarga ou frota sobrevivente."
GWM,GWM TANK 300 PHEV,PHEV,14,10,0.7314524555903866,"Ranking de emplacamentos ABVE para Bauru; não informa preço, comprador, local de recarga ou frota sobrevivente."
GAC,GAC AION V ELITE,BEV,12,8,0.6269592476489029,"Ranking de emplacamentos ABVE para Bauru; não informa preço, comprador, local de recarga ou frota sobrevivente."
BYD,BYD YUAN PRO GS 290EV,BEV,11,9,0.5747126436781609,"Ranking de emplacamentos ABVE para Bauru; não informa preço, comprador, local de recarga ou frota sobrevivente."
GEELY,GEELY EX2 PRO,BEV,11,7,0.5747126436781609,"Ranking de emplacamentos ABVE para Bauru; não informa preço, comprador, local de recarga ou frota sobrevivente."
GWM,GWM HAVAL H6 PHEV35,PHEV,10,5,0.522466039707419,"Ranking de emplacamentos ABVE para Bauru; não informa preço, comprador, local de recarga ou frota sobrevivente."
JETOUR,JETOUR T2 I-DM PREMIUM,PHEV,10,6,0.522466039707419,"Ranking de emplacamentos ABVE para Bauru; não informa preço, comprador, local de recarga ou frota sobrevivente."
GAC,GAC GS4 PREMIUM,BEV,8,5,0.4179728317659352,"Ranking de emplacamentos ABVE para Bauru; não informa preço, comprador, local de recarga ou frota sobrevivente."
GAC,GAC AION UT PREMIUM,BEV,8,3,0.4179728317659352,"Ranking de emplacamentos ABVE para Bauru; não informa preço, comprador, local de recarga ou frota sobrevivente."
CAOA CHERY,CAOACHERY TIGGO8 PHEV,PHEV,8,5,0.4179728317659352,"Ranking de emplacamentos ABVE para Bauru; não informa preço, comprador, local de recarga ou frota sobrevivente."
BYD,BYD ATTO 8 GS DM,PHEV,8,5,0.4179728317659352,"Ranking de emplacamentos ABVE para Bauru; não informa preço, comprador, local de recarga ou frota sobrevivente."
VOLVO,VOLVO EX30 E60 ULTRA,BEV,8,4,0.4179728317659352,"Ranking de emplacamentos ABVE para Bauru; não informa preço, comprador, local de recarga ou frota sobrevivente."
GWM,GWM ORA 03 BEV58,BEV,8,7,0.4179728317659352,"Ranking de emplacamentos ABVE para Bauru; não informa preço, comprador, local de recarga ou frota sobrevivente."
JETOUR,JETOUR S06 DM PREMIUM,PHEV,8,5,0.4179728317659352,"Ranking de emplacamentos ABVE para Bauru; não informa preço, comprador, local de recarga ou frota sobrevivente."
OMODA JAECOO,OMODA E5,BEV,7,6,0.3657262277951933,"Ranking de emplacamentos ABVE para Bauru; não informa preço, comprador, local de recarga ou frota sobrevivente."
JETOUR,JETOUR T2 I-DM PRM 4X4,PHEV,7,2,0.3657262277951933,"Ranking de emplacamentos ABVE para Bauru; não informa preço, comprador, local de recarga ou frota sobrevivente."
DENZA,DENZA B5 GS DM,PHEV,6,3,0.31347962382445144,"Ranking de emplacamentos ABVE para Bauru; não informa preço, comprador, local de recarga ou frota sobrevivente."
BMW,BMW X5 XDRIVE50E MSP,PHEV,6,6,0.31347962382445144,"Ranking de emplacamentos ABVE para Bauru; não informa preço, comprador, local de recarga ou frota sobrevivente."
GM,CHEV CAPTIVA EV PR,BEV,6,3,0.31347962382445144,"Ranking de emplacamentos ABVE para Bauru; não informa preço, comprador, local de recarga ou frota sobrevivente."
GWM,GWM ORA 03 BEV58 C,BEV,6,5,0.31347962382445144,"Ranking de emplacamentos ABVE para Bauru; não informa preço, comprador, local de recarga ou frota sobrevivente."
GWM,GWM WEY 07,PHEV,6,6,0.31347962382445144,"Ranking de emplacamentos ABVE para Bauru; não informa preço, comprador, local de recarga ou frota sobrevivente."
PORSCHE,PORSCHE CAYENNE S PHEV,PHEV,6,6,0.31347962382445144,"Ranking de emplacamentos ABVE para Bauru; não informa preço, comprador, local de recarga ou frota sobrevivente."
JETOUR,JETOUR T1 I-DM PREMIUM,PHEV,6,4,0.31347962382445144,"Ranking de emplacamentos ABVE para Bauru; não informa preço, comprador, local de recarga ou frota sobrevivente."
PORSCHE,PORSCHE CAYENNE CP PHE,PHEV,6,5,0.31347962382445144,"Ranking de emplacamentos ABVE para Bauru; não informa preço, comprador, local de recarga ou frota sobrevivente."
OMODA JAECOO,OMODA 7 PHEV PRESTIGE,PHEV,6,4,0.31347962382445144,"Ranking de emplacamentos ABVE para Bauru; não informa preço, comprador, local de recarga ou frota sobrevivente."
GAC,GAC AION Y ELITE,BEV,5,4,0.2612330198537095,"Ranking de emplacamentos ABVE para Bauru; não informa preço, comprador, local de recarga ou frota sobrevivente."
GEELY,GEELY EX5 EM-I MAX,PHEV,5,3,0.2612330198537095,"Ranking de emplacamentos ABVE para Bauru; não informa preço, comprador, local de recarga ou frota sobrevivente."
RENAULT,RENAULT E-KWID TECHNO,BEV,5,3,0.2612330198537095,"Ranking de emplacamentos ABVE para Bauru; não informa preço, comprador, local de recarga ou frota sobrevivente."
JETOUR,JETOUR S06 DM ADVANCE,PHEV,5,4,0.2612330198537095,"Ranking de emplacamentos ABVE para Bauru; não informa preço, comprador, local de recarga ou frota sobrevivente."
JETOUR,JETOUR T1 I-DM ADVANCE,PHEV,4,3,0.2089864158829676,"Ranking de emplacamentos ABVE para Bauru; não informa preço, comprador, local de recarga ou frota sobrevivente."
VOLVO,VOLVO EX30 E60 CORE,BEV,4,3,0.2089864158829676,"Ranking de emplacamentos ABVE para Bauru; não informa preço, comprador, local de recarga ou frota sobrevivente."
BYD,BYD DOLPHIN SE 290EV,BEV,4,3,0.2089864158829676,"Ranking de emplacamentos ABVE para Bauru; não informa preço, comprador, local de recarga ou frota sobrevivente."
BYD,BYD SHARK GS DM,PHEV,4,4,0.2089864158829676,"Ranking de emplacamentos ABVE para Bauru; não informa preço, comprador, local de recarga ou frota sobrevivente."
GWM,GWM ORA 5,BEV,4,2,0.2089864158829676,"Ranking de emplacamentos ABVE para Bauru; não informa preço, comprador, local de recarga ou frota sobrevivente."
CAOA CHERY,CAOACHERY TIGGO7 PHEV,PHEV,4,2,0.2089864158829676,"Ranking de emplacamentos ABVE para Bauru; não informa preço, comprador, local de recarga ou frota sobrevivente."
VOLVO,VOLVO XC60 T8 ULTRA,PHEV,4,4,0.2089864158829676,"Ranking de emplacamentos ABVE para Bauru; não informa preço, comprador, local de recarga ou frota sobrevivente."
GWM,GWM TANK 300 PHEV FLEX,PHEV,4,3,0.2089864158829676,"Ranking de emplacamentos ABVE para Bauru; não informa preço, comprador, local de recarga ou frota sobrevivente."
VOLVO,VOLVO XC60 T8 ULTIMATE,PHEV,4,4,0.2089864158829676,"Ranking de emplacamentos ABVE para Bauru; não informa preço, comprador, local de recarga ou frota sobrevivente."
GWM,GWM HAVAL H6 PHEV,PHEV,3,3,0.15673981191222572,"Ranking de emplacamentos ABVE para Bauru; não informa preço, comprador, local de recarga ou frota sobrevivente."
VOLVO,VOLVO XC60 T8 ULT DARK,PHEV,3,3,0.15673981191222572,"Ranking de emplacamentos ABVE para Bauru; não informa preço, comprador, local de recarga ou frota sobrevivente."
VOLVO,VOLVO XC60 T8 PLUS,PHEV,3,3,0.15673981191222572,"Ranking de emplacamentos ABVE para Bauru; não informa preço, comprador, local de recarga ou frota sobrevivente."
PORSCHE,PORSCHE CAYENNE PHEV,PHEV,3,3,0.15673981191222572,"Ranking de emplacamentos ABVE para Bauru; não informa preço, comprador, local de recarga ou frota sobrevivente."
JETOUR,JETOUR T2 I-DM ADVANCE,PHEV,3,2,0.15673981191222572,"Ranking de emplacamentos ABVE para Bauru; não informa preço, comprador, local de recarga ou frota sobrevivente."
BMW,BMW 330E,PHEV,2,2,0.1044932079414838,"Ranking de emplacamentos ABVE para Bauru; não informa preço, comprador, local de recarga ou frota sobrevivente."
BMW,BMW X6 XDRIVE40I MSP,PHEV,2,2,0.1044932079414838,"Ranking de emplacamentos ABVE para Bauru; não informa preço, comprador, local de recarga ou frota sobrevivente."
ZEEKR,ZEEKR 7X FLAGSHIP AWD,BEV,2,2,0.1044932079414838,"Ranking de emplacamentos ABVE para Bauru; não informa preço, comprador, local de recarga ou frota sobrevivente."
OMODA JAECOO,OMODA 7 PHEV LUXURY,PHEV,2,1,0.1044932079414838,"Ranking de emplacamentos ABVE para Bauru; não informa preço, comprador, local de recarga ou frota sobrevivente."
PORSCHE,PORSCHE PANAMERA 4SEHY,PHEV,2,2,0.1044932079414838,"Ranking de emplacamentos ABVE para Bauru; não informa preço, comprador, local de recarga ou frota sobrevivente."
VOLVO,VOLVO C40 8 ULTIMATE,BEV,2,1,0.1044932079414838,"Ranking de emplacamentos ABVE para Bauru; não informa preço, comprador, local de recarga ou frota sobrevivente."
VOLVO,VOLVO EX40 6 PLUS,BEV,2,2,0.1044932079414838,"Ranking de emplacamentos ABVE para Bauru; não informa preço, comprador, local de recarga ou frota sobrevivente."
TOYOTA,TOYOTA RAV4 XSE PHEV,PHEV,2,2,0.1044932079414838,"Ranking de emplacamentos ABVE para Bauru; não informa preço, comprador, local de recarga ou frota sobrevivente."
LEAPMOTOR,LPM C10 REEV E27,PHEV,2,2,0.1044932079414838,"Ranking de emplacamentos ABVE para Bauru; não informa preço, comprador, local de recarga ou frota sobrevivente."
GWM,GWM HAVAL H6 PHEV35 FF,PHEV,2,2,0.1044932079414838,"Ranking de emplacamentos ABVE para Bauru; não informa preço, comprador, local de recarga ou frota sobrevivente."
M.BENZ,M.BENZ GLE450 D 4M,PHEV,2,2,0.1044932079414838,"Ranking de emplacamentos ABVE para Bauru; não informa preço, comprador, local de recarga ou frota sobrevivente."
BMW,BMW X3 XDRIVE30E,PHEV,2,1,0.1044932079414838,"Ranking de emplacamentos ABVE para Bauru; não informa preço, comprador, local de recarga ou frota sobrevivente."
GAC,GAC GS9 ULTRA,PHEV,2,1,0.1044932079414838,"Ranking de emplacamentos ABVE para Bauru; não informa preço, comprador, local de recarga ou frota sobrevivente."
BYD,BYD YUAN PLUS GL 310EV,BEV,2,2,0.1044932079414838,"Ranking de emplacamentos ABVE para Bauru; não informa preço, comprador, local de recarga ou frota sobrevivente."
BYD,BYD SEALION 7 GS 690EV,BEV,2,1,0.1044932079414838,"Ranking de emplacamentos ABVE para Bauru; não informa preço, comprador, local de recarga ou frota sobrevivente."
GEELY,GEELY EX5 EM-I ULTRA,PHEV,2,2,0.1044932079414838,"Ranking de emplacamentos ABVE para Bauru; não informa preço, comprador, local de recarga ou frota sobrevivente."
GAC,GAC HYPTEC HT ULTRA,BEV,1,1,0.0522466039707419,"Ranking de emplacamentos ABVE para Bauru; não informa preço, comprador, local de recarga ou frota sobrevivente."
FERRARI,FERRARI 296 GTS,PHEV,1,1,0.0522466039707419,"Ranking de emplacamentos ABVE para Bauru; não informa preço, comprador, local de recarga ou frota sobrevivente."
BYD,BYD YUAN PLUS GS 560EV,BEV,1,1,0.0522466039707419,"Ranking de emplacamentos ABVE para Bauru; não informa preço, comprador, local de recarga ou frota sobrevivente."
BYD,BYD TAN AWD GS 700EV,BEV,1,1,0.0522466039707419,"Ranking de emplacamentos ABVE para Bauru; não informa preço, comprador, local de recarga ou frota sobrevivente."
FERRARI,FERRARI 296 GTB,PHEV,1,1,0.0522466039707419,"Ranking de emplacamentos ABVE para Bauru; não informa preço, comprador, local de recarga ou frota sobrevivente."
GAC,GAC AION ES PLUS,BEV,1,1,0.0522466039707419,"Ranking de emplacamentos ABVE para Bauru; não informa preço, comprador, local de recarga ou frota sobrevivente."
FORD,FORD MUSTANG MACH-E GT,BEV,1,1,0.0522466039707419,"Ranking de emplacamentos ABVE para Bauru; não informa preço, comprador, local de recarga ou frota sobrevivente."
BYD,BYD HAN AWD GS 680EV,BEV,1,1,0.0522466039707419,"Ranking de emplacamentos ABVE para Bauru; não informa preço, comprador, local de recarga ou frota sobrevivente."
BMW,BMW 530E M SPORT,PHEV,1,1,0.0522466039707419,"Ranking de emplacamentos ABVE para Bauru; não informa preço, comprador, local de recarga ou frota sobrevivente."
AUDI,AUDI SQ8 SB E TRON,BEV,1,1,0.0522466039707419,"Ranking de emplacamentos ABVE para Bauru; não informa preço, comprador, local de recarga ou frota sobrevivente."
AUDI,AUDI Q5 SB P-HIBRIDO,PHEV,1,1,0.0522466039707419,"Ranking de emplacamentos ABVE para Bauru; não informa preço, comprador, local de recarga ou frota sobrevivente."
JAC,JAC E JS1,BEV,1,1,0.0522466039707419,"Ranking de emplacamentos ABVE para Bauru; não informa preço, comprador, local de recarga ou frota sobrevivente."
LAND ROVER,LR DEF110 PHEV HSE XD,PHEV,1,1,0.0522466039707419,"Ranking de emplacamentos ABVE para Bauru; não informa preço, comprador, local de recarga ou frota sobrevivente."
HITECH,AOXIN HITECH ECOTECH 2,BEV,1,1,0.0522466039707419,"Ranking de emplacamentos ABVE para Bauru; não informa preço, comprador, local de recarga ou frota sobrevivente."
LAND ROVER,LR RRS PHEV AB,PHEV,1,1,0.0522466039707419,"Ranking de emplacamentos ABVE para Bauru; não informa preço, comprador, local de recarga ou frota sobrevivente."
LAND ROVER,LR VELAR PHEV HSE DYN,PHEV,1,1,0.0522466039707419,"Ranking de emplacamentos ABVE para Bauru; não informa preço, comprador, local de recarga ou frota sobrevivente."
MINI,MINI COOPER SE,BEV,1,1,0.0522466039707419,"Ranking de emplacamentos ABVE para Bauru; não informa preço, comprador, local de recarga ou frota sobrevivente."
MG,MG S5 EV 62KWH LUX,BEV,1,1,0.0522466039707419,"Ranking de emplacamentos ABVE para Bauru; não informa preço, comprador, local de recarga ou frota sobrevivente."
MG,MG MG4 64 KWH LUX,BEV,1,1,0.0522466039707419,"Ranking de emplacamentos ABVE para Bauru; não informa preço, comprador, local de recarga ou frota sobrevivente."
LEXUS,LEXUS RX450H PLUG-IN,PHEV,1,1,0.0522466039707419,"Ranking de emplacamentos ABVE para Bauru; não informa preço, comprador, local de recarga ou frota sobrevivente."
LEAPMOTOR,LPM B10 LIFE,BEV,1,1,0.0522466039707419,"Ranking de emplacamentos ABVE para Bauru; não informa preço, comprador, local de recarga ou frota sobrevivente."
LEAPMOTOR,LPM C10 DESIGN,BEV,1,1,0.0522466039707419,"Ranking de emplacamentos ABVE para Bauru; não informa preço, comprador, local de recarga ou frota sobrevivente."
MITSUBISHI,MMC OUTLANDER SIGNTR E,PHEV,1,1,0.0522466039707419,"Ranking de emplacamentos ABVE para Bauru; não informa preço, comprador, local de recarga ou frota sobrevivente."
PEUGEOT,PEUGEOT E2008 GT,BEV,1,1,0.0522466039707419,"Ranking de emplacamentos ABVE para Bauru; não informa preço, comprador, local de recarga ou frota sobrevivente."
PORSCHE,PORSCHE PANAMERA 4EHYB,PHEV,1,1,0.0522466039707419,"Ranking de emplacamentos ABVE para Bauru; não informa preço, comprador, local de recarga ou frota sobrevivente."
VOLVO,VOLVO EX30 TWIN ULTRA,BEV,1,1,0.0522466039707419,"Ranking de emplacamentos ABVE para Bauru; não informa preço, comprador, local de recarga ou frota sobrevivente."
VOLVO,VOLVO EX30 E40 CORE,BEV,1,1,0.0522466039707419,"Ranking de emplacamentos ABVE para Bauru; não informa preço, comprador, local de recarga ou frota sobrevivente."
VOLVO,VOLVO EX30 E60 PLUS,BEV,1,1,0.0522466039707419,"Ranking de emplacamentos ABVE para Bauru; não informa preço, comprador, local de recarga ou frota sobrevivente."
VOLVO,VOLVO XC90 T8 AWD PLUS,PHEV,1,1,0.0522466039707419,"Ranking de emplacamentos ABVE para Bauru; não informa preço, comprador, local de recarga ou frota sobrevivente."
VOLVO,VOLVO XC90 T8 AWD ULT,PHEV,1,1,0.0522466039707419,"Ranking de emplacamentos ABVE para Bauru; não informa preço, comprador, local de recarga ou frota sobrevivente."
VOLVO,VOLVO XC90 T8 ULTIMATE,PHEV,1,1,0.0522466039707419,"Ranking de emplacamentos ABVE para Bauru; não informa preço, comprador, local de recarga ou frota sobrevivente."
VOLVO,VOLVO XC90 T8 ULTRA,PHEV,1,1,0.0522466039707419,"Ranking de emplacamentos ABVE para Bauru; não informa preço, comprador, local de recarga ou frota sobrevivente."
