data_referencia,tecnologia,emplacamentos,cidade,escopo
2024-01-01,BEV,13,Bauru,ABVE modelo × município; BEV/PHEV; fluxo de emplacamentos
2024-01-01,PHEV,12,Bauru,ABVE modelo × município; BEV/PHEV; fluxo de emplacamentos
2024-02-01,BEV,11,Bauru,ABVE modelo × município; BEV/PHEV; fluxo de emplacamentos
2024-02-01,PHEV,5,Bauru,ABVE modelo × município; BEV/PHEV; fluxo de emplacamentos
2024-03-01,BEV,32,Bauru,ABVE modelo × município; BEV/PHEV; fluxo de emplacamentos
2024-03-01,PHEV,7,Bauru,ABVE modelo × município; BEV/PHEV; fluxo de emplacamentos
2024-04-01,BEV,20,Bauru,ABVE modelo × município; BEV/PHEV; fluxo de emplacamentos
2024-04-01,PHEV,16,Bauru,ABVE modelo × município; BEV/PHEV; fluxo de emplacamentos
2024-05-01,BEV,14,Bauru,ABVE modelo × município; BEV/PHEV; fluxo de emplacamentos
2024-05-01,PHEV,12,Bauru,ABVE modelo × município; BEV/PHEV; fluxo de emplacamentos
2024-06-01,BEV,24,Bauru,ABVE modelo × município; BEV/PHEV; fluxo de emplacamentos
2024-06-01,PHEV,17,Bauru,ABVE modelo × município; BEV/PHEV; fluxo de emplacamentos
2024-07-01,BEV,9,Bauru,ABVE modelo × município; BEV/PHEV; fluxo de emplacamentos
2024-07-01,PHEV,30,Bauru,ABVE modelo × município; BEV/PHEV; fluxo de emplacamentos
2024-08-01,BEV,9,Bauru,ABVE modelo × município; BEV/PHEV; fluxo de emplacamentos
2024-08-01,PHEV,25,Bauru,ABVE modelo × município; BEV/PHEV; fluxo de emplacamentos
2024-09-01,BEV,17,Bauru,ABVE modelo × município; BEV/PHEV; fluxo de emplacamentos
2024-09-01,PHEV,26,Bauru,ABVE modelo × município; BEV/PHEV; fluxo de emplacamentos
2024-10-01,BEV,11,Bauru,ABVE modelo × município; BEV/PHEV; fluxo de emplacamentos
2024-10-01,PHEV,26,Bauru,ABVE modelo × município; BEV/PHEV; fluxo de emplacamentos
2024-11-01,BEV,10,Bauru,ABVE modelo × município; BEV/PHEV; fluxo de emplacamentos
2024-11-01,PHEV,21,Bauru,ABVE modelo × município; BEV/PHEV; fluxo de emplacamentos
2024-12-01,BEV,27,Bauru,ABVE modelo × município; BEV/PHEV; fluxo de emplacamentos
2024-12-01,PHEV,39,Bauru,ABVE modelo × município; BEV/PHEV; fluxo de emplacamentos
2025-01-01,BEV,12,Bauru,ABVE modelo × município; BEV/PHEV; fluxo de emplacamentos
2025-01-01,PHEV,19,Bauru,ABVE modelo × município; BEV/PHEV; fluxo de emplacamentos
2025-02-01,BEV,16,Bauru,ABVE modelo × município; BEV/PHEV; fluxo de emplacamentos
2025-02-01,PHEV,24,Bauru,ABVE modelo × município; BEV/PHEV; fluxo de emplacamentos
2025-03-01,BEV,21,Bauru,ABVE modelo × município; BEV/PHEV; fluxo de emplacamentos
2025-03-01,PHEV,25,Bauru,ABVE modelo × município; BEV/PHEV; fluxo de emplacamentos
2025-04-01,BEV,12,Bauru,ABVE modelo × município; BEV/PHEV; fluxo de emplacamentos
2025-04-01,PHEV,23,Bauru,ABVE modelo × município; BEV/PHEV; fluxo de emplacamentos
2025-05-01,BEV,18,Bauru,ABVE modelo × município; BEV/PHEV; fluxo de emplacamentos
2025-05-01,PHEV,20,Bauru,ABVE modelo × município; BEV/PHEV; fluxo de emplacamentos
2025-06-01,BEV,8,Bauru,ABVE modelo × município; BEV/PHEV; fluxo de emplacamentos
2025-06-01,PHEV,27,Bauru,ABVE modelo × município; BEV/PHEV; fluxo de emplacamentos
2025-07-01,BEV,18,Bauru,ABVE modelo × município; BEV/PHEV; fluxo de emplacamentos
2025-07-01,PHEV,26,Bauru,ABVE modelo × município; BEV/PHEV; fluxo de emplacamentos
2025-08-01,BEV,27,Bauru,ABVE modelo × município; BEV/PHEV; fluxo de emplacamentos
2025-08-01,PHEV,30,Bauru,ABVE modelo × município; BEV/PHEV; fluxo de emplacamentos
2025-09-01,BEV,26,Bauru,ABVE modelo × município; BEV/PHEV; fluxo de emplacamentos
2025-09-01,PHEV,41,Bauru,ABVE modelo × município; BEV/PHEV; fluxo de emplacamentos
2025-10-01,BEV,34,Bauru,ABVE modelo × município; BEV/PHEV; fluxo de emplacamentos
2025-10-01,PHEV,43,Bauru,ABVE modelo × município; BEV/PHEV; fluxo de emplacamentos
2025-11-01,BEV,20,Bauru,ABVE modelo × município; BEV/PHEV; fluxo de emplacamentos
2025-11-01,PHEV,36,Bauru,ABVE modelo × município; BEV/PHEV; fluxo de emplacamentos
2025-12-01,BEV,41,Bauru,ABVE modelo × município; BEV/PHEV; fluxo de emplacamentos
2025-12-01,PHEV,55,Bauru,ABVE modelo × município; BEV/PHEV; fluxo de emplacamentos
2026-01-01,BEV,17,Bauru,ABVE modelo × município; BEV/PHEV; fluxo de emplacamentos
2026-01-01,PHEV,24,Bauru,ABVE modelo × município; BEV/PHEV; fluxo de emplacamentos
2026-02-01,BEV,41,Bauru,ABVE modelo × município; BEV/PHEV; fluxo de emplacamentos
2026-02-01,PHEV,40,Bauru,ABVE modelo × município; BEV/PHEV; fluxo de emplacamentos
2026-03-01,BEV,40,Bauru,ABVE modelo × município; BEV/PHEV; fluxo de emplacamentos
2026-03-01,PHEV,63,Bauru,ABVE modelo × município; BEV/PHEV; fluxo de emplacamentos
2026-04-01,BEV,40,Bauru,ABVE modelo × município; BEV/PHEV; fluxo de emplacamentos
2026-04-01,PHEV,59,Bauru,ABVE modelo × município; BEV/PHEV; fluxo de emplacamentos
2026-05-01,BEV,72,Bauru,ABVE modelo × município; BEV/PHEV; fluxo de emplacamentos
2026-05-01,PHEV,67,Bauru,ABVE modelo × município; BEV/PHEV; fluxo de emplacamentos
2026-06-01,BEV,53,Bauru,ABVE modelo × município; BEV/PHEV; fluxo de emplacamentos
2026-06-01,PHEV,71,Bauru,ABVE modelo × município; BEV/PHEV; fluxo de emplacamentos
2026-07-01,BEV,66,Bauru,ABVE modelo × município; BEV/PHEV; fluxo de emplacamentos
2026-07-01,PHEV,78,Bauru,ABVE modelo × município; BEV/PHEV; fluxo de emplacamentos
2026-08-01,BEV,50,Bauru,ABVE modelo × município; BEV/PHEV; fluxo de emplacamentos
2026-08-01,PHEV,78,Bauru,ABVE modelo × município; BEV/PHEV; fluxo de emplacamentos
