ano_referencia,mes_referencia,tecnologia,modelo_municipio,agregado_municipio,diferenca,limite
2024,1,BEV,13,13,0,A reconciliação comprova consistência dos recortes ABVE desde 2024; não transforma a base em microdados individuais.
2024,1,PHEV,12,12,0,A reconciliação comprova consistência dos recortes ABVE desde 2024; não transforma a base em microdados individuais.
2024,2,BEV,11,11,0,A reconciliação comprova consistência dos recortes ABVE desde 2024; não transforma a base em microdados individuais.
2024,2,PHEV,5,5,0,A reconciliação comprova consistência dos recortes ABVE desde 2024; não transforma a base em microdados individuais.
2024,3,BEV,32,32,0,A reconciliação comprova consistência dos recortes ABVE desde 2024; não transforma a base em microdados individuais.
2024,3,PHEV,7,7,0,A reconciliação comprova consistência dos recortes ABVE desde 2024; não transforma a base em microdados individuais.
2024,4,BEV,20,20,0,A reconciliação comprova consistência dos recortes ABVE desde 2024; não transforma a base em microdados individuais.
2024,4,PHEV,16,16,0,A reconciliação comprova consistência dos recortes ABVE desde 2024; não transforma a base em microdados individuais.
2024,5,BEV,14,14,0,A reconciliação comprova consistência dos recortes ABVE desde 2024; não transforma a base em microdados individuais.
2024,5,PHEV,12,12,0,A reconciliação comprova consistência dos recortes ABVE desde 2024; não transforma a base em microdados individuais.
2024,6,BEV,24,24,0,A reconciliação comprova consistência dos recortes ABVE desde 2024; não transforma a base em microdados individuais.
2024,6,PHEV,17,17,0,A reconciliação comprova consistência dos recortes ABVE desde 2024; não transforma a base em microdados individuais.
2024,7,BEV,9,9,0,A reconciliação comprova consistência dos recortes ABVE desde 2024; não transforma a base em microdados individuais.
2024,7,PHEV,30,30,0,A reconciliação comprova consistência dos recortes ABVE desde 2024; não transforma a base em microdados individuais.
2024,8,BEV,9,9,0,A reconciliação comprova consistência dos recortes ABVE desde 2024; não transforma a base em microdados individuais.
2024,8,PHEV,25,25,0,A reconciliação comprova consistência dos recortes ABVE desde 2024; não transforma a base em microdados individuais.
2024,9,BEV,17,17,0,A reconciliação comprova consistência dos recortes ABVE desde 2024; não transforma a base em microdados individuais.
2024,9,PHEV,26,26,0,A reconciliação comprova consistência dos recortes ABVE desde 2024; não transforma a base em microdados individuais.
2024,10,BEV,11,11,0,A reconciliação comprova consistência dos recortes ABVE desde 2024; não transforma a base em microdados individuais.
2024,10,PHEV,26,26,0,A reconciliação comprova consistência dos recortes ABVE desde 2024; não transforma a base em microdados individuais.
2024,11,BEV,10,10,0,A reconciliação comprova consistência dos recortes ABVE desde 2024; não transforma a base em microdados individuais.
2024,11,PHEV,21,21,0,A reconciliação comprova consistência dos recortes ABVE desde 2024; não transforma a base em microdados individuais.
2024,12,BEV,27,27,0,A reconciliação comprova consistência dos recortes ABVE desde 2024; não transforma a base em microdados individuais.
2024,12,PHEV,39,39,0,A reconciliação comprova consistência dos recortes ABVE desde 2024; não transforma a base em microdados individuais.
2025,1,BEV,12,12,0,A reconciliação comprova consistência dos recortes ABVE desde 2024; não transforma a base em microdados individuais.
2025,1,PHEV,19,19,0,A reconciliação comprova consistência dos recortes ABVE desde 2024; não transforma a base em microdados individuais.
2025,2,BEV,16,16,0,A reconciliação comprova consistência dos recortes ABVE desde 2024; não transforma a base em microdados individuais.
2025,2,PHEV,24,24,0,A reconciliação comprova consistência dos recortes ABVE desde 2024; não transforma a base em microdados individuais.
2025,3,BEV,21,21,0,A reconciliação comprova consistência dos recortes ABVE desde 2024; não transforma a base em microdados individuais.
2025,3,PHEV,25,25,0,A reconciliação comprova consistência dos recortes ABVE desde 2024; não transforma a base em microdados individuais.
2025,4,BEV,12,12,0,A reconciliação comprova consistência dos recortes ABVE desde 2024; não transforma a base em microdados individuais.
2025,4,PHEV,23,23,0,A reconciliação comprova consistência dos recortes ABVE desde 2024; não transforma a base em microdados individuais.
2025,5,BEV,18,18,0,A reconciliação comprova consistência dos recortes ABVE desde 2024; não transforma a base em microdados individuais.
2025,5,PHEV,20,20,0,A reconciliação comprova consistência dos recortes ABVE desde 2024; não transforma a base em microdados individuais.
2025,6,BEV,8,8,0,A reconciliação comprova consistência dos recortes ABVE desde 2024; não transforma a base em microdados individuais.
2025,6,PHEV,27,27,0,A reconciliação comprova consistência dos recortes ABVE desde 2024; não transforma a base em microdados individuais.
2025,7,BEV,18,18,0,A reconciliação comprova consistência dos recortes ABVE desde 2024; não transforma a base em microdados individuais.
2025,7,PHEV,26,26,0,A reconciliação comprova consistência dos recortes ABVE desde 2024; não transforma a base em microdados individuais.
2025,8,BEV,27,27,0,A reconciliação comprova consistência dos recortes ABVE desde 2024; não transforma a base em microdados individuais.
2025,8,PHEV,30,30,0,A reconciliação comprova consistência dos recortes ABVE desde 2024; não transforma a base em microdados individuais.
2025,9,BEV,26,26,0,A reconciliação comprova consistência dos recortes ABVE desde 2024; não transforma a base em microdados individuais.
2025,9,PHEV,41,41,0,A reconciliação comprova consistência dos recortes ABVE desde 2024; não transforma a base em microdados individuais.
2025,10,BEV,34,34,0,A reconciliação comprova consistência dos recortes ABVE desde 2024; não transforma a base em microdados individuais.
2025,10,PHEV,43,43,0,A reconciliação comprova consistência dos recortes ABVE desde 2024; não transforma a base em microdados individuais.
2025,11,BEV,20,20,0,A reconciliação comprova consistência dos recortes ABVE desde 2024; não transforma a base em microdados individuais.
2025,11,PHEV,36,36,0,A reconciliação comprova consistência dos recortes ABVE desde 2024; não transforma a base em microdados individuais.
2025,12,BEV,41,41,0,A reconciliação comprova consistência dos recortes ABVE desde 2024; não transforma a base em microdados individuais.
2025,12,PHEV,55,55,0,A reconciliação comprova consistência dos recortes ABVE desde 2024; não transforma a base em microdados individuais.
2026,1,BEV,17,17,0,A reconciliação comprova consistência dos recortes ABVE desde 2024; não transforma a base em microdados individuais.
2026,1,PHEV,24,24,0,A reconciliação comprova consistência dos recortes ABVE desde 2024; não transforma a base em microdados individuais.
2026,2,BEV,41,41,0,A reconciliação comprova consistência dos recortes ABVE desde 2024; não transforma a base em microdados individuais.
2026,2,PHEV,40,40,0,A reconciliação comprova consistência dos recortes ABVE desde 2024; não transforma a base em microdados individuais.
2026,3,BEV,40,40,0,A reconciliação comprova consistência dos recortes ABVE desde 2024; não transforma a base em microdados individuais.
2026,3,PHEV,63,63,0,A reconciliação comprova consistência dos recortes ABVE desde 2024; não transforma a base em microdados individuais.
2026,4,BEV,40,40,0,A reconciliação comprova consistência dos recortes ABVE desde 2024; não transforma a base em microdados individuais.
2026,4,PHEV,59,59,0,A reconciliação comprova consistência dos recortes ABVE desde 2024; não transforma a base em microdados individuais.
2026,5,BEV,72,72,0,A reconciliação comprova consistência dos recortes ABVE desde 2024; não transforma a base em microdados individuais.
2026,5,PHEV,67,67,0,A reconciliação comprova consistência dos recortes ABVE desde 2024; não transforma a base em microdados individuais.
2026,6,BEV,53,53,0,A reconciliação comprova consistência dos recortes ABVE desde 2024; não transforma a base em microdados individuais.
2026,6,PHEV,71,71,0,A reconciliação comprova consistência dos recortes ABVE desde 2024; não transforma a base em microdados individuais.
2026,7,BEV,66,66,0,A reconciliação comprova consistência dos recortes ABVE desde 2024; não transforma a base em microdados individuais.
2026,7,PHEV,78,78,0,A reconciliação comprova consistência dos recortes ABVE desde 2024; não transforma a base em microdados individuais.
2026,8,BEV,50,50,0,A reconciliação comprova consistência dos recortes ABVE desde 2024; não transforma a base em microdados individuais.
2026,8,PHEV,78,78,0,A reconciliação comprova consistência dos recortes ABVE desde 2024; não transforma a base em microdados individuais.
