data_referencia,codigo_sgs,indicador,valor,unidade,url_fonte,data_captura,data_publicacao,sha256_snapshot
2024-01-01,433,ipca_variacao_mensal,0.42,percentual_ao_mes,https://api.bcb.gov.br/dados/serie/bcdata.sgs.433/dados?formato=json&dataInicial=01%2F01%2F2024&dataFinal=31%2F08%2F2026,2026-10-01 10:08:19.984638-03,,d9fc583b3b7f2a563a5d8a899ef287b9c5ecb2d7b42da2550145e4bac9550213
2024-01-01,4390,selic_acumulada_mes,0.97,percentual_ao_mes,https://api.bcb.gov.br/dados/serie/bcdata.sgs.4390/dados?formato=json&dataInicial=01%2F01%2F2024&dataFinal=31%2F08%2F2026,2026-10-01 10:08:20.124212-03,,6bea5db94bf65aade5d5be0aab1d1ed69b21d8574a1a2ec064adf500818e3ca2
2024-01-01,25471,juros_pf_aquisicao_veiculos_mes,1.95,percentual_ao_mes,https://api.bcb.gov.br/dados/serie/bcdata.sgs.25471/dados?formato=json&dataInicial=01%2F01%2F2024&dataFinal=31%2F08%2F2026,2026-10-01 10:08:20.284871-03,,331ad0d22349635aa8b2da1c3e2e707e3b5da420a160e04ffd9c33d81002d2ec
2024-02-01,433,ipca_variacao_mensal,0.83,percentual_ao_mes,https://api.bcb.gov.br/dados/serie/bcdata.sgs.433/dados?formato=json&dataInicial=01%2F01%2F2024&dataFinal=31%2F08%2F2026,2026-10-01 10:08:19.984638-03,,d9fc583b3b7f2a563a5d8a899ef287b9c5ecb2d7b42da2550145e4bac9550213
2024-02-01,4390,selic_acumulada_mes,0.8,percentual_ao_mes,https://api.bcb.gov.br/dados/serie/bcdata.sgs.4390/dados?formato=json&dataInicial=01%2F01%2F2024&dataFinal=31%2F08%2F2026,2026-10-01 10:08:20.124212-03,,6bea5db94bf65aade5d5be0aab1d1ed69b21d8574a1a2ec064adf500818e3ca2
2024-02-01,25471,juros_pf_aquisicao_veiculos_mes,1.93,percentual_ao_mes,https://api.bcb.gov.br/dados/serie/bcdata.sgs.25471/dados?formato=json&dataInicial=01%2F01%2F2024&dataFinal=31%2F08%2F2026,2026-10-01 10:08:20.284871-03,,331ad0d22349635aa8b2da1c3e2e707e3b5da420a160e04ffd9c33d81002d2ec
2024-03-01,433,ipca_variacao_mensal,0.16,percentual_ao_mes,https://api.bcb.gov.br/dados/serie/bcdata.sgs.433/dados?formato=json&dataInicial=01%2F01%2F2024&dataFinal=31%2F08%2F2026,2026-10-01 10:08:19.984638-03,,d9fc583b3b7f2a563a5d8a899ef287b9c5ecb2d7b42da2550145e4bac9550213
2024-03-01,4390,selic_acumulada_mes,0.83,percentual_ao_mes,https://api.bcb.gov.br/dados/serie/bcdata.sgs.4390/dados?formato=json&dataInicial=01%2F01%2F2024&dataFinal=31%2F08%2F2026,2026-10-01 10:08:20.124212-03,,6bea5db94bf65aade5d5be0aab1d1ed69b21d8574a1a2ec064adf500818e3ca2
2024-03-01,25471,juros_pf_aquisicao_veiculos_mes,1.91,percentual_ao_mes,https://api.bcb.gov.br/dados/serie/bcdata.sgs.25471/dados?formato=json&dataInicial=01%2F01%2F2024&dataFinal=31%2F08%2F2026,2026-10-01 10:08:20.284871-03,,331ad0d22349635aa8b2da1c3e2e707e3b5da420a160e04ffd9c33d81002d2ec
2024-04-01,433,ipca_variacao_mensal,0.38,percentual_ao_mes,https://api.bcb.gov.br/dados/serie/bcdata.sgs.433/dados?formato=json&dataInicial=01%2F01%2F2024&dataFinal=31%2F08%2F2026,2026-10-01 10:08:19.984638-03,,d9fc583b3b7f2a563a5d8a899ef287b9c5ecb2d7b42da2550145e4bac9550213
2024-04-01,4390,selic_acumulada_mes,0.89,percentual_ao_mes,https://api.bcb.gov.br/dados/serie/bcdata.sgs.4390/dados?formato=json&dataInicial=01%2F01%2F2024&dataFinal=31%2F08%2F2026,2026-10-01 10:08:20.124212-03,,6bea5db94bf65aade5d5be0aab1d1ed69b21d8574a1a2ec064adf500818e3ca2
2024-04-01,25471,juros_pf_aquisicao_veiculos_mes,1.91,percentual_ao_mes,https://api.bcb.gov.br/dados/serie/bcdata.sgs.25471/dados?formato=json&dataInicial=01%2F01%2F2024&dataFinal=31%2F08%2F2026,2026-10-01 10:08:20.284871-03,,331ad0d22349635aa8b2da1c3e2e707e3b5da420a160e04ffd9c33d81002d2ec
2024-05-01,433,ipca_variacao_mensal,0.46,percentual_ao_mes,https://api.bcb.gov.br/dados/serie/bcdata.sgs.433/dados?formato=json&dataInicial=01%2F01%2F2024&dataFinal=31%2F08%2F2026,2026-10-01 10:08:19.984638-03,,d9fc583b3b7f2a563a5d8a899ef287b9c5ecb2d7b42da2550145e4bac9550213
2024-05-01,4390,selic_acumulada_mes,0.83,percentual_ao_mes,https://api.bcb.gov.br/dados/serie/bcdata.sgs.4390/dados?formato=json&dataInicial=01%2F01%2F2024&dataFinal=31%2F08%2F2026,2026-10-01 10:08:20.124212-03,,6bea5db94bf65aade5d5be0aab1d1ed69b21d8574a1a2ec064adf500818e3ca2
2024-05-01,25471,juros_pf_aquisicao_veiculos_mes,1.91,percentual_ao_mes,https://api.bcb.gov.br/dados/serie/bcdata.sgs.25471/dados?formato=json&dataInicial=01%2F01%2F2024&dataFinal=31%2F08%2F2026,2026-10-01 10:08:20.284871-03,,331ad0d22349635aa8b2da1c3e2e707e3b5da420a160e04ffd9c33d81002d2ec
2024-06-01,433,ipca_variacao_mensal,0.21,percentual_ao_mes,https://api.bcb.gov.br/dados/serie/bcdata.sgs.433/dados?formato=json&dataInicial=01%2F01%2F2024&dataFinal=31%2F08%2F2026,2026-10-01 10:08:19.984638-03,,d9fc583b3b7f2a563a5d8a899ef287b9c5ecb2d7b42da2550145e4bac9550213
2024-06-01,4390,selic_acumulada_mes,0.79,percentual_ao_mes,https://api.bcb.gov.br/dados/serie/bcdata.sgs.4390/dados?formato=json&dataInicial=01%2F01%2F2024&dataFinal=31%2F08%2F2026,2026-10-01 10:08:20.124212-03,,6bea5db94bf65aade5d5be0aab1d1ed69b21d8574a1a2ec064adf500818e3ca2
2024-06-01,25471,juros_pf_aquisicao_veiculos_mes,1.91,percentual_ao_mes,https://api.bcb.gov.br/dados/serie/bcdata.sgs.25471/dados?formato=json&dataInicial=01%2F01%2F2024&dataFinal=31%2F08%2F2026,2026-10-01 10:08:20.284871-03,,331ad0d22349635aa8b2da1c3e2e707e3b5da420a160e04ffd9c33d81002d2ec
2024-07-01,433,ipca_variacao_mensal,0.38,percentual_ao_mes,https://api.bcb.gov.br/dados/serie/bcdata.sgs.433/dados?formato=json&dataInicial=01%2F01%2F2024&dataFinal=31%2F08%2F2026,2026-10-01 10:08:19.984638-03,,d9fc583b3b7f2a563a5d8a899ef287b9c5ecb2d7b42da2550145e4bac9550213
2024-07-01,4390,selic_acumulada_mes,0.91,percentual_ao_mes,https://api.bcb.gov.br/dados/serie/bcdata.sgs.4390/dados?formato=json&dataInicial=01%2F01%2F2024&dataFinal=31%2F08%2F2026,2026-10-01 10:08:20.124212-03,,6bea5db94bf65aade5d5be0aab1d1ed69b21d8574a1a2ec064adf500818e3ca2
2024-07-01,25471,juros_pf_aquisicao_veiculos_mes,1.91,percentual_ao_mes,https://api.bcb.gov.br/dados/serie/bcdata.sgs.25471/dados?formato=json&dataInicial=01%2F01%2F2024&dataFinal=31%2F08%2F2026,2026-10-01 10:08:20.284871-03,,331ad0d22349635aa8b2da1c3e2e707e3b5da420a160e04ffd9c33d81002d2ec
2024-08-01,433,ipca_variacao_mensal,-0.02,percentual_ao_mes,https://api.bcb.gov.br/dados/serie/bcdata.sgs.433/dados?formato=json&dataInicial=01%2F01%2F2024&dataFinal=31%2F08%2F2026,2026-10-01 10:08:19.984638-03,,d9fc583b3b7f2a563a5d8a899ef287b9c5ecb2d7b42da2550145e4bac9550213
2024-08-01,4390,selic_acumulada_mes,0.87,percentual_ao_mes,https://api.bcb.gov.br/dados/serie/bcdata.sgs.4390/dados?formato=json&dataInicial=01%2F01%2F2024&dataFinal=31%2F08%2F2026,2026-10-01 10:08:20.124212-03,,6bea5db94bf65aade5d5be0aab1d1ed69b21d8574a1a2ec064adf500818e3ca2
2024-08-01,25471,juros_pf_aquisicao_veiculos_mes,1.93,percentual_ao_mes,https://api.bcb.gov.br/dados/serie/bcdata.sgs.25471/dados?formato=json&dataInicial=01%2F01%2F2024&dataFinal=31%2F08%2F2026,2026-10-01 10:08:20.284871-03,,331ad0d22349635aa8b2da1c3e2e707e3b5da420a160e04ffd9c33d81002d2ec
2024-09-01,433,ipca_variacao_mensal,0.44,percentual_ao_mes,https://api.bcb.gov.br/dados/serie/bcdata.sgs.433/dados?formato=json&dataInicial=01%2F01%2F2024&dataFinal=31%2F08%2F2026,2026-10-01 10:08:19.984638-03,,d9fc583b3b7f2a563a5d8a899ef287b9c5ecb2d7b42da2550145e4bac9550213
2024-09-01,4390,selic_acumulada_mes,0.84,percentual_ao_mes,https://api.bcb.gov.br/dados/serie/bcdata.sgs.4390/dados?formato=json&dataInicial=01%2F01%2F2024&dataFinal=31%2F08%2F2026,2026-10-01 10:08:20.124212-03,,6bea5db94bf65aade5d5be0aab1d1ed69b21d8574a1a2ec064adf500818e3ca2
2024-09-01,25471,juros_pf_aquisicao_veiculos_mes,1.91,percentual_ao_mes,https://api.bcb.gov.br/dados/serie/bcdata.sgs.25471/dados?formato=json&dataInicial=01%2F01%2F2024&dataFinal=31%2F08%2F2026,2026-10-01 10:08:20.284871-03,,331ad0d22349635aa8b2da1c3e2e707e3b5da420a160e04ffd9c33d81002d2ec
2024-10-01,433,ipca_variacao_mensal,0.56,percentual_ao_mes,https://api.bcb.gov.br/dados/serie/bcdata.sgs.433/dados?formato=json&dataInicial=01%2F01%2F2024&dataFinal=31%2F08%2F2026,2026-10-01 10:08:19.984638-03,,d9fc583b3b7f2a563a5d8a899ef287b9c5ecb2d7b42da2550145e4bac9550213
2024-10-01,4390,selic_acumulada_mes,0.93,percentual_ao_mes,https://api.bcb.gov.br/dados/serie/bcdata.sgs.4390/dados?formato=json&dataInicial=01%2F01%2F2024&dataFinal=31%2F08%2F2026,2026-10-01 10:08:20.124212-03,,6bea5db94bf65aade5d5be0aab1d1ed69b21d8574a1a2ec064adf500818e3ca2
2024-10-01,25471,juros_pf_aquisicao_veiculos_mes,1.94,percentual_ao_mes,https://api.bcb.gov.br/dados/serie/bcdata.sgs.25471/dados?formato=json&dataInicial=01%2F01%2F2024&dataFinal=31%2F08%2F2026,2026-10-01 10:08:20.284871-03,,331ad0d22349635aa8b2da1c3e2e707e3b5da420a160e04ffd9c33d81002d2ec
2024-11-01,433,ipca_variacao_mensal,0.39,percentual_ao_mes,https://api.bcb.gov.br/dados/serie/bcdata.sgs.433/dados?formato=json&dataInicial=01%2F01%2F2024&dataFinal=31%2F08%2F2026,2026-10-01 10:08:19.984638-03,,d9fc583b3b7f2a563a5d8a899ef287b9c5ecb2d7b42da2550145e4bac9550213
2024-11-01,4390,selic_acumulada_mes,0.79,percentual_ao_mes,https://api.bcb.gov.br/dados/serie/bcdata.sgs.4390/dados?formato=json&dataInicial=01%2F01%2F2024&dataFinal=31%2F08%2F2026,2026-10-01 10:08:20.124212-03,,6bea5db94bf65aade5d5be0aab1d1ed69b21d8574a1a2ec064adf500818e3ca2
2024-11-01,25471,juros_pf_aquisicao_veiculos_mes,1.97,percentual_ao_mes,https://api.bcb.gov.br/dados/serie/bcdata.sgs.25471/dados?formato=json&dataInicial=01%2F01%2F2024&dataFinal=31%2F08%2F2026,2026-10-01 10:08:20.284871-03,,331ad0d22349635aa8b2da1c3e2e707e3b5da420a160e04ffd9c33d81002d2ec
2024-12-01,433,ipca_variacao_mensal,0.52,percentual_ao_mes,https://api.bcb.gov.br/dados/serie/bcdata.sgs.433/dados?formato=json&dataInicial=01%2F01%2F2024&dataFinal=31%2F08%2F2026,2026-10-01 10:08:19.984638-03,,d9fc583b3b7f2a563a5d8a899ef287b9c5ecb2d7b42da2550145e4bac9550213
2024-12-01,4390,selic_acumulada_mes,0.93,percentual_ao_mes,https://api.bcb.gov.br/dados/serie/bcdata.sgs.4390/dados?formato=json&dataInicial=01%2F01%2F2024&dataFinal=31%2F08%2F2026,2026-10-01 10:08:20.124212-03,,6bea5db94bf65aade5d5be0aab1d1ed69b21d8574a1a2ec064adf500818e3ca2
2024-12-01,25471,juros_pf_aquisicao_veiculos_mes,2.05,percentual_ao_mes,https://api.bcb.gov.br/dados/serie/bcdata.sgs.25471/dados?formato=json&dataInicial=01%2F01%2F2024&dataFinal=31%2F08%2F2026,2026-10-01 10:08:20.284871-03,,331ad0d22349635aa8b2da1c3e2e707e3b5da420a160e04ffd9c33d81002d2ec
2025-01-01,433,ipca_variacao_mensal,0.16,percentual_ao_mes,https://api.bcb.gov.br/dados/serie/bcdata.sgs.433/dados?formato=json&dataInicial=01%2F01%2F2024&dataFinal=31%2F08%2F2026,2026-10-01 10:08:19.984638-03,,d9fc583b3b7f2a563a5d8a899ef287b9c5ecb2d7b42da2550145e4bac9550213
2025-01-01,4390,selic_acumulada_mes,1.01,percentual_ao_mes,https://api.bcb.gov.br/dados/serie/bcdata.sgs.4390/dados?formato=json&dataInicial=01%2F01%2F2024&dataFinal=31%2F08%2F2026,2026-10-01 10:08:20.124212-03,,6bea5db94bf65aade5d5be0aab1d1ed69b21d8574a1a2ec064adf500818e3ca2
2025-01-01,25471,juros_pf_aquisicao_veiculos_mes,2.18,percentual_ao_mes,https://api.bcb.gov.br/dados/serie/bcdata.sgs.25471/dados?formato=json&dataInicial=01%2F01%2F2024&dataFinal=31%2F08%2F2026,2026-10-01 10:08:20.284871-03,,331ad0d22349635aa8b2da1c3e2e707e3b5da420a160e04ffd9c33d81002d2ec
2025-02-01,433,ipca_variacao_mensal,1.31,percentual_ao_mes,https://api.bcb.gov.br/dados/serie/bcdata.sgs.433/dados?formato=json&dataInicial=01%2F01%2F2024&dataFinal=31%2F08%2F2026,2026-10-01 10:08:19.984638-03,,d9fc583b3b7f2a563a5d8a899ef287b9c5ecb2d7b42da2550145e4bac9550213
2025-02-01,4390,selic_acumulada_mes,0.99,percentual_ao_mes,https://api.bcb.gov.br/dados/serie/bcdata.sgs.4390/dados?formato=json&dataInicial=01%2F01%2F2024&dataFinal=31%2F08%2F2026,2026-10-01 10:08:20.124212-03,,6bea5db94bf65aade5d5be0aab1d1ed69b21d8574a1a2ec064adf500818e3ca2
2025-02-01,25471,juros_pf_aquisicao_veiculos_mes,2.15,percentual_ao_mes,https://api.bcb.gov.br/dados/serie/bcdata.sgs.25471/dados?formato=json&dataInicial=01%2F01%2F2024&dataFinal=31%2F08%2F2026,2026-10-01 10:08:20.284871-03,,331ad0d22349635aa8b2da1c3e2e707e3b5da420a160e04ffd9c33d81002d2ec
2025-03-01,433,ipca_variacao_mensal,0.56,percentual_ao_mes,https://api.bcb.gov.br/dados/serie/bcdata.sgs.433/dados?formato=json&dataInicial=01%2F01%2F2024&dataFinal=31%2F08%2F2026,2026-10-01 10:08:19.984638-03,,d9fc583b3b7f2a563a5d8a899ef287b9c5ecb2d7b42da2550145e4bac9550213
2025-03-01,4390,selic_acumulada_mes,0.96,percentual_ao_mes,https://api.bcb.gov.br/dados/serie/bcdata.sgs.4390/dados?formato=json&dataInicial=01%2F01%2F2024&dataFinal=31%2F08%2F2026,2026-10-01 10:08:20.124212-03,,6bea5db94bf65aade5d5be0aab1d1ed69b21d8574a1a2ec064adf500818e3ca2
2025-03-01,25471,juros_pf_aquisicao_veiculos_mes,2.12,percentual_ao_mes,https://api.bcb.gov.br/dados/serie/bcdata.sgs.25471/dados?formato=json&dataInicial=01%2F01%2F2024&dataFinal=31%2F08%2F2026,2026-10-01 10:08:20.284871-03,,331ad0d22349635aa8b2da1c3e2e707e3b5da420a160e04ffd9c33d81002d2ec
2025-04-01,433,ipca_variacao_mensal,0.43,percentual_ao_mes,https://api.bcb.gov.br/dados/serie/bcdata.sgs.433/dados?formato=json&dataInicial=01%2F01%2F2024&dataFinal=31%2F08%2F2026,2026-10-01 10:08:19.984638-03,,d9fc583b3b7f2a563a5d8a899ef287b9c5ecb2d7b42da2550145e4bac9550213
2025-04-01,4390,selic_acumulada_mes,1.06,percentual_ao_mes,https://api.bcb.gov.br/dados/serie/bcdata.sgs.4390/dados?formato=json&dataInicial=01%2F01%2F2024&dataFinal=31%2F08%2F2026,2026-10-01 10:08:20.124212-03,,6bea5db94bf65aade5d5be0aab1d1ed69b21d8574a1a2ec064adf500818e3ca2
2025-04-01,25471,juros_pf_aquisicao_veiculos_mes,2.08,percentual_ao_mes,https://api.bcb.gov.br/dados/serie/bcdata.sgs.25471/dados?formato=json&dataInicial=01%2F01%2F2024&dataFinal=31%2F08%2F2026,2026-10-01 10:08:20.284871-03,,331ad0d22349635aa8b2da1c3e2e707e3b5da420a160e04ffd9c33d81002d2ec
2025-05-01,433,ipca_variacao_mensal,0.26,percentual_ao_mes,https://api.bcb.gov.br/dados/serie/bcdata.sgs.433/dados?formato=json&dataInicial=01%2F01%2F2024&dataFinal=31%2F08%2F2026,2026-10-01 10:08:19.984638-03,,d9fc583b3b7f2a563a5d8a899ef287b9c5ecb2d7b42da2550145e4bac9550213
2025-05-01,4390,selic_acumulada_mes,1.14,percentual_ao_mes,https://api.bcb.gov.br/dados/serie/bcdata.sgs.4390/dados?formato=json&dataInicial=01%2F01%2F2024&dataFinal=31%2F08%2F2026,2026-10-01 10:08:20.124212-03,,6bea5db94bf65aade5d5be0aab1d1ed69b21d8574a1a2ec064adf500818e3ca2
2025-05-01,25471,juros_pf_aquisicao_veiculos_mes,2.05,percentual_ao_mes,https://api.bcb.gov.br/dados/serie/bcdata.sgs.25471/dados?formato=json&dataInicial=01%2F01%2F2024&dataFinal=31%2F08%2F2026,2026-10-01 10:08:20.284871-03,,331ad0d22349635aa8b2da1c3e2e707e3b5da420a160e04ffd9c33d81002d2ec
2025-06-01,433,ipca_variacao_mensal,0.24,percentual_ao_mes,https://api.bcb.gov.br/dados/serie/bcdata.sgs.433/dados?formato=json&dataInicial=01%2F01%2F2024&dataFinal=31%2F08%2F2026,2026-10-01 10:08:19.984638-03,,d9fc583b3b7f2a563a5d8a899ef287b9c5ecb2d7b42da2550145e4bac9550213
2025-06-01,4390,selic_acumulada_mes,1.1,percentual_ao_mes,https://api.bcb.gov.br/dados/serie/bcdata.sgs.4390/dados?formato=json&dataInicial=01%2F01%2F2024&dataFinal=31%2F08%2F2026,2026-10-01 10:08:20.124212-03,,6bea5db94bf65aade5d5be0aab1d1ed69b21d8574a1a2ec064adf500818e3ca2
2025-06-01,25471,juros_pf_aquisicao_veiculos_mes,2.05,percentual_ao_mes,https://api.bcb.gov.br/dados/serie/bcdata.sgs.25471/dados?formato=json&dataInicial=01%2F01%2F2024&dataFinal=31%2F08%2F2026,2026-10-01 10:08:20.284871-03,,331ad0d22349635aa8b2da1c3e2e707e3b5da420a160e04ffd9c33d81002d2ec
2025-07-01,433,ipca_variacao_mensal,0.26,percentual_ao_mes,https://api.bcb.gov.br/dados/serie/bcdata.sgs.433/dados?formato=json&dataInicial=01%2F01%2F2024&dataFinal=31%2F08%2F2026,2026-10-01 10:08:19.984638-03,,d9fc583b3b7f2a563a5d8a899ef287b9c5ecb2d7b42da2550145e4bac9550213
2025-07-01,4390,selic_acumulada_mes,1.28,percentual_ao_mes,https://api.bcb.gov.br/dados/serie/bcdata.sgs.4390/dados?formato=json&dataInicial=01%2F01%2F2024&dataFinal=31%2F08%2F2026,2026-10-01 10:08:20.124212-03,,6bea5db94bf65aade5d5be0aab1d1ed69b21d8574a1a2ec064adf500818e3ca2
2025-07-01,25471,juros_pf_aquisicao_veiculos_mes,2.03,percentual_ao_mes,https://api.bcb.gov.br/dados/serie/bcdata.sgs.25471/dados?formato=json&dataInicial=01%2F01%2F2024&dataFinal=31%2F08%2F2026,2026-10-01 10:08:20.284871-03,,331ad0d22349635aa8b2da1c3e2e707e3b5da420a160e04ffd9c33d81002d2ec
2025-08-01,433,ipca_variacao_mensal,-0.11,percentual_ao_mes,https://api.bcb.gov.br/dados/serie/bcdata.sgs.433/dados?formato=json&dataInicial=01%2F01%2F2024&dataFinal=31%2F08%2F2026,2026-10-01 10:08:19.984638-03,,d9fc583b3b7f2a563a5d8a899ef287b9c5ecb2d7b42da2550145e4bac9550213
2025-08-01,4390,selic_acumulada_mes,1.16,percentual_ao_mes,https://api.bcb.gov.br/dados/serie/bcdata.sgs.4390/dados?formato=json&dataInicial=01%2F01%2F2024&dataFinal=31%2F08%2F2026,2026-10-01 10:08:20.124212-03,,6bea5db94bf65aade5d5be0aab1d1ed69b21d8574a1a2ec064adf500818e3ca2
2025-08-01,25471,juros_pf_aquisicao_veiculos_mes,2.03,percentual_ao_mes,https://api.bcb.gov.br/dados/serie/bcdata.sgs.25471/dados?formato=json&dataInicial=01%2F01%2F2024&dataFinal=31%2F08%2F2026,2026-10-01 10:08:20.284871-03,,331ad0d22349635aa8b2da1c3e2e707e3b5da420a160e04ffd9c33d81002d2ec
2025-09-01,433,ipca_variacao_mensal,0.48,percentual_ao_mes,https://api.bcb.gov.br/dados/serie/bcdata.sgs.433/dados?formato=json&dataInicial=01%2F01%2F2024&dataFinal=31%2F08%2F2026,2026-10-01 10:08:19.984638-03,,d9fc583b3b7f2a563a5d8a899ef287b9c5ecb2d7b42da2550145e4bac9550213
2025-09-01,4390,selic_acumulada_mes,1.22,percentual_ao_mes,https://api.bcb.gov.br/dados/serie/bcdata.sgs.4390/dados?formato=json&dataInicial=01%2F01%2F2024&dataFinal=31%2F08%2F2026,2026-10-01 10:08:20.124212-03,,6bea5db94bf65aade5d5be0aab1d1ed69b21d8574a1a2ec064adf500818e3ca2
2025-09-01,25471,juros_pf_aquisicao_veiculos_mes,2.03,percentual_ao_mes,https://api.bcb.gov.br/dados/serie/bcdata.sgs.25471/dados?formato=json&dataInicial=01%2F01%2F2024&dataFinal=31%2F08%2F2026,2026-10-01 10:08:20.284871-03,,331ad0d22349635aa8b2da1c3e2e707e3b5da420a160e04ffd9c33d81002d2ec
2025-10-01,433,ipca_variacao_mensal,0.09,percentual_ao_mes,https://api.bcb.gov.br/dados/serie/bcdata.sgs.433/dados?formato=json&dataInicial=01%2F01%2F2024&dataFinal=31%2F08%2F2026,2026-10-01 10:08:19.984638-03,,d9fc583b3b7f2a563a5d8a899ef287b9c5ecb2d7b42da2550145e4bac9550213
2025-10-01,4390,selic_acumulada_mes,1.28,percentual_ao_mes,https://api.bcb.gov.br/dados/serie/bcdata.sgs.4390/dados?formato=json&dataInicial=01%2F01%2F2024&dataFinal=31%2F08%2F2026,2026-10-01 10:08:20.124212-03,,6bea5db94bf65aade5d5be0aab1d1ed69b21d8574a1a2ec064adf500818e3ca2
2025-10-01,25471,juros_pf_aquisicao_veiculos_mes,2.04,percentual_ao_mes,https://api.bcb.gov.br/dados/serie/bcdata.sgs.25471/dados?formato=json&dataInicial=01%2F01%2F2024&dataFinal=31%2F08%2F2026,2026-10-01 10:08:20.284871-03,,331ad0d22349635aa8b2da1c3e2e707e3b5da420a160e04ffd9c33d81002d2ec
2025-11-01,433,ipca_variacao_mensal,0.18,percentual_ao_mes,https://api.bcb.gov.br/dados/serie/bcdata.sgs.433/dados?formato=json&dataInicial=01%2F01%2F2024&dataFinal=31%2F08%2F2026,2026-10-01 10:08:19.984638-03,,d9fc583b3b7f2a563a5d8a899ef287b9c5ecb2d7b42da2550145e4bac9550213
2025-11-01,4390,selic_acumulada_mes,1.05,percentual_ao_mes,https://api.bcb.gov.br/dados/serie/bcdata.sgs.4390/dados?formato=json&dataInicial=01%2F01%2F2024&dataFinal=31%2F08%2F2026,2026-10-01 10:08:20.124212-03,,6bea5db94bf65aade5d5be0aab1d1ed69b21d8574a1a2ec064adf500818e3ca2
2025-11-01,25471,juros_pf_aquisicao_veiculos_mes,2.01,percentual_ao_mes,https://api.bcb.gov.br/dados/serie/bcdata.sgs.25471/dados?formato=json&dataInicial=01%2F01%2F2024&dataFinal=31%2F08%2F2026,2026-10-01 10:08:20.284871-03,,331ad0d22349635aa8b2da1c3e2e707e3b5da420a160e04ffd9c33d81002d2ec
2025-12-01,433,ipca_variacao_mensal,0.33,percentual_ao_mes,https://api.bcb.gov.br/dados/serie/bcdata.sgs.433/dados?formato=json&dataInicial=01%2F01%2F2024&dataFinal=31%2F08%2F2026,2026-10-01 10:08:19.984638-03,,d9fc583b3b7f2a563a5d8a899ef287b9c5ecb2d7b42da2550145e4bac9550213
2025-12-01,4390,selic_acumulada_mes,1.22,percentual_ao_mes,https://api.bcb.gov.br/dados/serie/bcdata.sgs.4390/dados?formato=json&dataInicial=01%2F01%2F2024&dataFinal=31%2F08%2F2026,2026-10-01 10:08:20.124212-03,,6bea5db94bf65aade5d5be0aab1d1ed69b21d8574a1a2ec064adf500818e3ca2
2025-12-01,25471,juros_pf_aquisicao_veiculos_mes,1.97,percentual_ao_mes,https://api.bcb.gov.br/dados/serie/bcdata.sgs.25471/dados?formato=json&dataInicial=01%2F01%2F2024&dataFinal=31%2F08%2F2026,2026-10-01 10:08:20.284871-03,,331ad0d22349635aa8b2da1c3e2e707e3b5da420a160e04ffd9c33d81002d2ec
2026-01-01,433,ipca_variacao_mensal,0.33,percentual_ao_mes,https://api.bcb.gov.br/dados/serie/bcdata.sgs.433/dados?formato=json&dataInicial=01%2F01%2F2024&dataFinal=31%2F08%2F2026,2026-10-01 10:08:19.984638-03,,d9fc583b3b7f2a563a5d8a899ef287b9c5ecb2d7b42da2550145e4bac9550213
2026-01-01,4390,selic_acumulada_mes,1.16,percentual_ao_mes,https://api.bcb.gov.br/dados/serie/bcdata.sgs.4390/dados?formato=json&dataInicial=01%2F01%2F2024&dataFinal=31%2F08%2F2026,2026-10-01 10:08:20.124212-03,,6bea5db94bf65aade5d5be0aab1d1ed69b21d8574a1a2ec064adf500818e3ca2
2026-01-01,25471,juros_pf_aquisicao_veiculos_mes,2.06,percentual_ao_mes,https://api.bcb.gov.br/dados/serie/bcdata.sgs.25471/dados?formato=json&dataInicial=01%2F01%2F2024&dataFinal=31%2F08%2F2026,2026-10-01 10:08:20.284871-03,,331ad0d22349635aa8b2da1c3e2e707e3b5da420a160e04ffd9c33d81002d2ec
2026-02-01,433,ipca_variacao_mensal,0.7,percentual_ao_mes,https://api.bcb.gov.br/dados/serie/bcdata.sgs.433/dados?formato=json&dataInicial=01%2F01%2F2024&dataFinal=31%2F08%2F2026,2026-10-01 10:08:19.984638-03,,d9fc583b3b7f2a563a5d8a899ef287b9c5ecb2d7b42da2550145e4bac9550213
2026-02-01,4390,selic_acumulada_mes,1,percentual_ao_mes,https://api.bcb.gov.br/dados/serie/bcdata.sgs.4390/dados?formato=json&dataInicial=01%2F01%2F2024&dataFinal=31%2F08%2F2026,2026-10-01 10:08:20.124212-03,,6bea5db94bf65aade5d5be0aab1d1ed69b21d8574a1a2ec064adf500818e3ca2
2026-02-01,25471,juros_pf_aquisicao_veiculos_mes,2.03,percentual_ao_mes,https://api.bcb.gov.br/dados/serie/bcdata.sgs.25471/dados?formato=json&dataInicial=01%2F01%2F2024&dataFinal=31%2F08%2F2026,2026-10-01 10:08:20.284871-03,,331ad0d22349635aa8b2da1c3e2e707e3b5da420a160e04ffd9c33d81002d2ec
2026-03-01,433,ipca_variacao_mensal,0.88,percentual_ao_mes,https://api.bcb.gov.br/dados/serie/bcdata.sgs.433/dados?formato=json&dataInicial=01%2F01%2F2024&dataFinal=31%2F08%2F2026,2026-10-01 10:08:19.984638-03,,d9fc583b3b7f2a563a5d8a899ef287b9c5ecb2d7b42da2550145e4bac9550213
2026-03-01,4390,selic_acumulada_mes,1.21,percentual_ao_mes,https://api.bcb.gov.br/dados/serie/bcdata.sgs.4390/dados?formato=json&dataInicial=01%2F01%2F2024&dataFinal=31%2F08%2F2026,2026-10-01 10:08:20.124212-03,,6bea5db94bf65aade5d5be0aab1d1ed69b21d8574a1a2ec064adf500818e3ca2
2026-03-01,25471,juros_pf_aquisicao_veiculos_mes,1.98,percentual_ao_mes,https://api.bcb.gov.br/dados/serie/bcdata.sgs.25471/dados?formato=json&dataInicial=01%2F01%2F2024&dataFinal=31%2F08%2F2026,2026-10-01 10:08:20.284871-03,,331ad0d22349635aa8b2da1c3e2e707e3b5da420a160e04ffd9c33d81002d2ec
2026-04-01,433,ipca_variacao_mensal,0.67,percentual_ao_mes,https://api.bcb.gov.br/dados/serie/bcdata.sgs.433/dados?formato=json&dataInicial=01%2F01%2F2024&dataFinal=31%2F08%2F2026,2026-10-01 10:08:19.984638-03,,d9fc583b3b7f2a563a5d8a899ef287b9c5ecb2d7b42da2550145e4bac9550213
2026-04-01,4390,selic_acumulada_mes,1.09,percentual_ao_mes,https://api.bcb.gov.br/dados/serie/bcdata.sgs.4390/dados?formato=json&dataInicial=01%2F01%2F2024&dataFinal=31%2F08%2F2026,2026-10-01 10:08:20.124212-03,,6bea5db94bf65aade5d5be0aab1d1ed69b21d8574a1a2ec064adf500818e3ca2
2026-04-01,25471,juros_pf_aquisicao_veiculos_mes,1.99,percentual_ao_mes,https://api.bcb.gov.br/dados/serie/bcdata.sgs.25471/dados?formato=json&dataInicial=01%2F01%2F2024&dataFinal=31%2F08%2F2026,2026-10-01 10:08:20.284871-03,,331ad0d22349635aa8b2da1c3e2e707e3b5da420a160e04ffd9c33d81002d2ec
2026-05-01,433,ipca_variacao_mensal,0.58,percentual_ao_mes,https://api.bcb.gov.br/dados/serie/bcdata.sgs.433/dados?formato=json&dataInicial=01%2F01%2F2024&dataFinal=31%2F08%2F2026,2026-10-01 10:08:19.984638-03,,d9fc583b3b7f2a563a5d8a899ef287b9c5ecb2d7b42da2550145e4bac9550213
2026-05-01,4390,selic_acumulada_mes,1.07,percentual_ao_mes,https://api.bcb.gov.br/dados/serie/bcdata.sgs.4390/dados?formato=json&dataInicial=01%2F01%2F2024&dataFinal=31%2F08%2F2026,2026-10-01 10:08:20.124212-03,,6bea5db94bf65aade5d5be0aab1d1ed69b21d8574a1a2ec064adf500818e3ca2
2026-05-01,25471,juros_pf_aquisicao_veiculos_mes,1.97,percentual_ao_mes,https://api.bcb.gov.br/dados/serie/bcdata.sgs.25471/dados?formato=json&dataInicial=01%2F01%2F2024&dataFinal=31%2F08%2F2026,2026-10-01 10:08:20.284871-03,,331ad0d22349635aa8b2da1c3e2e707e3b5da420a160e04ffd9c33d81002d2ec
2026-06-01,433,ipca_variacao_mensal,0.16,percentual_ao_mes,https://api.bcb.gov.br/dados/serie/bcdata.sgs.433/dados?formato=json&dataInicial=01%2F01%2F2024&dataFinal=31%2F08%2F2026,2026-10-01 10:08:19.984638-03,,d9fc583b3b7f2a563a5d8a899ef287b9c5ecb2d7b42da2550145e4bac9550213
2026-06-01,4390,selic_acumulada_mes,1.12,percentual_ao_mes,https://api.bcb.gov.br/dados/serie/bcdata.sgs.4390/dados?formato=json&dataInicial=01%2F01%2F2024&dataFinal=31%2F08%2F2026,2026-10-01 10:08:20.124212-03,,6bea5db94bf65aade5d5be0aab1d1ed69b21d8574a1a2ec064adf500818e3ca2
2026-06-01,25471,juros_pf_aquisicao_veiculos_mes,1.97,percentual_ao_mes,https://api.bcb.gov.br/dados/serie/bcdata.sgs.25471/dados?formato=json&dataInicial=01%2F01%2F2024&dataFinal=31%2F08%2F2026,2026-10-01 10:08:20.284871-03,,331ad0d22349635aa8b2da1c3e2e707e3b5da420a160e04ffd9c33d81002d2ec
2026-07-01,433,ipca_variacao_mensal,0.07,percentual_ao_mes,https://api.bcb.gov.br/dados/serie/bcdata.sgs.433/dados?formato=json&dataInicial=01%2F01%2F2024&dataFinal=31%2F08%2F2026,2026-10-01 10:08:19.984638-03,,d9fc583b3b7f2a563a5d8a899ef287b9c5ecb2d7b42da2550145e4bac9550213
2026-07-01,4390,selic_acumulada_mes,1.22,percentual_ao_mes,https://api.bcb.gov.br/dados/serie/bcdata.sgs.4390/dados?formato=json&dataInicial=01%2F01%2F2024&dataFinal=31%2F08%2F2026,2026-10-01 10:08:20.124212-03,,6bea5db94bf65aade5d5be0aab1d1ed69b21d8574a1a2ec064adf500818e3ca2
2026-07-01,25471,juros_pf_aquisicao_veiculos_mes,1.98,percentual_ao_mes,https://api.bcb.gov.br/dados/serie/bcdata.sgs.25471/dados?formato=json&dataInicial=01%2F01%2F2024&dataFinal=31%2F08%2F2026,2026-10-01 10:08:20.284871-03,,331ad0d22349635aa8b2da1c3e2e707e3b5da420a160e04ffd9c33d81002d2ec
2026-08-01,433,ipca_variacao_mensal,-0.32,percentual_ao_mes,https://api.bcb.gov.br/dados/serie/bcdata.sgs.433/dados?formato=json&dataInicial=01%2F01%2F2024&dataFinal=31%2F08%2F2026,2026-10-01 10:08:19.984638-03,,d9fc583b3b7f2a563a5d8a899ef287b9c5ecb2d7b42da2550145e4bac9550213
2026-08-01,4390,selic_acumulada_mes,1.09,percentual_ao_mes,https://api.bcb.gov.br/dados/serie/bcdata.sgs.4390/dados?formato=json&dataInicial=01%2F01%2F2024&dataFinal=31%2F08%2F2026,2026-10-01 10:08:20.124212-03,,6bea5db94bf65aade5d5be0aab1d1ed69b21d8574a1a2ec064adf500818e3ca2
2026-08-01,25471,juros_pf_aquisicao_veiculos_mes,1.97,percentual_ao_mes,https://api.bcb.gov.br/dados/serie/bcdata.sgs.25471/dados?formato=json&dataInicial=01%2F01%2F2024&dataFinal=31%2F08%2F2026,2026-10-01 10:08:20.284871-03,,331ad0d22349635aa8b2da1c3e2e707e3b5da420a160e04ffd9c33d81002d2ec
