ano_referencia,mes_referencia,data_referencia,emplacamentos_total_painel,emplacamentos_bev,emplacamentos_phev,emplacamentos_hev,emplacamentos_hev_flex,emplacamentos_mhev,soma_tecnologias_publicadas,divergencia_total_vs_tecnologias,regra_classificacao,emplacamentos_mes_anterior_comparavel,crescimento_mensal_percentual,emplacamentos_mes_ano_anterior_comparavel,crescimento_anual_percentual,participacao_bev_percentual,participacao_phev_percentual,participacao_hev_percentual,participacao_hev_flex_percentual,url_fonte,data_captura,metodo_extracao
2024,1,2024-01-01,12026,,,,,,,,classificacao_abve_anterior_a_2025,,,,,,,,,https://abve.org.br/abve-data/bi-geral/,2026-09-30,transcricao_tabela_acessivel_verificada
2024,2,2024-02-01,10451,,,,,,,,classificacao_abve_anterior_a_2025,12026,-13.10,,,,,,,https://abve.org.br/abve-data/bi-geral/,2026-09-30,transcricao_tabela_acessivel_verificada
2024,3,2024-03-01,13613,,,,,,,,classificacao_abve_anterior_a_2025,10451,30.26,,,,,,,https://abve.org.br/abve-data/bi-geral/,2026-09-30,transcricao_tabela_acessivel_verificada
2024,4,2024-04-01,15206,,,,,,,,classificacao_abve_anterior_a_2025,13613,11.70,,,,,,,https://abve.org.br/abve-data/bi-geral/,2026-09-30,transcricao_tabela_acessivel_verificada
2024,5,2024-05-01,13612,,,,,,,,classificacao_abve_anterior_a_2025,15206,-10.48,,,,,,,https://abve.org.br/abve-data/bi-geral/,2026-09-30,transcricao_tabela_acessivel_verificada
2024,6,2024-06-01,14396,,,,,,,,classificacao_abve_anterior_a_2025,13612,5.76,,,,,,,https://abve.org.br/abve-data/bi-geral/,2026-09-30,transcricao_tabela_acessivel_verificada
2024,7,2024-07-01,15312,,,,,,,,classificacao_abve_anterior_a_2025,14396,6.36,,,,,,,https://abve.org.br/abve-data/bi-geral/,2026-09-30,transcricao_tabela_acessivel_verificada
2024,8,2024-08-01,14667,,,,,,,,classificacao_abve_anterior_a_2025,15312,-4.21,,,,,,,https://abve.org.br/abve-data/bi-geral/,2026-09-30,transcricao_tabela_acessivel_verificada
2024,9,2024-09-01,13265,,,,,,,,classificacao_abve_anterior_a_2025,14667,-9.56,,,,,,,https://abve.org.br/abve-data/bi-geral/,2026-09-30,transcricao_tabela_acessivel_verificada
2024,10,2024-10-01,16033,,,,,,,,classificacao_abve_anterior_a_2025,13265,20.87,,,,,,,https://abve.org.br/abve-data/bi-geral/,2026-09-30,transcricao_tabela_acessivel_verificada
2024,11,2024-11-01,17143,,,,,,,,classificacao_abve_anterior_a_2025,16033,6.92,,,,,,,https://abve.org.br/abve-data/bi-geral/,2026-09-30,transcricao_tabela_acessivel_verificada
2024,12,2024-12-01,21634,,,,,,,,classificacao_abve_anterior_a_2025,17143,26.20,,,,,,,https://abve.org.br/abve-data/bi-geral/,2026-09-30,transcricao_tabela_acessivel_verificada
2025,1,2025-01-01,12556,3700,6705,1541,610,,12556,0,BEV_PHEV_HEV_HEV_FLEX_sem_MHEV,,,,,29.47,53.40,12.27,4.86,https://abve.org.br/abve-data/bi-geral/,2026-09-30,transcricao_tabela_acessivel_verificada
2025,2,2025-02-01,12988,4492,5884,1148,1464,,12988,0,BEV_PHEV_HEV_HEV_FLEX_sem_MHEV,12556,3.44,,,34.59,45.30,8.84,11.27,https://abve.org.br/abve-data/bi-geral/,2026-09-30,transcricao_tabela_acessivel_verificada
2025,3,2025-03-01,14380,4801,6944,979,1656,,14380,0,BEV_PHEV_HEV_HEV_FLEX_sem_MHEV,12988,10.72,,,33.39,48.29,6.81,11.52,https://abve.org.br/abve-data/bi-geral/,2026-09-30,transcricao_tabela_acessivel_verificada
2025,4,2025-04-01,14759,4702,7913,830,1314,,14759,0,BEV_PHEV_HEV_HEV_FLEX_sem_MHEV,14380,2.64,,,31.86,53.61,5.62,8.90,https://abve.org.br/abve-data/bi-geral/,2026-09-30,transcricao_tabela_acessivel_verificada
2025,5,2025-05-01,16641,6969,7581,1129,962,,16641,0,BEV_PHEV_HEV_HEV_FLEX_sem_MHEV,14759,12.75,,,41.88,45.56,6.78,5.78,https://abve.org.br/abve-data/bi-geral/,2026-09-30,transcricao_tabela_acessivel_verificada
2025,6,2025-06-01,15525,5918,7347,1378,882,,15525,0,BEV_PHEV_HEV_HEV_FLEX_sem_MHEV,16641,-6.71,,,38.12,47.32,8.88,5.68,https://abve.org.br/abve-data/bi-geral/,2026-09-30,transcricao_tabela_acessivel_verificada
2025,7,2025-07-01,19016,7010,8644,2336,1026,,19016,0,BEV_PHEV_HEV_HEV_FLEX_sem_MHEV,15525,22.49,,,36.86,45.46,12.28,5.40,https://abve.org.br/abve-data/bi-geral/,2026-09-30,transcricao_tabela_acessivel_verificada
2025,8,2025-08-01,20222,7624,8057,2280,2245,,20206,16,BEV_PHEV_HEV_HEV_FLEX_sem_MHEV,19016,6.34,,,37.73,39.87,11.28,11.11,https://abve.org.br/abve-data/bi-geral/,2026-09-30,transcricao_tabela_acessivel_verificada
2025,9,2025-09-01,21342,8169,8194,2112,2867,,21342,0,BEV_PHEV_HEV_HEV_FLEX_sem_MHEV,20222,5.54,,,38.28,38.39,9.90,13.43,https://abve.org.br/abve-data/bi-geral/,2026-09-30,transcricao_tabela_acessivel_verificada
2025,10,2025-10-01,21369,7986,9458,2166,1759,,21369,0,BEV_PHEV_HEV_HEV_FLEX_sem_MHEV,21342,0.13,,,37.37,44.26,10.14,8.23,https://abve.org.br/abve-data/bi-geral/,2026-09-30,transcricao_tabela_acessivel_verificada
2025,11,2025-11-01,21209,7263,9408,2629,1909,,21209,0,BEV_PHEV_HEV_HEV_FLEX_sem_MHEV,21369,-0.75,,,34.24,44.36,12.40,9.00,https://abve.org.br/abve-data/bi-geral/,2026-09-30,transcricao_tabela_acessivel_verificada
2025,12,2025-12-01,33905,11550,13861,3865,4629,,33905,0,BEV_PHEV_HEV_HEV_FLEX_sem_MHEV,21209,59.86,,,34.07,40.88,11.40,13.65,https://abve.org.br/abve-data/bi-geral/,2026-09-30,transcricao_tabela_acessivel_verificada
2026,1,2026-01-01,23706,8250,8399,3600,3457,,23706,0,BEV_PHEV_HEV_HEV_FLEX_sem_MHEV,33905,-30.08,12556,88.80,34.80,35.43,15.19,14.58,https://abve.org.br/abve-data/bi-geral/,2026-09-30,transcricao_tabela_acessivel_verificada
2026,2,2026-02-01,24885,8703,8393,3829,3960,,24885,0,BEV_PHEV_HEV_HEV_FLEX_sem_MHEV,23706,4.97,12988,91.60,34.97,33.73,15.39,15.91,https://abve.org.br/abve-data/bi-geral/,2026-09-30,transcricao_tabela_acessivel_verificada
2026,3,2026-03-01,35356,14073,12367,3992,4924,,35356,0,BEV_PHEV_HEV_HEV_FLEX_sem_MHEV,24885,42.08,14380,145.87,39.80,34.98,11.29,13.93,https://abve.org.br/abve-data/bi-geral/,2026-09-30,transcricao_tabela_acessivel_verificada
2026,4,2026-04-01,38516,17488,13214,3718,4096,,38516,0,BEV_PHEV_HEV_HEV_FLEX_sem_MHEV,35356,8.94,14759,160.97,45.40,34.31,9.65,10.63,https://abve.org.br/abve-data/bi-geral/,2026-09-30,transcricao_tabela_acessivel_verificada
2026,5,2026-05-01,44981,20974,15821,4273,3913,,44981,0,BEV_PHEV_HEV_HEV_FLEX_sem_MHEV,38516,16.79,16641,170.30,46.63,35.17,9.50,8.70,https://abve.org.br/abve-data/bi-geral/,2026-09-30,transcricao_tabela_acessivel_verificada
2026,6,2026-06-01,47579,21138,18206,4507,3728,,47579,0,BEV_PHEV_HEV_HEV_FLEX_sem_MHEV,44981,5.78,15525,206.47,44.43,38.26,9.47,7.84,https://abve.org.br/abve-data/bi-geral/,2026-09-30,transcricao_tabela_acessivel_verificada
2026,7,2026-07-01,56074,25782,20500,4168,5624,,56074,0,BEV_PHEV_HEV_HEV_FLEX_sem_MHEV,47579,17.85,19016,194.88,45.98,36.56,7.43,10.03,https://abve.org.br/abve-data/bi-geral/,2026-09-30,transcricao_tabela_acessivel_verificada
2026,8,2026-08-01,57386,27166,20535,4445,5240,,57386,0,BEV_PHEV_HEV_HEV_FLEX_sem_MHEV,56074,2.34,20222,183.78,47.34,35.78,7.75,9.13,https://abve.org.br/abve-data/bi-geral/,2026-09-30,transcricao_tabela_acessivel_verificada
