ano_referencia,mes_referencia,data_referencia,categoria_fenabrave,segmento_veiculos,emplacamentos_mes,crescimento_mensal_percentual,emplacamentos_mes_ano_anterior,crescimento_anual_percentual,emplacamentos_acumulado_ano,emplacamentos_acumulado_ano_anterior,pagina_pdf,url_fonte,metodo_extracao
2024,1,2024-01-01,eletricos,autos,4335,,,,4335,722,20,https://www.fenabrave.org.br/portal/files/2024_01_02.pdf,transcricao_visual_verificada
2024,1,2024-01-01,hibridos,autos,7642,,,,7642,3745,20,https://www.fenabrave.org.br/portal/files/2024_01_02.pdf,transcricao_visual_verificada
2024,2,2024-02-01,eletricos,autos_e_comerciais_leves,3639,,,,7995,1394,22,https://www.fenabrave.org.br/portal/files/2024_02_02.pdf,extracao_textual
2024,2,2024-02-01,hibridos,autos_e_comerciais_leves,6812,,,,14480,7409,22,https://www.fenabrave.org.br/portal/files/2024_02_02.pdf,extracao_textual
2024,3,2024-03-01,eletricos,autos_e_comerciais_leves,6137,68.65,,,14129,1982,22,https://www.fenabrave.org.br/portal/files/2024_03_02.pdf,extracao_textual
2024,3,2024-03-01,hibridos,autos_e_comerciais_leves,7476,9.75,,,21956,12810,22,https://www.fenabrave.org.br/portal/files/2024_03_02.pdf,extracao_textual
2024,4,2024-04-01,eletricos,autos_e_comerciais_leves,6705,9.26,,,20832,2545,22,https://www.fenabrave.org.br/portal/files/2024_04_02.pdf,extracao_textual
2024,4,2024-04-01,hibridos,autos_e_comerciais_leves,8501,13.71,,,30457,17039,22,https://www.fenabrave.org.br/portal/files/2024_04_02.pdf,extracao_textual
2024,5,2024-05-01,eletricos,autos_e_comerciais_leves,5175,-22.82,,,26001,3160,22,https://www.fenabrave.org.br/portal/files/2024_05_02.pdf,extracao_textual
2024,5,2024-05-01,hibridos,autos_e_comerciais_leves,8437,-0.75,,,38893,22858,22,https://www.fenabrave.org.br/portal/files/2024_05_02.pdf,extracao_textual
2024,6,2024-06-01,eletricos,autos_e_comerciais_leves,5190,0.29,,,31188,3786,22,https://www.fenabrave.org.br/portal/files/2024_06_02.pdf,extracao_textual
2024,6,2024-06-01,hibridos,autos_e_comerciais_leves,9206,9.11,,,48095,28464,22,https://www.fenabrave.org.br/portal/files/2024_06_02.pdf,extracao_textual
2024,7,2024-07-01,eletricos,autos_e_comerciais_leves,4702,-9.40,,,35885,4734,22,https://www.fenabrave.org.br/portal/files/2024_07_02.pdf,extracao_textual
2024,7,2024-07-01,hibridos,autos_e_comerciais_leves,10610,15.25,,,58702,34977,22,https://www.fenabrave.org.br/portal/files/2024_07_02.pdf,extracao_textual
2024,8,2024-08-01,eletricos,autos_e_comerciais_leves,5115,8.78,,,41000,5901,22,https://www.fenabrave.org.br/portal/files/2024_08_02.pdf,extracao_textual
2024,8,2024-08-01,hibridos,autos_e_comerciais_leves,9552,-9.97,,,68252,43159,22,https://www.fenabrave.org.br/portal/files/2024_08_02.pdf,extracao_textual
2024,9,2024-09-01,eletricos,autos_e_comerciais_leves,4705,-8.02,,,45705,7731,22,https://www.fenabrave.org.br/portal/files/2024_09_02.pdf,extracao_textual
2024,9,2024-09-01,hibridos,autos_e_comerciais_leves,8630,-9.65,,,76878,49790,22,https://www.fenabrave.org.br/portal/files/2024_09_02.pdf,extracao_textual
2024,10,2024-10-01,eletricos,autos_e_comerciais_leves,6110,29.86,,,51814,10108,22,https://www.fenabrave.org.br/portal/files/2024_10_02.pdf,extracao_textual
2024,10,2024-10-01,hibridos,autos_e_comerciais_leves,9923,14.98,,,86798,56972,22,https://www.fenabrave.org.br/portal/files/2024_10_02.pdf,extracao_textual
2024,11,2024-11-01,eletricos,autos_e_comerciais_leves,5416,-11.36,,,57224,13315,22,https://www.fenabrave.org.br/portal/files/2024_11_02.pdf,extracao_textual
2024,11,2024-11-01,hibridos,autos_e_comerciais_leves,11727,18.18,,,98523,64375,22,https://www.fenabrave.org.br/portal/files/2024_11_02.pdf,extracao_textual
2024,12,2024-12-01,eletricos,autos_e_comerciais_leves,4369,-19.33,,,61585,19335,22,https://www.fenabrave.org.br/portal/files/2024_12_02.pdf,extracao_textual
2024,12,2024-12-01,hibridos,autos_e_comerciais_leves,17265,47.22,,,115777,74633,22,https://www.fenabrave.org.br/portal/files/2024_12_02.pdf,extracao_textual
2025,1,2025-01-01,eletricos,autos_e_comerciais_leves,3697,-15.38,,,3697,4355,22,https://www.fenabrave.org.br/portal/files/2025_01_02.pdf,extracao_textual
2025,1,2025-01-01,hibridos,autos_e_comerciais_leves,12799,-25.87,,,12799,7667,22,https://www.fenabrave.org.br/portal/files/2025_01_02.pdf,extracao_textual
2025,2,2025-02-01,eletricos,autos_e_comerciais_leves,4491,21.48,3639,23.41,8187,7992,22,https://www.fenabrave.org.br/portal/files/2025_02_02.pdf,extracao_textual
2025,2,2025-02-01,hibridos,autos_e_comerciais_leves,11739,-8.28,6812,72.33,24533,14478,22,https://www.fenabrave.org.br/portal/files/2025_02_02.pdf,extracao_textual
2025,3,2025-03-01,eletricos,autos_e_comerciais_leves,4799,6.86,6137,-21.80,12986,14123,22,https://www.fenabrave.org.br/portal/files/2025_03_02.pdf,extracao_textual
2025,3,2025-03-01,hibridos,autos_e_comerciais_leves,13104,11.63,7476,75.28,37637,21951,22,https://www.fenabrave.org.br/portal/files/2025_03_02.pdf,extracao_textual
2025,4,2025-04-01,eletricos,autos_e_comerciais_leves,4699,-2.08,6705,-29.92,17685,20820,22,https://www.fenabrave.org.br/portal/files/2025_04_02.pdf,extracao_textual
2025,4,2025-04-01,hibridos,autos_e_comerciais_leves,15123,15.41,8501,77.90,52760,30449,22,https://www.fenabrave.org.br/portal/files/2025_04_02.pdf,extracao_textual
2025,5,2025-05-01,eletricos,autos_e_comerciais_leves,6964,48.20,5175,34.57,24649,25993,22,https://www.fenabrave.org.br/portal/files/2025_05_02.pdf,extracao_textual
2025,5,2025-05-01,hibridos,autos_e_comerciais_leves,15306,1.21,8437,81.42,68066,38882,22,https://www.fenabrave.org.br/portal/files/2025_05_02.pdf,extracao_textual
2025,6,2025-06-01,eletricos,autos_e_comerciais_leves,5912,-15.11,5190,13.91,30561,31179,22,https://www.fenabrave.org.br/portal/files/2025_06_02.pdf,extracao_textual
2025,6,2025-06-01,hibridos,autos_e_comerciais_leves,15420,0.74,9206,67.50,83486,48086,22,https://www.fenabrave.org.br/portal/files/2025_06_02.pdf,extracao_textual
2025,7,2025-07-01,eletricos,autos_e_comerciais_leves,6982,18.10,4702,48.49,37536,35876,22,https://www.fenabrave.org.br/portal/files/2025_07_02.pdf,extracao_textual
2025,7,2025-07-01,hibridos,autos_e_comerciais_leves,18163,17.79,10610,71.19,101645,58692,22,https://www.fenabrave.org.br/portal/files/2025_07_02.pdf,extracao_textual
2025,8,2025-08-01,eletricos,autos_e_comerciais_leves,7603,8.89,5115,48.64,45126,40984,22,https://www.fenabrave.org.br/portal/files/2025_08_02.pdf,extracao_textual
2025,8,2025-08-01,hibridos,autos_e_comerciais_leves,17694,-2.58,9552,85.24,119331,68238,22,https://www.fenabrave.org.br/portal/files/2025_08_02.pdf,extracao_textual
2025,9,2025-09-01,eletricos,autos_e_comerciais_leves,8029,5.60,4705,70.65,53149,45688,22,https://www.fenabrave.org.br/portal/files/2025_09_02.pdf,extracao_textual
2025,9,2025-09-01,hibridos,autos_e_comerciais_leves,19090,7.89,8630,121.21,138409,76864,22,https://www.fenabrave.org.br/portal/files/2025_09_02.pdf,extracao_textual
2025,10,2025-10-01,eletricos,autos_e_comerciais_leves,7902,-1.58,6110,29.33,61040,51793,22,https://www.fenabrave.org.br/portal/files/2025_10_02.pdf,extracao_textual
2025,10,2025-10-01,hibridos,autos_e_comerciais_leves,19848,3.97,9923,100.02,158248,86784,22,https://www.fenabrave.org.br/portal/files/2025_10_02.pdf,extracao_textual
2025,11,2025-11-01,eletricos,autos_e_comerciais_leves,7231,-8.49,5416,33.51,68264,57195,22,https://www.fenabrave.org.br/portal/files/2025_11_02.pdf,extracao_textual
2025,11,2025-11-01,hibridos,autos_e_comerciais_leves,18884,-4.86,11727,61.03,177120,98500,22,https://www.fenabrave.org.br/portal/files/2025_11_02.pdf,extracao_textual
2025,12,2025-12-01,eletricos,autos_e_comerciais_leves,11520,59.31,4369,163.68,79772,61560,22,https://www.fenabrave.org.br/portal/files/2025_12_02.pdf,extracao_textual
2025,12,2025-12-01,hibridos,autos_e_comerciais_leves,28223,49.45,17265,63.47,205325,115748,22,https://www.fenabrave.org.br/portal/files/2025_12_02.pdf,extracao_textual
2026,1,2026-01-01,eletricos,autos_e_comerciais_leves,8221,-28.64,3697,122.37,8221,3696,22,https://www.fenabrave.org.br/portal/files/2026_01_02.pdf,extracao_textual
2026,1,2026-01-01,hibridos,autos_e_comerciais_leves,19170,-32.08,12799,49.78,19170,12793,22,https://www.fenabrave.org.br/portal/files/2026_01_02.pdf,extracao_textual
2026,2,2026-02-01,eletricos,autos_e_comerciais_leves,8664,5.39,4491,92.92,16883,8186,22,https://www.fenabrave.org.br/portal/files/2026_02_02.pdf,extracao_textual
2026,2,2026-02-01,hibridos,autos_e_comerciais_leves,19422,1.31,11739,65.45,38590,24530,22,https://www.fenabrave.org.br/portal/files/2026_02_02.pdf,extracao_textual
2026,3,2026-03-01,eletricos,autos_e_comerciais_leves,14050,62.17,4799,192.77,30928,12984,22,https://www.fenabrave.org.br/portal/files/2026_03_02.pdf,extracao_textual
2026,3,2026-03-01,hibridos,autos_e_comerciais_leves,25959,33.66,13104,98.10,64541,37632,22,https://www.fenabrave.org.br/portal/files/2026_03_02.pdf,extracao_textual
2026,4,2026-04-01,eletricos,autos_e_comerciais_leves,17477,24.39,4699,271.93,48401,17681,22,https://www.fenabrave.org.br/portal/files/2026_04_02.pdf,extracao_textual
2026,4,2026-04-01,hibridos,autos_e_comerciais_leves,25957,-0.01,15123,71.64,90485,52752,22,https://www.fenabrave.org.br/portal/files/2026_04_02.pdf,extracao_textual
2026,5,2026-05-01,eletricos,autos_e_comerciais_leves,20957,19.91,6964,200.93,69347,24635,22,https://www.fenabrave.org.br/portal/files/2026_05_02.pdf,extracao_textual
2026,5,2026-05-01,hibridos,autos_e_comerciais_leves,30639,18.04,15306,100.18,121110,68056,22,https://www.fenabrave.org.br/portal/files/2026_05_02.pdf,extracao_textual
2026,6,2026-06-01,eletricos,autos_e_comerciais_leves,21129,0.82,5912,257.39,90470,30534,22,https://www.fenabrave.org.br/portal/files/2026_06_02.pdf,extracao_textual
2026,6,2026-06-01,hibridos,autos_e_comerciais_leves,33374,8.93,15420,116.43,154472,83468,22,https://www.fenabrave.org.br/portal/files/2026_06_02.pdf,extracao_textual
2026,7,2026-07-01,eletricos,autos_e_comerciais_leves,25778,22.00,6982,269.21,116235,37509,22,https://www.fenabrave.org.br/portal/files/2026_07_02.pdf,extracao_textual
2026,7,2026-07-01,hibridos,autos_e_comerciais_leves,36512,9.40,18163,101.02,190965,101620,22,https://www.fenabrave.org.br/portal/files/2026_07_02.pdf,extracao_textual
2026,8,2026-08-01,eletricos,autos_e_comerciais_leves,27155,5.34,7603,257.16,143375,45100,22,https://www.fenabrave.org.br/portal/files/2026_08_02.pdf,extracao_textual
2026,8,2026-08-01,hibridos,autos_e_comerciais_leves,36900,1.06,17694,108.55,227856,119299,22,https://www.fenabrave.org.br/portal/files/2026_08_02.pdf,extracao_textual
