uf,municipio,quantidade_veiculos,frota_total_veiculos,municipio_chave,uf_ibge,codigo_ibge,populacao_censo_2022,pib_per_capita_aproximado,veiculos_eletrificados_por_100_mil_habitantes,participacao_eletrificada_na_frota_percentual,ano_referencia_frota,mes_referencia_frota,rendimento_domiciliar_per_capita_medio_2022_reais,distancia_padronizada,jan_ago_2024,jan_ago_2025,jan_ago_2026,acrescimo_2026_2025,crescimento_percentual,contribuicao_crescimento_percentual,criterio,escopo
SAO PAULO,BAURU,3251,323055,BAURU,SP,3506003.000000,379146.000000,54477.060000,857.453300,1.006330,2026,8,2210.100000,0.000000,256.000000,326.000000,859.000000,533.000000,163.496933,0.340101,"Bauru + dez cidades não capitais de SP mais próximas em log-população e log-renda padronizados; referência 2022, sem seleção pelo crescimento observado.","Emplacamentos BEV/PHEV ABVE; frota ampla SENATRAN ago/2026 e indicadores IBGE 2022, quando presentes, são medidas separadas. Recarga ABVE/Tupi ago/2026."
SAO PAULO,PIRACICABA,4102,374840,PIRACICABA,SP,3538709.000000,423323.000000,104770.090000,969.000000,1.094334,2026,8,2145.670000,0.174568,360.000000,451.000000,1116.000000,665.000000,147.450111,0.424329,"Bauru + dez cidades não capitais de SP mais próximas em log-população e log-renda padronizados; referência 2022, sem seleção pelo crescimento observado.","Emplacamentos BEV/PHEV ABVE; frota ampla SENATRAN ago/2026 e indicadores IBGE 2022, quando presentes, são medidas separadas. Recarga ABVE/Tupi ago/2026."
SAO PAULO,COTIA,2114,194543,COTIA,SP,3513009.000000,274413.000000,69460.170000,770.371700,1.086649,2026,8,2275.730000,0.276571,147.000000,179.000000,470.000000,291.000000,162.569832,0.185684,"Bauru + dez cidades não capitais de SP mais próximas em log-população e log-renda padronizados; referência 2022, sem seleção pelo crescimento observado.","Emplacamentos BEV/PHEV ABVE; frota ampla SENATRAN ago/2026 e indicadores IBGE 2022, quando presentes, são medidas separadas. Recarga ABVE/Tupi ago/2026."
SAO PAULO,SAO CARLOS,1479,216058,SAO CARLOS,SP,3548906.000000,254857.000000,72146.030000,580.325400,0.684538,2026,8,2281.260000,0.327796,105.000000,91.000000,343.000000,252.000000,276.923077,0.160798,"Bauru + dez cidades não capitais de SP mais próximas em log-população e log-renda padronizados; referência 2022, sem seleção pelo crescimento observado.","Emplacamentos BEV/PHEV ABVE; frota ampla SENATRAN ago/2026 e indicadores IBGE 2022, quando presentes, são medidas separadas. Recarga ABVE/Tupi ago/2026."
SAO PAULO,ARARAQUARA,1976,214962,ARARAQUARA,SP,3503208.000000,242228.000000,60643.280000,815.760400,0.919232,2026,8,2128.110000,0.375390,134.000000,200.000000,502.000000,302.000000,151.000000,0.192703,"Bauru + dez cidades não capitais de SP mais próximas em log-população e log-renda padronizados; referência 2022, sem seleção pelo crescimento observado.","Emplacamentos BEV/PHEV ABVE; frota ampla SENATRAN ago/2026 e indicadores IBGE 2022, quando presentes, são medidas separadas. Recarga ABVE/Tupi ago/2026."
SAO PAULO,PRESIDENTE PRUDENTE,1667,199821,PRESIDENTE PRUDENTE,SP,3541406.000000,225668.000000,51480.930000,738.695800,0.834247,2026,8,2104.170000,0.450310,113.000000,168.000000,395.000000,227.000000,135.119048,0.144846,"Bauru + dez cidades não capitais de SP mais próximas em log-população e log-renda padronizados; referência 2022, sem seleção pelo crescimento observado.","Emplacamentos BEV/PHEV ABVE; frota ampla SENATRAN ago/2026 e indicadores IBGE 2022, quando presentes, são medidas separadas. Recarga ABVE/Tupi ago/2026."
SAO PAULO,SAO JOSE DOS CAMPOS,4876,524877,SAO JOSE DOS CAMPOS,SP,3549904.000000,697054.000000,88077.140000,699.515400,0.928980,2026,8,2276.810000,0.459850,399.000000,447.000000,1048.000000,601.000000,134.451902,0.383491,"Bauru + dez cidades não capitais de SP mais próximas em log-população e log-renda padronizados; referência 2022, sem seleção pelo crescimento observado.","Emplacamentos BEV/PHEV ABVE; frota ampla SENATRAN ago/2026 e indicadores IBGE 2022, quando presentes, são medidas separadas. Recarga ABVE/Tupi ago/2026."
SAO PAULO,SOROCABA,7621,585180,SOROCABA,SP,3552205.000000,723682.000000,81273.660000,1053.086900,1.302334,2026,8,2165.310000,0.471420,483.000000,633.000000,1673.000000,1040.000000,164.296998,0.663612,"Bauru + dez cidades não capitais de SP mais próximas em log-população e log-renda padronizados; referência 2022, sem seleção pelo crescimento observado.","Emplacamentos BEV/PHEV ABVE; frota ampla SENATRAN ago/2026 e indicadores IBGE 2022, quando presentes, são medidas separadas. Recarga ABVE/Tupi ago/2026."
SAO PAULO,AMERICANA,2737,212895,AMERICANA,SP,3501608.000000,237240.000000,74188.860000,1153.684000,1.285610,2026,8,2358.270000,0.477411,260.000000,305.000000,668.000000,363.000000,119.016393,0.231626,"Bauru + dez cidades não capitais de SP mais próximas em log-população e log-renda padronizados; referência 2022, sem seleção pelo crescimento observado.","Emplacamentos BEV/PHEV ABVE; frota ampla SENATRAN ago/2026 e indicadores IBGE 2022, quando presentes, são medidas separadas. Recarga ABVE/Tupi ago/2026."
SAO PAULO,BARUERI,5657,233450,BARUERI,SP,3505708.000000,316473.000000,226391.220000,1787.514300,2.423217,2026,8,2412.350000,0.479342,492.000000,602.000000,1071.000000,469.000000,77.906977,0.299264,"Bauru + dez cidades não capitais de SP mais próximas em log-população e log-renda padronizados; referência 2022, sem seleção pelo crescimento observado.","Emplacamentos BEV/PHEV ABVE; frota ampla SENATRAN ago/2026 e indicadores IBGE 2022, quando presentes, são medidas separadas. Recarga ABVE/Tupi ago/2026."
SAO PAULO,SAO JOSE DO RIO PRETO,5782,463049,SAO JOSE DO RIO PRETO,SP,3549805.000000,480393.000000,54934.440000,1203.597900,1.248680,2026,8,2410.090000,0.486831,509.000000,610.000000,1419.000000,809.000000,132.622951,0.516214,"Bauru + dez cidades não capitais de SP mais próximas em log-população e log-renda padronizados; referência 2022, sem seleção pelo crescimento observado.","Emplacamentos BEV/PHEV ABVE; frota ampla SENATRAN ago/2026 e indicadores IBGE 2022, quando presentes, são medidas separadas. Recarga ABVE/Tupi ago/2026."
