ano_referencia,mes_referencia,uf,total_veiculos_eletrificados,total_mes_anterior,total_ano_anterior,crescimento_percentual_mensal,crescimento_percentual_anual
2024,1,ACRE,327,,,,
2024,1,ALAGOAS,2178,,,,
2024,1,AMAPA,310,,,,
2024,1,AMAZONAS,2178,,,,
2024,1,BAHIA,8320,,,,
2024,1,CEARA,5030,,,,
2024,1,DISTRITO FEDERAL,15395,,,,
2024,1,ESPIRITO SANTO,6636,,,,
2024,1,GOIAS,8257,,,,
2024,1,MARANHAO,2593,,,,
2024,1,MATO GROSSO,4816,,,,
2024,1,MATO GROSSO DO SUL,3239,,,,
2024,1,MINAS GERAIS,17546,,,,
2024,1,PARA,2928,,,,
2024,1,PARAIBA,2438,,,,
2024,1,PARANA,18796,,,,
2024,1,PERNAMBUCO,7646,,,,
2024,1,PIAUI,1867,,,,
2024,1,RIO DE JANEIRO,18618,,,,
2024,1,RIO GRANDE DO NORTE,2474,,,,
2024,1,RIO GRANDE DO SUL,13565,,,,
2024,1,RONDONIA,996,,,,
2024,1,RORAIMA,241,,,,
2024,1,SANTA CATARINA,17293,,,,
2024,1,SAO PAULO,90465,,,,
2024,1,SERGIPE,1429,,,,
2024,1,TOCANTINS,869,,,,
2024,2,ACRE,334,327,,2.14,
2024,2,ALAGOAS,2346,2178,,7.71,
2024,2,AMAPA,320,310,,3.23,
2024,2,AMAZONAS,2333,2178,,7.12,
2024,2,BAHIA,8638,8320,,3.82,
2024,2,CEARA,5263,5030,,4.63,
2024,2,DISTRITO FEDERAL,16393,15395,,6.48,
2024,2,ESPIRITO SANTO,6899,6636,,3.96,
2024,2,GOIAS,8510,8257,,3.06,
2024,2,MARANHAO,2686,2593,,3.59,
2024,2,MATO GROSSO,5032,4816,,4.49,
2024,2,MATO GROSSO DO SUL,3353,3239,,3.52,
2024,2,MINAS GERAIS,18174,17546,,3.58,
2024,2,PARA,3057,2928,,4.41,
2024,2,PARAIBA,2531,2438,,3.81,
2024,2,PARANA,19466,18796,,3.56,
2024,2,PERNAMBUCO,7915,7646,,3.52,
2024,2,PIAUI,1958,1867,,4.87,
2024,2,RIO DE JANEIRO,19421,18618,,4.31,
2024,2,RIO GRANDE DO NORTE,2615,2474,,5.70,
2024,2,RIO GRANDE DO SUL,14185,13565,,4.57,
2024,2,RONDONIA,1030,996,,3.41,
2024,2,RORAIMA,243,241,,0.83,
2024,2,SANTA CATARINA,18041,17293,,4.33,
2024,2,SAO PAULO,94209,90465,,4.14,
2024,2,SERGIPE,1501,1429,,5.04,
2024,2,TOCANTINS,898,869,,3.34,
2024,3,ACRE,348,334,,4.19,
2024,3,ALAGOAS,2559,2346,,9.08,
2024,3,AMAPA,327,320,,2.19,
2024,3,AMAZONAS,2476,2333,,6.13,
2024,3,BAHIA,9077,8638,,5.08,
2024,3,CEARA,5539,5263,,5.24,
2024,3,DISTRITO FEDERAL,17518,16393,,6.86,
2024,3,ESPIRITO SANTO,7408,6899,,7.38,
2024,3,GOIAS,8758,8510,,2.91,
2024,3,MARANHAO,2870,2686,,6.85,
2024,3,MATO GROSSO,5294,5032,,5.21,
2024,3,MATO GROSSO DO SUL,3499,3353,,4.35,
2024,3,MINAS GERAIS,18920,18174,,4.10,
2024,3,PARA,3182,3057,,4.09,
2024,3,PARAIBA,2668,2531,,5.41,
2024,3,PARANA,20312,19466,,4.35,
2024,3,PERNAMBUCO,8239,7915,,4.09,
2024,3,PIAUI,2087,1958,,6.59,
2024,3,RIO DE JANEIRO,20535,19421,,5.74,
2024,3,RIO GRANDE DO NORTE,2751,2615,,5.20,
2024,3,RIO GRANDE DO SUL,14977,14185,,5.58,
2024,3,RONDONIA,1089,1030,,5.73,
2024,3,RORAIMA,265,243,,9.05,
2024,3,SANTA CATARINA,19061,18041,,5.65,
2024,3,SAO PAULO,99501,94209,,5.62,
2024,3,SERGIPE,1574,1501,,4.86,
2024,3,TOCANTINS,942,898,,4.90,
2024,4,ACRE,369,348,,6.03,
2024,4,ALAGOAS,2759,2559,,7.82,
2024,4,AMAPA,350,327,,7.03,
2024,4,AMAZONAS,2630,2476,,6.22,
2024,4,BAHIA,9482,9077,,4.46,
2024,4,CEARA,5880,5539,,6.16,
2024,4,DISTRITO FEDERAL,18806,17518,,7.35,
2024,4,ESPIRITO SANTO,7763,7408,,4.79,
2024,4,GOIAS,9128,8758,,4.22,
2024,4,MARANHAO,3035,2870,,5.75,
2024,4,MATO GROSSO,5525,5294,,4.36,
2024,4,MATO GROSSO DO SUL,3712,3499,,6.09,
2024,4,MINAS GERAIS,19762,18920,,4.45,
2024,4,PARA,3342,3182,,5.03,
2024,4,PARAIBA,2789,2668,,4.54,
2024,4,PARANA,21510,20312,,5.90,
2024,4,PERNAMBUCO,8642,8239,,4.89,
2024,4,PIAUI,2220,2087,,6.37,
2024,4,RIO DE JANEIRO,21850,20535,,6.40,
2024,4,RIO GRANDE DO NORTE,2983,2751,,8.43,
2024,4,RIO GRANDE DO SUL,15958,14977,,6.55,
2024,4,RONDONIA,1178,1089,,8.17,
2024,4,RORAIMA,286,265,,7.92,
2024,4,SANTA CATARINA,20031,19061,,5.09,
2024,4,SAO PAULO,104941,99501,,5.47,
2024,4,SERGIPE,1656,1574,,5.21,
2024,4,TOCANTINS,1012,942,,7.43,
2024,5,ACRE,385,369,,4.34,
2024,5,ALAGOAS,2939,2759,,6.52,
2024,5,AMAPA,358,350,,2.29,
2024,5,AMAZONAS,2776,2630,,5.55,
2024,5,BAHIA,9893,9482,,4.33,
2024,5,CEARA,6259,5880,,6.45,
2024,5,DISTRITO FEDERAL,20038,18806,,6.55,
2024,5,ESPIRITO SANTO,8342,7763,,7.46,
2024,5,GOIAS,9482,9128,,3.88,
2024,5,MARANHAO,3202,3035,,5.50,
2024,5,MATO GROSSO,5766,5525,,4.36,
2024,5,MATO GROSSO DO SUL,3878,3712,,4.47,
2024,5,MINAS GERAIS,20594,19762,,4.21,
2024,5,PARA,3508,3342,,4.97,
2024,5,PARAIBA,2903,2789,,4.09,
2024,5,PARANA,22354,21510,,3.92,
2024,5,PERNAMBUCO,9093,8642,,5.22,
2024,5,PIAUI,2323,2220,,4.64,
2024,5,RIO DE JANEIRO,22920,21850,,4.90,
2024,5,RIO GRANDE DO NORTE,3237,2983,,8.51,
2024,5,RIO GRANDE DO SUL,16226,15958,,1.68,
2024,5,RONDONIA,1240,1178,,5.26,
2024,5,RORAIMA,311,286,,8.74,
2024,5,SANTA CATARINA,20998,20031,,4.83,
2024,5,SAO PAULO,109990,104941,,4.81,
2024,5,SERGIPE,1746,1656,,5.43,
2024,5,TOCANTINS,1058,1012,,4.55,
2024,6,ACRE,406,385,,5.45,
2024,6,ALAGOAS,3135,2939,,6.67,
2024,6,AMAPA,369,358,,3.07,
2024,6,AMAZONAS,2925,2776,,5.37,
2024,6,BAHIA,10303,9893,,4.14,
2024,6,CEARA,6620,6259,,5.77,
2024,6,DISTRITO FEDERAL,21188,20038,,5.74,
2024,6,ESPIRITO SANTO,8827,8342,,5.81,
2024,6,GOIAS,9763,9482,,2.96,
2024,6,MARANHAO,3370,3202,,5.25,
2024,6,MATO GROSSO,5979,5766,,3.69,
2024,6,MATO GROSSO DO SUL,4028,3878,,3.87,
2024,6,MINAS GERAIS,21451,20594,,4.16,
2024,6,PARA,3658,3508,,4.28,
2024,6,PARAIBA,3006,2903,,3.55,
2024,6,PARANA,23260,22354,,4.05,
2024,6,PERNAMBUCO,9460,9093,,4.04,
2024,6,PIAUI,2440,2323,,5.04,
2024,6,RIO DE JANEIRO,24128,22920,,5.27,
2024,6,RIO GRANDE DO NORTE,3455,3237,,6.73,
2024,6,RIO GRANDE DO SUL,17153,16226,,5.71,
2024,6,RONDONIA,1316,1240,,6.13,
2024,6,RORAIMA,335,311,,7.72,
2024,6,SANTA CATARINA,22000,20998,,4.77,
2024,6,SAO PAULO,115495,109990,,5.01,
2024,6,SERGIPE,1846,1746,,5.73,
2024,6,TOCANTINS,1126,1058,,6.43,
2024,7,ACRE,426,406,,4.93,
2024,7,ALAGOAS,3341,3135,,6.57,
2024,7,AMAPA,393,369,,6.50,
2024,7,AMAZONAS,3056,2925,,4.48,
2024,7,BAHIA,10849,10303,,5.30,
2024,7,CEARA,6983,6620,,5.48,
2024,7,DISTRITO FEDERAL,22521,21188,,6.29,
2024,7,ESPIRITO SANTO,9225,8827,,4.51,
2024,7,GOIAS,10088,9763,,3.33,
2024,7,MARANHAO,3558,3370,,5.58,
2024,7,MATO GROSSO,6265,5979,,4.78,
2024,7,MATO GROSSO DO SUL,4233,4028,,5.09,
2024,7,MINAS GERAIS,22452,21451,,4.67,
2024,7,PARA,3856,3658,,5.41,
2024,7,PARAIBA,3124,3006,,3.93,
2024,7,PARANA,24387,23260,,4.85,
2024,7,PERNAMBUCO,9870,9460,,4.33,
2024,7,PIAUI,2558,2440,,4.84,
2024,7,RIO DE JANEIRO,25344,24128,,5.04,
2024,7,RIO GRANDE DO NORTE,3642,3455,,5.41,
2024,7,RIO GRANDE DO SUL,18048,17153,,5.22,
2024,7,RONDONIA,1403,1316,,6.61,
2024,7,RORAIMA,359,335,,7.16,
2024,7,SANTA CATARINA,23161,22000,,5.28,
2024,7,SAO PAULO,120816,115495,,4.61,
2024,7,SERGIPE,1935,1846,,4.82,
2024,7,TOCANTINS,1186,1126,,5.33,
2024,8,ACRE,452,426,,6.10,
2024,8,ALAGOAS,3517,3341,,5.27,
2024,8,AMAPA,424,393,,7.89,
2024,8,AMAZONAS,3243,3056,,6.12,
2024,8,BAHIA,11445,10849,,5.49,
2024,8,CEARA,7376,6983,,5.63,
2024,8,DISTRITO FEDERAL,23948,22521,,6.34,
2024,8,ESPIRITO SANTO,9645,9225,,4.55,
2024,8,GOIAS,10423,10088,,3.32,
2024,8,MARANHAO,3724,3558,,4.67,
2024,8,MATO GROSSO,6495,6265,,3.67,
2024,8,MATO GROSSO DO SUL,4392,4233,,3.76,
2024,8,MINAS GERAIS,23229,22452,,3.46,
2024,8,PARA,4024,3856,,4.36,
2024,8,PARAIBA,3247,3124,,3.94,
2024,8,PARANA,25460,24387,,4.40,
2024,8,PERNAMBUCO,10272,9870,,4.07,
2024,8,PIAUI,2681,2558,,4.81,
2024,8,RIO DE JANEIRO,26236,25344,,3.52,
2024,8,RIO GRANDE DO NORTE,3902,3642,,7.14,
2024,8,RIO GRANDE DO SUL,19006,18048,,5.31,
2024,8,RONDONIA,1475,1403,,5.13,
2024,8,RORAIMA,382,359,,6.41,
2024,8,SANTA CATARINA,24246,23161,,4.68,
2024,8,SAO PAULO,125733,120816,,4.07,
2024,8,SERGIPE,2045,1935,,5.68,
2024,8,TOCANTINS,1267,1186,,6.83,
2024,9,ACRE,473,452,,4.65,
2024,9,ALAGOAS,3698,3517,,5.15,
2024,9,AMAPA,438,424,,3.30,
2024,9,AMAZONAS,3441,3243,,6.11,
2024,9,BAHIA,11976,11445,,4.64,
2024,9,CEARA,7719,7376,,4.65,
2024,9,DISTRITO FEDERAL,25052,23948,,4.61,
2024,9,ESPIRITO SANTO,9984,9645,,3.51,
2024,9,GOIAS,10748,10423,,3.12,
2024,9,MARANHAO,3896,3724,,4.62,
2024,9,MATO GROSSO,6727,6495,,3.57,
2024,9,MATO GROSSO DO SUL,4497,4392,,2.39,
2024,9,MINAS GERAIS,23971,23229,,3.19,
2024,9,PARA,4214,4024,,4.72,
2024,9,PARAIBA,3384,3247,,4.22,
2024,9,PARANA,26354,25460,,3.51,
2024,9,PERNAMBUCO,10655,10272,,3.73,
2024,9,PIAUI,2784,2681,,3.84,
2024,9,RIO DE JANEIRO,27349,26236,,4.24,
2024,9,RIO GRANDE DO NORTE,4087,3902,,4.74,
2024,9,RIO GRANDE DO SUL,19921,19006,,4.81,
2024,9,RONDONIA,1561,1475,,5.83,
2024,9,RORAIMA,430,382,,12.57,
2024,9,SANTA CATARINA,25229,24246,,4.05,
2024,9,SAO PAULO,130198,125733,,3.55,
2024,9,SERGIPE,2132,2045,,4.25,
2024,9,TOCANTINS,1304,1267,,2.92,
2024,10,ACRE,505,473,,6.77,
2024,10,ALAGOAS,3923,3698,,6.08,
2024,10,AMAPA,461,438,,5.25,
2024,10,AMAZONAS,3646,3441,,5.96,
2024,10,BAHIA,12695,11976,,6.00,
2024,10,CEARA,8090,7719,,4.81,
2024,10,DISTRITO FEDERAL,26711,25052,,6.62,
2024,10,ESPIRITO SANTO,10379,9984,,3.96,
2024,10,GOIAS,11053,10748,,2.84,
2024,10,MARANHAO,4061,3896,,4.24,
2024,10,MATO GROSSO,6950,6727,,3.31,
2024,10,MATO GROSSO DO SUL,4628,4497,,2.91,
2024,10,MINAS GERAIS,24868,23971,,3.74,
2024,10,PARA,4375,4214,,3.82,
2024,10,PARAIBA,3521,3384,,4.05,
2024,10,PARANA,27756,26354,,5.32,
2024,10,PERNAMBUCO,11068,10655,,3.88,
2024,10,PIAUI,2928,2784,,5.17,
2024,10,RIO DE JANEIRO,28511,27349,,4.25,
2024,10,RIO GRANDE DO NORTE,4322,4087,,5.75,
2024,10,RIO GRANDE DO SUL,20918,19921,,5.00,
2024,10,RONDONIA,1639,1561,,5.00,
2024,10,RORAIMA,464,430,,7.91,
2024,10,SANTA CATARINA,26417,25229,,4.71,
2024,10,SAO PAULO,135498,130198,,4.07,
2024,10,SERGIPE,2236,2132,,4.88,
2024,10,TOCANTINS,1358,1304,,4.14,
2024,11,ACRE,539,505,,6.73,
2024,11,ALAGOAS,4141,3923,,5.56,
2024,11,AMAPA,490,461,,6.29,
2024,11,AMAZONAS,3830,3646,,5.05,
2024,11,BAHIA,13358,12695,,5.22,
2024,11,CEARA,8443,8090,,4.36,
2024,11,DISTRITO FEDERAL,28869,26711,,8.08,
2024,11,ESPIRITO SANTO,10771,10379,,3.78,
2024,11,GOIAS,11361,11053,,2.79,
2024,11,MARANHAO,4257,4061,,4.83,
2024,11,MATO GROSSO,7182,6950,,3.34,
2024,11,MATO GROSSO DO SUL,4775,4628,,3.18,
2024,11,MINAS GERAIS,25669,24868,,3.22,
2024,11,PARA,4601,4375,,5.17,
2024,11,PARAIBA,3669,3521,,4.20,
2024,11,PARANA,28882,27756,,4.06,
2024,11,PERNAMBUCO,11537,11068,,4.24,
2024,11,PIAUI,3102,2928,,5.94,
2024,11,RIO DE JANEIRO,29717,28511,,4.23,
2024,11,RIO GRANDE DO NORTE,4498,4322,,4.07,
2024,11,RIO GRANDE DO SUL,21989,20918,,5.12,
2024,11,RONDONIA,1763,1639,,7.57,
2024,11,RORAIMA,496,464,,6.90,
2024,11,SANTA CATARINA,27779,26417,,5.16,
2024,11,SAO PAULO,141434,135498,,4.38,
2024,11,SERGIPE,2329,2236,,4.16,
2024,11,TOCANTINS,1411,1358,,3.90,
2024,12,ACRE,580,539,,7.61,
2024,12,ALAGOAS,4476,4141,,8.09,
2024,12,AMAPA,542,490,,10.61,
2024,12,AMAZONAS,4070,3830,,6.27,
2024,12,BAHIA,14232,13358,,6.54,
2024,12,CEARA,8934,8443,,5.82,
2024,12,DISTRITO FEDERAL,31462,28869,,8.98,
2024,12,ESPIRITO SANTO,11455,10771,,6.35,
2024,12,GOIAS,11951,11361,,5.19,
2024,12,MARANHAO,4464,4257,,4.86,
2024,12,MATO GROSSO,7542,7182,,5.01,
2024,12,MATO GROSSO DO SUL,5022,4775,,5.17,
2024,12,MINAS GERAIS,27317,25669,,6.42,
2024,12,PARA,4865,4601,,5.74,
2024,12,PARAIBA,3893,3669,,6.11,
2024,12,PARANA,29646,28882,,2.65,
2024,12,PERNAMBUCO,12144,11537,,5.26,
2024,12,PIAUI,3263,3102,,5.19,
2024,12,RIO DE JANEIRO,31664,29717,,6.55,
2024,12,RIO GRANDE DO NORTE,4763,4498,,5.89,
2024,12,RIO GRANDE DO SUL,23262,21989,,5.79,
2024,12,RONDONIA,1894,1763,,7.43,
2024,12,RORAIMA,528,496,,6.45,
2024,12,SANTA CATARINA,29655,27779,,6.75,
2024,12,SAO PAULO,148226,141434,,4.80,
2024,12,SERGIPE,2464,2329,,5.80,
2024,12,TOCANTINS,1486,1411,,5.32,
2025,1,ACRE,605,580,327,4.31,85.02
2025,1,ALAGOAS,4740,4476,2178,5.90,117.63
2025,1,AMAPA,581,542,310,7.20,87.42
2025,1,AMAZONAS,4252,4070,2178,4.47,95.22
2025,1,BAHIA,14972,14232,8320,5.20,79.95
2025,1,CEARA,9337,8934,5030,4.51,85.63
2025,1,DISTRITO FEDERAL,32712,31462,15395,3.97,112.48
2025,1,ESPIRITO SANTO,11773,11455,6636,2.78,77.41
2025,1,GOIAS,12589,11951,8257,5.34,52.46
2025,1,MARANHAO,4652,4464,2593,4.21,79.41
2025,1,MATO GROSSO,7816,7542,4816,3.63,62.29
2025,1,MATO GROSSO DO SUL,5198,5022,3239,3.50,60.48
2025,1,MINAS GERAIS,28777,27317,17546,5.34,64.01
2025,1,PARA,5030,4865,2928,3.39,71.79
2025,1,PARAIBA,4054,3893,2438,4.14,66.28
2025,1,PARANA,30612,29646,18796,3.26,62.86
2025,1,PERNAMBUCO,12736,12144,7646,4.87,66.57
2025,1,PIAUI,3371,3263,1867,3.31,80.56
2025,1,RIO DE JANEIRO,33022,31664,18618,4.29,77.37
2025,1,RIO GRANDE DO NORTE,4955,4763,2474,4.03,100.28
2025,1,RIO GRANDE DO SUL,24106,23262,13565,3.63,77.71
2025,1,RONDONIA,2019,1894,996,6.60,102.71
2025,1,RORAIMA,555,528,241,5.11,130.29
2025,1,SANTA CATARINA,30721,29655,17293,3.59,77.65
2025,1,SAO PAULO,154128,148226,90465,3.98,70.37
2025,1,SERGIPE,2616,2464,1429,6.17,83.07
2025,1,TOCANTINS,1572,1486,869,5.79,80.90
2025,2,ACRE,627,605,334,3.64,87.72
2025,2,ALAGOAS,4994,4740,2346,5.36,112.87
2025,2,AMAPA,608,581,320,4.65,90.00
2025,2,AMAZONAS,4447,4252,2333,4.59,90.61
2025,2,BAHIA,15632,14972,8638,4.41,80.97
2025,2,CEARA,9782,9337,5263,4.77,85.86
2025,2,DISTRITO FEDERAL,34100,32712,16393,4.24,108.02
2025,2,ESPIRITO SANTO,12219,11773,6899,3.79,77.11
2025,2,GOIAS,13107,12589,8510,4.11,54.02
2025,2,MARANHAO,4828,4652,2686,3.78,79.75
2025,2,MATO GROSSO,8084,7816,5032,3.43,60.65
2025,2,MATO GROSSO DO SUL,5371,5198,3353,3.33,60.18
2025,2,MINAS GERAIS,30180,28777,18174,4.88,66.06
2025,2,PARA,5204,5030,3057,3.46,70.23
2025,2,PARAIBA,4220,4054,2531,4.09,66.73
2025,2,PARANA,31575,30612,19466,3.15,62.21
2025,2,PERNAMBUCO,13222,12736,7915,3.82,67.05
2025,2,PIAUI,3510,3371,1958,4.12,79.26
2025,2,RIO DE JANEIRO,34223,33022,19421,3.64,76.22
2025,2,RIO GRANDE DO NORTE,5161,4955,2615,4.16,97.36
2025,2,RIO GRANDE DO SUL,25040,24106,14185,3.87,76.52
2025,2,RONDONIA,2122,2019,1030,5.10,106.02
2025,2,RORAIMA,583,555,243,5.05,139.92
2025,2,SANTA CATARINA,31865,30721,18041,3.72,76.63
2025,2,SAO PAULO,160027,154128,94209,3.83,69.86
2025,2,SERGIPE,2737,2616,1501,4.63,82.35
2025,2,TOCANTINS,1645,1572,898,4.64,83.18
2025,3,ACRE,655,627,348,4.47,88.22
2025,3,ALAGOAS,5226,4994,2559,4.65,104.22
2025,3,AMAPA,640,608,327,5.26,95.72
2025,3,AMAZONAS,4673,4447,2476,5.08,88.73
2025,3,BAHIA,16270,15632,9077,4.08,79.24
2025,3,CEARA,10178,9782,5539,4.05,83.75
2025,3,DISTRITO FEDERAL,36026,34100,17518,5.65,105.65
2025,3,ESPIRITO SANTO,12665,12219,7408,3.65,70.96
2025,3,GOIAS,13578,13107,8758,3.59,55.04
2025,3,MARANHAO,5029,4828,2870,4.16,75.23
2025,3,MATO GROSSO,8347,8084,5294,3.25,57.67
2025,3,MATO GROSSO DO SUL,5536,5371,3499,3.07,58.22
2025,3,MINAS GERAIS,31742,30180,18920,5.18,67.77
2025,3,PARA,5435,5204,3182,4.44,70.80
2025,3,PARAIBA,4437,4220,2668,5.14,66.30
2025,3,PARANA,32586,31575,20312,3.20,60.43
2025,3,PERNAMBUCO,13725,13222,8239,3.80,66.59
2025,3,PIAUI,3647,3510,2087,3.90,74.75
2025,3,RIO DE JANEIRO,35394,34223,20535,3.42,72.36
2025,3,RIO GRANDE DO NORTE,5338,5161,2751,3.43,94.04
2025,3,RIO GRANDE DO SUL,25997,25040,14977,3.82,73.58
2025,3,RONDONIA,2241,2122,1089,5.61,105.79
2025,3,RORAIMA,613,583,265,5.15,131.32
2025,3,SANTA CATARINA,33048,31865,19061,3.71,73.38
2025,3,SAO PAULO,166646,160027,99501,4.14,67.48
2025,3,SERGIPE,2857,2737,1574,4.38,81.51
2025,3,TOCANTINS,1693,1645,942,2.92,79.72
2025,4,ACRE,689,655,369,5.19,86.72
2025,4,ALAGOAS,5505,5226,2759,5.34,99.53
2025,4,AMAPA,680,640,350,6.25,94.29
2025,4,AMAZONAS,4887,4673,2630,4.58,85.82
2025,4,BAHIA,17008,16270,9482,4.54,79.37
2025,4,CEARA,10583,10178,5880,3.98,79.98
2025,4,DISTRITO FEDERAL,37721,36026,18806,4.70,100.58
2025,4,ESPIRITO SANTO,13123,12665,7763,3.62,69.05
2025,4,GOIAS,14167,13578,9128,4.34,55.20
2025,4,MARANHAO,5184,5029,3035,3.08,70.81
2025,4,MATO GROSSO,8638,8347,5525,3.49,56.34
2025,4,MATO GROSSO DO SUL,5730,5536,3712,3.50,54.36
2025,4,MINAS GERAIS,33895,31742,19762,6.78,71.52
2025,4,PARA,5627,5435,3342,3.53,68.37
2025,4,PARAIBA,4650,4437,2789,4.80,66.73
2025,4,PARANA,33622,32586,21510,3.18,56.31
2025,4,PERNAMBUCO,14337,13725,8642,4.46,65.90
2025,4,PIAUI,3790,3647,2220,3.92,70.72
2025,4,RIO DE JANEIRO,36864,35394,21850,4.15,68.71
2025,4,RIO GRANDE DO NORTE,5596,5338,2983,4.83,87.60
2025,4,RIO GRANDE DO SUL,27115,25997,15958,4.30,69.91
2025,4,RONDONIA,2349,2241,1178,4.82,99.41
2025,4,RORAIMA,649,613,286,5.87,126.92
2025,4,SANTA CATARINA,34433,33048,20031,4.19,71.90
2025,4,SAO PAULO,173147,166646,104941,3.90,64.99
2025,4,SERGIPE,2986,2857,1656,4.52,80.31
2025,4,TOCANTINS,1765,1693,1012,4.25,74.41
2025,5,ACRE,722,689,385,4.79,87.53
2025,5,ALAGOAS,5859,5505,2939,6.43,99.35
2025,5,AMAPA,730,680,358,7.35,103.91
2025,5,AMAZONAS,5204,4887,2776,6.49,87.46
2025,5,BAHIA,17902,17008,9893,5.26,80.96
2025,5,CEARA,11159,10583,6259,5.44,78.29
2025,5,DISTRITO FEDERAL,39387,37721,20038,4.42,96.56
2025,5,ESPIRITO SANTO,13645,13123,8342,3.98,63.57
2025,5,GOIAS,14767,14167,9482,4.24,55.74
2025,5,MARANHAO,5422,5184,3202,4.59,69.33
2025,5,MATO GROSSO,8939,8638,5766,3.48,55.03
2025,5,MATO GROSSO DO SUL,5947,5730,3878,3.79,53.35
2025,5,MINAS GERAIS,36106,33895,20594,6.52,75.32
2025,5,PARA,5846,5627,3508,3.89,66.65
2025,5,PARAIBA,4923,4650,2903,5.87,69.58
2025,5,PARANA,34832,33622,22354,3.60,55.82
2025,5,PERNAMBUCO,15125,14337,9093,5.50,66.34
2025,5,PIAUI,3954,3790,2323,4.33,70.21
2025,5,RIO DE JANEIRO,38565,36864,22920,4.61,68.26
2025,5,RIO GRANDE DO NORTE,5896,5596,3237,5.36,82.14
2025,5,RIO GRANDE DO SUL,28525,27115,16226,5.20,75.80
2025,5,RONDONIA,2495,2349,1240,6.22,101.21
2025,5,RORAIMA,691,649,311,6.47,122.19
2025,5,SANTA CATARINA,35886,34433,20998,4.22,70.90
2025,5,SAO PAULO,180368,173147,109990,4.17,63.99
2025,5,SERGIPE,3122,2986,1746,4.55,78.81
2025,5,TOCANTINS,1840,1765,1058,4.25,73.91
2025,6,ACRE,747,722,406,3.46,83.99
2025,6,ALAGOAS,6191,5859,3135,5.67,97.48
2025,6,AMAPA,786,730,369,7.67,113.01
2025,6,AMAZONAS,5449,5204,2925,4.71,86.29
2025,6,BAHIA,18619,17902,10303,4.01,80.71
2025,6,CEARA,11652,11159,6620,4.42,76.01
2025,6,DISTRITO FEDERAL,41164,39387,21188,4.51,94.28
2025,6,ESPIRITO SANTO,14255,13645,8827,4.47,61.49
2025,6,GOIAS,15344,14767,9763,3.91,57.16
2025,6,MARANHAO,5598,5422,3370,3.25,66.11
2025,6,MATO GROSSO,9242,8939,5979,3.39,54.57
2025,6,MATO GROSSO DO SUL,6164,5947,4028,3.65,53.03
2025,6,MINAS GERAIS,38751,36106,21451,7.33,80.65
2025,6,PARA,6073,5846,3658,3.88,66.02
2025,6,PARAIBA,5141,4923,3006,4.43,71.02
2025,6,PARANA,36152,34832,23260,3.79,55.43
2025,6,PERNAMBUCO,15773,15125,9460,4.28,66.73
2025,6,PIAUI,4082,3954,2440,3.24,67.30
2025,6,RIO DE JANEIRO,40071,38565,24128,3.91,66.08
2025,6,RIO GRANDE DO NORTE,6153,5896,3455,4.36,78.09
2025,6,RIO GRANDE DO SUL,29672,28525,17153,4.02,72.98
2025,6,RONDONIA,2642,2495,1316,5.89,100.76
2025,6,RORAIMA,711,691,335,2.89,112.24
2025,6,SANTA CATARINA,37245,35886,22000,3.79,69.30
2025,6,SAO PAULO,187039,180368,115495,3.70,61.95
2025,6,SERGIPE,3238,3122,1846,3.72,75.41
2025,6,TOCANTINS,1922,1840,1126,4.46,70.69
2025,7,ACRE,789,747,426,5.62,85.21
2025,7,ALAGOAS,6577,6191,3341,6.23,96.86
2025,7,AMAPA,843,786,393,7.25,114.50
2025,7,AMAZONAS,5762,5449,3056,5.74,88.55
2025,7,BAHIA,19600,18619,10849,5.27,80.66
2025,7,CEARA,12302,11652,6983,5.58,76.17
2025,7,DISTRITO FEDERAL,42966,41164,22521,4.38,90.78
2025,7,ESPIRITO SANTO,14748,14255,9225,3.46,59.87
2025,7,GOIAS,16022,15344,10088,4.42,58.82
2025,7,MARANHAO,5836,5598,3558,4.25,64.02
2025,7,MATO GROSSO,9628,9242,6265,4.18,53.68
2025,7,MATO GROSSO DO SUL,6472,6164,4233,5.00,52.89
2025,7,MINAS GERAIS,42007,38751,22452,8.40,87.10
2025,7,PARA,6356,6073,3856,4.66,64.83
2025,7,PARAIBA,5471,5141,3124,6.42,75.13
2025,7,PARANA,37139,36152,24387,2.73,52.29
2025,7,PERNAMBUCO,16576,15773,9870,5.09,67.94
2025,7,PIAUI,4262,4082,2558,4.41,66.61
2025,7,RIO DE JANEIRO,42006,40071,25344,4.83,65.74
2025,7,RIO GRANDE DO NORTE,6443,6153,3642,4.71,76.91
2025,7,RIO GRANDE DO SUL,31016,29672,18048,4.53,71.85
2025,7,RONDONIA,2830,2642,1403,7.12,101.71
2025,7,RORAIMA,749,711,359,5.34,108.64
2025,7,SANTA CATARINA,39088,37245,23161,4.95,68.77
2025,7,SAO PAULO,194715,187039,120816,4.10,61.17
2025,7,SERGIPE,3414,3238,1935,5.44,76.43
2025,7,TOCANTINS,2019,1922,1186,5.05,70.24
2025,8,ACRE,833,789,452,5.58,84.29
2025,8,ALAGOAS,6920,6577,3517,5.22,96.76
2025,8,AMAPA,905,843,424,7.35,113.44
2025,8,AMAZONAS,6080,5762,3243,5.52,87.48
2025,8,BAHIA,20567,19600,11445,4.93,79.70
2025,8,CEARA,12893,12302,7376,4.80,74.80
2025,8,DISTRITO FEDERAL,45142,42966,23948,5.06,88.50
2025,8,ESPIRITO SANTO,15194,14748,9645,3.02,57.53
2025,8,GOIAS,16679,16022,10423,4.10,60.02
2025,8,MARANHAO,6119,5836,3724,4.85,64.31
2025,8,MATO GROSSO,10041,9628,6495,4.29,54.60
2025,8,MATO GROSSO DO SUL,6711,6472,4392,3.69,52.80
2025,8,MINAS GERAIS,44131,42007,23229,5.06,89.98
2025,8,PARA,6664,6356,4024,4.85,65.61
2025,8,PARAIBA,5799,5471,3247,6.00,78.60
2025,8,PARANA,38408,37139,25460,3.42,50.86
2025,8,PERNAMBUCO,17359,16576,10272,4.72,68.99
2025,8,PIAUI,4413,4262,2681,3.54,64.60
2025,8,RIO DE JANEIRO,43920,42006,26236,4.56,67.40
2025,8,RIO GRANDE DO NORTE,6759,6443,3902,4.90,73.22
2025,8,RIO GRANDE DO SUL,32513,31016,19006,4.83,71.07
2025,8,RONDONIA,3005,2830,1475,6.18,103.73
2025,8,RORAIMA,779,749,382,4.01,103.93
2025,8,SANTA CATARINA,40792,39088,24246,4.36,68.24
2025,8,SAO PAULO,203043,194715,125733,4.28,61.49
2025,8,SERGIPE,3590,3414,2045,5.16,75.55
2025,8,TOCANTINS,2107,2019,1267,4.36,66.30
2025,9,ACRE,881,833,473,5.76,86.26
2025,9,ALAGOAS,7272,6920,3698,5.09,96.65
2025,9,AMAPA,961,905,438,6.19,119.41
2025,9,AMAZONAS,6378,6080,3441,4.90,85.35
2025,9,BAHIA,21462,20567,11976,4.35,79.21
2025,9,CEARA,13601,12893,7719,5.49,76.20
2025,9,DISTRITO FEDERAL,47203,45142,25052,4.57,88.42
2025,9,ESPIRITO SANTO,15758,15194,9984,3.71,57.83
2025,9,GOIAS,17329,16679,10748,3.90,61.23
2025,9,MARANHAO,6364,6119,3896,4.00,63.35
2025,9,MATO GROSSO,10489,10041,6727,4.46,55.92
2025,9,MATO GROSSO DO SUL,6998,6711,4497,4.28,55.61
2025,9,MINAS GERAIS,46759,44131,23971,5.95,95.06
2025,9,PARA,7013,6664,4214,5.24,66.42
2025,9,PARAIBA,6153,5799,3384,6.10,81.83
2025,9,PARANA,40162,38408,26354,4.57,52.39
2025,9,PERNAMBUCO,18224,17359,10655,4.98,71.04
2025,9,PIAUI,4611,4413,2784,4.49,65.63
2025,9,RIO DE JANEIRO,46071,43920,27349,4.90,68.46
2025,9,RIO GRANDE DO NORTE,7102,6759,4087,5.07,73.77
2025,9,RIO GRANDE DO SUL,34223,32513,19921,5.26,71.79
2025,9,RONDONIA,3185,3005,1561,5.99,104.04
2025,9,RORAIMA,822,779,430,5.52,91.16
2025,9,SANTA CATARINA,42479,40792,25229,4.14,68.37
2025,9,SAO PAULO,211536,203043,130198,4.18,62.47
2025,9,SERGIPE,3755,3590,2132,4.60,76.13
2025,9,TOCANTINS,2219,2107,1304,5.32,70.17
2025,10,ACRE,932,881,505,5.79,84.55
2025,10,ALAGOAS,7627,7272,3923,4.88,94.42
2025,10,AMAPA,1042,961,461,8.43,126.03
2025,10,AMAZONAS,6788,6378,3646,6.43,86.18
2025,10,BAHIA,22471,21462,12695,4.70,77.01
2025,10,CEARA,14201,13601,8090,4.41,75.54
2025,10,DISTRITO FEDERAL,49660,47203,26711,5.21,85.92
2025,10,ESPIRITO SANTO,16426,15758,10379,4.24,58.26
2025,10,GOIAS,18065,17329,11053,4.25,63.44
2025,10,MARANHAO,6560,6364,4061,3.08,61.54
2025,10,MATO GROSSO,10903,10489,6950,3.95,56.88
2025,10,MATO GROSSO DO SUL,7263,6998,4628,3.79,56.94
2025,10,MINAS GERAIS,49692,46759,24868,6.27,99.82
2025,10,PARA,7302,7013,4375,4.12,66.90
2025,10,PARAIBA,6578,6153,3521,6.91,86.82
2025,10,PARANA,42158,40162,27756,4.97,51.89
2025,10,PERNAMBUCO,19076,18224,11068,4.68,72.35
2025,10,PIAUI,4780,4611,2928,3.67,63.25
2025,10,RIO DE JANEIRO,48105,46071,28511,4.41,68.72
2025,10,RIO GRANDE DO NORTE,7435,7102,4322,4.69,72.03
2025,10,RIO GRANDE DO SUL,35929,34223,20918,4.98,71.76
2025,10,RONDONIA,3322,3185,1639,4.30,102.68
2025,10,RORAIMA,863,822,464,4.99,85.99
2025,10,SANTA CATARINA,44107,42479,26417,3.83,66.96
2025,10,SAO PAULO,219726,211536,135498,3.87,62.16
2025,10,SERGIPE,3958,3755,2236,5.41,77.01
2025,10,TOCANTINS,2314,2219,1358,4.28,70.40
2025,11,ACRE,976,932,539,4.72,81.08
2025,11,ALAGOAS,7903,7627,4141,3.62,90.85
2025,11,AMAPA,1110,1042,490,6.53,126.53
2025,11,AMAZONAS,7014,6788,3830,3.33,83.13
2025,11,BAHIA,23516,22471,13358,4.65,76.04
2025,11,CEARA,14792,14201,8443,4.16,75.20
2025,11,DISTRITO FEDERAL,52193,49660,28869,5.10,80.79
2025,11,ESPIRITO SANTO,17054,16426,10771,3.82,58.33
2025,11,GOIAS,18780,18065,11361,3.96,65.30
2025,11,MARANHAO,6758,6560,4257,3.02,58.75
2025,11,MATO GROSSO,11316,10903,7182,3.79,57.56
2025,11,MATO GROSSO DO SUL,7497,7263,4775,3.22,57.01
2025,11,MINAS GERAIS,51820,49692,25669,4.28,101.88
2025,11,PARA,7563,7302,4601,3.57,64.38
2025,11,PARAIBA,6983,6578,3669,6.16,90.32
2025,11,PARANA,44256,42158,28882,4.98,53.23
2025,11,PERNAMBUCO,19824,19076,11537,3.92,71.83
2025,11,PIAUI,4989,4780,3102,4.37,60.83
2025,11,RIO DE JANEIRO,50274,48105,29717,4.51,69.18
2025,11,RIO GRANDE DO NORTE,7754,7435,4498,4.29,72.39
2025,11,RIO GRANDE DO SUL,37581,35929,21989,4.60,70.91
2025,11,RONDONIA,3510,3322,1763,5.66,99.09
2025,11,RORAIMA,890,863,496,3.13,79.44
2025,11,SANTA CATARINA,45743,44107,27779,3.71,64.67
2025,11,SAO PAULO,227275,219726,141434,3.44,60.69
2025,11,SERGIPE,4155,3958,2329,4.98,78.40
2025,11,TOCANTINS,2424,2314,1411,4.75,71.79
2025,12,ACRE,1044,976,580,6.97,80.00
2025,12,ALAGOAS,8491,7903,4476,7.44,89.70
2025,12,AMAPA,1204,1110,542,8.47,122.14
2025,12,AMAZONAS,7426,7014,4070,5.87,82.46
2025,12,BAHIA,24867,23516,14232,5.75,74.73
2025,12,CEARA,15687,14792,8934,6.05,75.59
2025,12,DISTRITO FEDERAL,55469,52193,31462,6.28,76.30
2025,12,ESPIRITO SANTO,18090,17054,11455,6.07,57.92
2025,12,GOIAS,19850,18780,11951,5.70,66.09
2025,12,MARANHAO,7039,6758,4464,4.16,57.68
2025,12,MATO GROSSO,11924,11316,7542,5.37,58.10
2025,12,MATO GROSSO DO SUL,7880,7497,5022,5.11,56.91
2025,12,MINAS GERAIS,55816,51820,27317,7.71,104.33
2025,12,PARA,8147,7563,4865,7.72,67.46
2025,12,PARAIBA,7481,6983,3893,7.13,92.17
2025,12,PARANA,47254,44256,29646,6.77,59.39
2025,12,PERNAMBUCO,21049,19824,12144,6.18,73.33
2025,12,PIAUI,5271,4989,3263,5.65,61.54
2025,12,RIO DE JANEIRO,54031,50274,31664,7.47,70.64
2025,12,RIO GRANDE DO NORTE,8284,7754,4763,6.84,73.92
2025,12,RIO GRANDE DO SUL,39962,37581,23262,6.34,71.79
2025,12,RONDONIA,3791,3510,1894,8.01,100.16
2025,12,RORAIMA,932,890,528,4.72,76.52
2025,12,SANTA CATARINA,48214,45743,29655,5.40,62.58
2025,12,SAO PAULO,238682,227275,148226,5.02,61.03
2025,12,SERGIPE,4415,4155,2464,6.26,79.18
2025,12,TOCANTINS,2613,2424,1486,7.80,75.84
2026,1,ACRE,1080,1044,605,3.45,78.51
2026,1,ALAGOAS,8890,8491,4740,4.70,87.55
2026,1,AMAPA,1246,1204,581,3.49,114.46
2026,1,AMAZONAS,7743,7426,4252,4.27,82.10
2026,1,BAHIA,26080,24867,14972,4.88,74.19
2026,1,CEARA,16385,15687,9337,4.45,75.48
2026,1,DISTRITO FEDERAL,57545,55469,32712,3.74,75.91
2026,1,ESPIRITO SANTO,18730,18090,11773,3.54,59.09
2026,1,GOIAS,20630,19850,12589,3.93,63.87
2026,1,MARANHAO,7372,7039,4652,4.73,58.47
2026,1,MATO GROSSO,12405,11924,7816,4.03,58.71
2026,1,MATO GROSSO DO SUL,8124,7880,5198,3.10,56.29
2026,1,MINAS GERAIS,58280,55816,28777,4.41,102.52
2026,1,PARA,8369,8147,5030,2.72,66.38
2026,1,PARAIBA,7920,7481,4054,5.87,95.36
2026,1,PARANA,49228,47254,30612,4.18,60.81
2026,1,PERNAMBUCO,22020,21049,12736,4.61,72.90
2026,1,PIAUI,5522,5271,3371,4.76,63.81
2026,1,RIO DE JANEIRO,56434,54031,33022,4.45,70.90
2026,1,RIO GRANDE DO NORTE,8693,8284,4955,4.94,75.44
2026,1,RIO GRANDE DO SUL,41439,39962,24106,3.70,71.90
2026,1,RONDONIA,3995,3791,2019,5.38,97.87
2026,1,RORAIMA,971,932,555,4.18,74.95
2026,1,SANTA CATARINA,49794,48214,30721,3.28,62.08
2026,1,SAO PAULO,247579,238682,154128,3.73,60.63
2026,1,SERGIPE,4640,4415,2616,5.10,77.37
2026,1,TOCANTINS,2716,2613,1572,3.94,72.77
2026,2,ACRE,1147,1080,627,6.20,82.93
2026,2,ALAGOAS,9365,8890,4994,5.34,87.53
2026,2,AMAPA,1320,1246,608,5.94,117.11
2026,2,AMAZONAS,7911,7743,4447,2.17,77.90
2026,2,BAHIA,27133,26080,15632,4.04,73.57
2026,2,CEARA,17157,16385,9782,4.71,75.39
2026,2,DISTRITO FEDERAL,59754,57545,34100,3.84,75.23
2026,2,ESPIRITO SANTO,19481,18730,12219,4.01,59.43
2026,2,GOIAS,21557,20630,13107,4.49,64.47
2026,2,MARANHAO,7629,7372,4828,3.49,58.02
2026,2,MATO GROSSO,13035,12405,8084,5.08,61.24
2026,2,MATO GROSSO DO SUL,8395,8124,5371,3.34,56.30
2026,2,MINAS GERAIS,60605,58280,30180,3.99,100.81
2026,2,PARA,8723,8369,5204,4.23,67.62
2026,2,PARAIBA,8367,7920,4220,5.64,98.27
2026,2,PARANA,51095,49228,31575,3.79,61.82
2026,2,PERNAMBUCO,22875,22020,13222,3.88,73.01
2026,2,PIAUI,5771,5522,3510,4.51,64.42
2026,2,RIO DE JANEIRO,58252,56434,34223,3.22,70.21
2026,2,RIO GRANDE DO NORTE,9078,8693,5161,4.43,75.90
2026,2,RIO GRANDE DO SUL,43044,41439,25040,3.87,71.90
2026,2,RONDONIA,4203,3995,2122,5.21,98.07
2026,2,RORAIMA,1018,971,583,4.84,74.61
2026,2,SANTA CATARINA,51631,49794,31865,3.69,62.03
2026,2,SAO PAULO,256905,247579,160027,3.77,60.54
2026,2,SERGIPE,4834,4640,2737,4.18,76.62
2026,2,TOCANTINS,2883,2716,1645,6.15,75.26
2026,3,ACRE,1229,1147,655,7.15,87.63
2026,3,ALAGOAS,9987,9365,5226,6.64,91.10
2026,3,AMAPA,1387,1320,640,5.08,116.72
2026,3,AMAZONAS,8604,7911,4673,8.76,84.12
2026,3,BAHIA,28691,27133,16270,5.74,76.34
2026,3,CEARA,18104,17157,10178,5.52,77.87
2026,3,DISTRITO FEDERAL,62720,59754,36026,4.96,74.10
2026,3,ESPIRITO SANTO,20496,19481,12665,5.21,61.83
2026,3,GOIAS,22785,21557,13578,5.70,67.81
2026,3,MARANHAO,8119,7629,5029,6.42,61.44
2026,3,MATO GROSSO,13862,13035,8347,6.34,66.07
2026,3,MATO GROSSO DO SUL,8739,8395,5536,4.10,57.86
2026,3,MINAS GERAIS,65237,60605,31742,7.64,105.52
2026,3,PARA,9260,8723,5435,6.16,70.38
2026,3,PARAIBA,8946,8367,4437,6.92,101.62
2026,3,PARANA,53575,51095,32586,4.85,64.41
2026,3,PERNAMBUCO,24306,22875,13725,6.26,77.09
2026,3,PIAUI,6060,5771,3647,5.01,66.16
2026,3,RIO DE JANEIRO,61080,58252,35394,4.85,72.57
2026,3,RIO GRANDE DO NORTE,9638,9078,5338,6.17,80.55
2026,3,RIO GRANDE DO SUL,45516,43044,25997,5.74,75.08
2026,3,RONDONIA,4483,4203,2241,6.66,100.04
2026,3,RORAIMA,1090,1018,613,7.07,77.81
2026,3,SANTA CATARINA,53858,51631,33048,4.31,62.97
2026,3,SAO PAULO,269873,256905,166646,5.05,61.94
2026,3,SERGIPE,5115,4834,2857,5.81,79.03
2026,3,TOCANTINS,3105,2883,1693,7.70,83.40
2026,4,ACRE,1332,1229,689,8.38,93.32
2026,4,ALAGOAS,10665,9987,5505,6.79,93.73
2026,4,AMAPA,1516,1387,680,9.30,122.94
2026,4,AMAZONAS,9283,8604,4887,7.89,89.95
2026,4,BAHIA,30501,28691,17008,6.31,79.33
2026,4,CEARA,19208,18104,10583,6.10,81.50
2026,4,DISTRITO FEDERAL,65685,62720,37721,4.73,74.13
2026,4,ESPIRITO SANTO,21462,20496,13123,4.71,63.54
2026,4,GOIAS,24097,22785,14167,5.76,70.09
2026,4,MARANHAO,8657,8119,5184,6.63,66.99
2026,4,MATO GROSSO,14667,13862,8638,5.81,69.80
2026,4,MATO GROSSO DO SUL,9058,8739,5730,3.65,58.08
2026,4,MINAS GERAIS,69497,65237,33895,6.53,105.04
2026,4,PARA,9894,9260,5627,6.85,75.83
2026,4,PARAIBA,9645,8946,4650,7.81,107.42
2026,4,PARANA,56866,53575,33622,6.14,69.13
2026,4,PERNAMBUCO,25946,24306,14337,6.75,80.97
2026,4,PIAUI,6415,6060,3790,5.86,69.26
2026,4,RIO DE JANEIRO,64042,61080,36864,4.85,73.73
2026,4,RIO GRANDE DO NORTE,10467,9638,5596,8.60,87.04
2026,4,RIO GRANDE DO SUL,48153,45516,27115,5.79,77.59
2026,4,RONDONIA,4772,4483,2349,6.45,103.15
2026,4,RORAIMA,1134,1090,649,4.04,74.73
2026,4,SANTA CATARINA,56294,53858,34433,4.52,63.49
2026,4,SAO PAULO,284060,269873,173147,5.26,64.06
2026,4,SERGIPE,5512,5115,2986,7.76,84.59
2026,4,TOCANTINS,3299,3105,1765,6.25,86.91
2026,5,ACRE,1461,1332,722,9.68,102.35
2026,5,ALAGOAS,11444,10665,5859,7.30,95.32
2026,5,AMAPA,1654,1516,730,9.10,126.58
2026,5,AMAZONAS,10173,9283,5204,9.59,95.48
2026,5,BAHIA,32632,30501,17902,6.99,82.28
2026,5,CEARA,20446,19208,11159,6.45,83.22
2026,5,DISTRITO FEDERAL,69314,65685,39387,5.52,75.98
2026,5,ESPIRITO SANTO,22656,21462,13645,5.56,66.04
2026,5,GOIAS,25638,24097,14767,6.39,73.62
2026,5,MARANHAO,9234,8657,5422,6.67,70.31
2026,5,MATO GROSSO,15557,14667,8939,6.07,74.04
2026,5,MATO GROSSO DO SUL,9465,9058,5947,4.49,59.16
2026,5,MINAS GERAIS,76160,69497,36106,9.59,110.93
2026,5,PARA,10598,9894,5846,7.12,81.29
2026,5,PARAIBA,10547,9645,4923,9.35,114.24
2026,5,PARANA,60512,56866,34832,6.41,73.73
2026,5,PERNAMBUCO,27847,25946,15125,7.33,84.11
2026,5,PIAUI,6880,6415,3954,7.25,74.00
2026,5,RIO DE JANEIRO,67447,64042,38565,5.32,74.89
2026,5,RIO GRANDE DO NORTE,11387,10467,5896,8.79,93.13
2026,5,RIO GRANDE DO SUL,50988,48153,28525,5.89,78.75
2026,5,RONDONIA,5132,4772,2495,7.54,105.69
2026,5,RORAIMA,1249,1134,691,10.14,80.75
2026,5,SANTA CATARINA,58982,56294,35886,4.77,64.36
2026,5,SAO PAULO,299114,284060,180368,5.30,65.84
2026,5,SERGIPE,6035,5512,3122,9.49,93.31
2026,5,TOCANTINS,3555,3299,1840,7.76,93.21
2026,6,ACRE,1593,1461,747,9.03,113.25
2026,6,ALAGOAS,12355,11444,6191,7.96,99.56
2026,6,AMAPA,1770,1654,786,7.01,125.19
2026,6,AMAZONAS,11046,10173,5449,8.58,102.72
2026,6,BAHIA,34850,32632,18619,6.80,87.17
2026,6,CEARA,21877,20446,11652,7.00,87.75
2026,6,DISTRITO FEDERAL,73691,69314,41164,6.31,79.02
2026,6,ESPIRITO SANTO,24033,22656,14255,6.08,68.59
2026,6,GOIAS,27207,25638,15344,6.12,77.31
2026,6,MARANHAO,9877,9234,5598,6.96,76.44
2026,6,MATO GROSSO,16418,15557,9242,5.53,77.65
2026,6,MATO GROSSO DO SUL,9952,9465,6164,5.15,61.45
2026,6,MINAS GERAIS,82843,76160,38751,8.77,113.78
2026,6,PARA,11403,10598,6073,7.60,87.77
2026,6,PARAIBA,11375,10547,5141,7.85,121.26
2026,6,PARANA,64231,60512,36152,6.15,77.67
2026,6,PERNAMBUCO,29922,27847,15773,7.45,89.70
2026,6,PIAUI,7364,6880,4082,7.03,80.40
2026,6,RIO DE JANEIRO,71004,67447,40071,5.27,77.20
2026,6,RIO GRANDE DO NORTE,12365,11387,6153,8.59,100.96
2026,6,RIO GRANDE DO SUL,54194,50988,29672,6.29,82.64
2026,6,RONDONIA,5501,5132,2642,7.19,108.21
2026,6,RORAIMA,1360,1249,711,8.89,91.28
2026,6,SANTA CATARINA,61889,58982,37245,4.93,66.17
2026,6,SAO PAULO,316020,299114,187039,5.65,68.96
2026,6,SERGIPE,6560,6035,3238,8.70,102.59
2026,6,TOCANTINS,3858,3555,1922,8.52,100.73
2026,7,ACRE,1739,1593,789,9.17,120.41
2026,7,ALAGOAS,13433,12355,6577,8.73,104.24
2026,7,AMAPA,1942,1770,843,9.72,130.37
2026,7,AMAZONAS,12129,11046,5762,9.80,110.50
2026,7,BAHIA,37903,34850,19600,8.76,93.38
2026,7,CEARA,23852,21877,12302,9.03,93.89
2026,7,DISTRITO FEDERAL,77854,73691,42966,5.65,81.20
2026,7,ESPIRITO SANTO,25660,24033,14748,6.77,73.99
2026,7,GOIAS,29267,27207,16022,7.57,82.67
2026,7,MARANHAO,10563,9877,5836,6.95,81.00
2026,7,MATO GROSSO,17567,16418,9628,7.00,82.46
2026,7,MATO GROSSO DO SUL,10635,9952,6472,6.86,64.32
2026,7,MINAS GERAIS,88573,82843,42007,6.92,110.85
2026,7,PARA,12343,11403,6356,8.24,94.19
2026,7,PARAIBA,12589,11375,5471,10.67,130.10
2026,7,PARANA,68535,64231,37139,6.70,84.54
2026,7,PERNAMBUCO,32680,29922,16576,9.22,97.15
2026,7,PIAUI,8029,7364,4262,9.03,88.39
2026,7,RIO DE JANEIRO,75265,71004,42006,6.00,79.18
2026,7,RIO GRANDE DO NORTE,13638,12365,6443,10.30,111.67
2026,7,RIO GRANDE DO SUL,57867,54194,31016,6.78,86.57
2026,7,RONDONIA,6007,5501,2830,9.20,112.26
2026,7,RORAIMA,1510,1360,749,11.03,101.60
2026,7,SANTA CATARINA,65276,61889,39088,5.47,67.00
2026,7,SAO PAULO,334543,316020,194715,5.86,71.81
2026,7,SERGIPE,7229,6560,3414,10.20,111.75
2026,7,TOCANTINS,4153,3858,2019,7.65,105.70
2026,8,ACRE,1926,1739,833,10.75,131.21
2026,8,ALAGOAS,14567,13433,6920,8.44,110.51
2026,8,AMAPA,2165,1942,905,11.48,139.23
2026,8,AMAZONAS,13128,12129,6080,8.24,115.92
2026,8,BAHIA,40845,37903,20567,7.76,98.59
2026,8,CEARA,25831,23852,12893,8.30,100.35
2026,8,DISTRITO FEDERAL,82819,77854,45142,6.38,83.46
2026,8,ESPIRITO SANTO,27221,25660,15194,6.08,79.16
2026,8,GOIAS,31122,29267,16679,6.34,86.59
2026,8,MARANHAO,11532,10563,6119,9.17,88.46
2026,8,MATO GROSSO,18565,17567,10041,5.68,84.89
2026,8,MATO GROSSO DO SUL,11270,10635,6711,5.97,67.93
2026,8,MINAS GERAIS,94405,88573,44131,6.58,113.92
2026,8,PARA,13391,12343,6664,8.49,100.95
2026,8,PARAIBA,13845,12589,5799,9.98,138.75
2026,8,PARANA,73102,68535,38408,6.66,90.33
2026,8,PERNAMBUCO,35456,32680,17359,8.49,104.25
2026,8,PIAUI,8608,8029,4413,7.21,95.06
2026,8,RIO DE JANEIRO,79643,75265,43920,5.82,81.34
2026,8,RIO GRANDE DO NORTE,14886,13638,6759,9.15,120.24
2026,8,RIO GRANDE DO SUL,61564,57867,32513,6.39,89.35
2026,8,RONDONIA,6452,6007,3005,7.41,114.71
2026,8,RORAIMA,1638,1510,779,8.48,110.27
2026,8,SANTA CATARINA,68693,65276,40792,5.23,68.40
2026,8,SAO PAULO,353305,334543,203043,5.61,74.01
2026,8,SERGIPE,7969,7229,3590,10.24,121.98
2026,8,TOCANTINS,4519,4153,2107,8.81,114.48
