ano_referencia,mes_referencia,uf,total_veiculos_eletrificados
2024,1,ACRE,327
2024,1,ALAGOAS,2178
2024,1,AMAPA,310
2024,1,AMAZONAS,2178
2024,1,BAHIA,8320
2024,1,CEARA,5030
2024,1,DISTRITO FEDERAL,15395
2024,1,ESPIRITO SANTO,6636
2024,1,GOIAS,8257
2024,1,MARANHAO,2593
2024,1,MATO GROSSO,4816
2024,1,MATO GROSSO DO SUL,3239
2024,1,MINAS GERAIS,17546
2024,1,PARA,2928
2024,1,PARAIBA,2438
2024,1,PARANA,18796
2024,1,PERNAMBUCO,7646
2024,1,PIAUI,1867
2024,1,RIO DE JANEIRO,18618
2024,1,RIO GRANDE DO NORTE,2474
2024,1,RIO GRANDE DO SUL,13565
2024,1,RONDONIA,996
2024,1,RORAIMA,241
2024,1,SANTA CATARINA,17293
2024,1,SAO PAULO,90465
2024,1,SERGIPE,1429
2024,1,TOCANTINS,869
2024,2,ACRE,334
2024,2,ALAGOAS,2346
2024,2,AMAPA,320
2024,2,AMAZONAS,2333
2024,2,BAHIA,8638
2024,2,CEARA,5263
2024,2,DISTRITO FEDERAL,16393
2024,2,ESPIRITO SANTO,6899
2024,2,GOIAS,8510
2024,2,MARANHAO,2686
2024,2,MATO GROSSO,5032
2024,2,MATO GROSSO DO SUL,3353
2024,2,MINAS GERAIS,18174
2024,2,PARA,3057
2024,2,PARAIBA,2531
2024,2,PARANA,19466
2024,2,PERNAMBUCO,7915
2024,2,PIAUI,1958
2024,2,RIO DE JANEIRO,19421
2024,2,RIO GRANDE DO NORTE,2615
2024,2,RIO GRANDE DO SUL,14185
2024,2,RONDONIA,1030
2024,2,RORAIMA,243
2024,2,SANTA CATARINA,18041
2024,2,SAO PAULO,94209
2024,2,SERGIPE,1501
2024,2,TOCANTINS,898
2024,3,ACRE,348
2024,3,ALAGOAS,2559
2024,3,AMAPA,327
2024,3,AMAZONAS,2476
2024,3,BAHIA,9077
2024,3,CEARA,5539
2024,3,DISTRITO FEDERAL,17518
2024,3,ESPIRITO SANTO,7408
2024,3,GOIAS,8758
2024,3,MARANHAO,2870
2024,3,MATO GROSSO,5294
2024,3,MATO GROSSO DO SUL,3499
2024,3,MINAS GERAIS,18920
2024,3,PARA,3182
2024,3,PARAIBA,2668
2024,3,PARANA,20312
2024,3,PERNAMBUCO,8239
2024,3,PIAUI,2087
2024,3,RIO DE JANEIRO,20535
2024,3,RIO GRANDE DO NORTE,2751
2024,3,RIO GRANDE DO SUL,14977
2024,3,RONDONIA,1089
2024,3,RORAIMA,265
2024,3,SANTA CATARINA,19061
2024,3,SAO PAULO,99501
2024,3,SERGIPE,1574
2024,3,TOCANTINS,942
2024,4,ACRE,369
2024,4,ALAGOAS,2759
2024,4,AMAPA,350
2024,4,AMAZONAS,2630
2024,4,BAHIA,9482
2024,4,CEARA,5880
2024,4,DISTRITO FEDERAL,18806
2024,4,ESPIRITO SANTO,7763
2024,4,GOIAS,9128
2024,4,MARANHAO,3035
2024,4,MATO GROSSO,5525
2024,4,MATO GROSSO DO SUL,3712
2024,4,MINAS GERAIS,19762
2024,4,PARA,3342
2024,4,PARAIBA,2789
2024,4,PARANA,21510
2024,4,PERNAMBUCO,8642
2024,4,PIAUI,2220
2024,4,RIO DE JANEIRO,21850
2024,4,RIO GRANDE DO NORTE,2983
2024,4,RIO GRANDE DO SUL,15958
2024,4,RONDONIA,1178
2024,4,RORAIMA,286
2024,4,SANTA CATARINA,20031
2024,4,SAO PAULO,104941
2024,4,SERGIPE,1656
2024,4,TOCANTINS,1012
2024,5,ACRE,385
2024,5,ALAGOAS,2939
2024,5,AMAPA,358
2024,5,AMAZONAS,2776
2024,5,BAHIA,9893
2024,5,CEARA,6259
2024,5,DISTRITO FEDERAL,20038
2024,5,ESPIRITO SANTO,8342
2024,5,GOIAS,9482
2024,5,MARANHAO,3202
2024,5,MATO GROSSO,5766
2024,5,MATO GROSSO DO SUL,3878
2024,5,MINAS GERAIS,20594
2024,5,PARA,3508
2024,5,PARAIBA,2903
2024,5,PARANA,22354
2024,5,PERNAMBUCO,9093
2024,5,PIAUI,2323
2024,5,RIO DE JANEIRO,22920
2024,5,RIO GRANDE DO NORTE,3237
2024,5,RIO GRANDE DO SUL,16226
2024,5,RONDONIA,1240
2024,5,RORAIMA,311
2024,5,SANTA CATARINA,20998
2024,5,SAO PAULO,109990
2024,5,SERGIPE,1746
2024,5,TOCANTINS,1058
2024,6,ACRE,406
2024,6,ALAGOAS,3135
2024,6,AMAPA,369
2024,6,AMAZONAS,2925
2024,6,BAHIA,10303
2024,6,CEARA,6620
2024,6,DISTRITO FEDERAL,21188
2024,6,ESPIRITO SANTO,8827
2024,6,GOIAS,9763
2024,6,MARANHAO,3370
2024,6,MATO GROSSO,5979
2024,6,MATO GROSSO DO SUL,4028
2024,6,MINAS GERAIS,21451
2024,6,PARA,3658
2024,6,PARAIBA,3006
2024,6,PARANA,23260
2024,6,PERNAMBUCO,9460
2024,6,PIAUI,2440
2024,6,RIO DE JANEIRO,24128
2024,6,RIO GRANDE DO NORTE,3455
2024,6,RIO GRANDE DO SUL,17153
2024,6,RONDONIA,1316
2024,6,RORAIMA,335
2024,6,SANTA CATARINA,22000
2024,6,SAO PAULO,115495
2024,6,SERGIPE,1846
2024,6,TOCANTINS,1126
2024,7,ACRE,426
2024,7,ALAGOAS,3341
2024,7,AMAPA,393
2024,7,AMAZONAS,3056
2024,7,BAHIA,10849
2024,7,CEARA,6983
2024,7,DISTRITO FEDERAL,22521
2024,7,ESPIRITO SANTO,9225
2024,7,GOIAS,10088
2024,7,MARANHAO,3558
2024,7,MATO GROSSO,6265
2024,7,MATO GROSSO DO SUL,4233
2024,7,MINAS GERAIS,22452
2024,7,PARA,3856
2024,7,PARAIBA,3124
2024,7,PARANA,24387
2024,7,PERNAMBUCO,9870
2024,7,PIAUI,2558
2024,7,RIO DE JANEIRO,25344
2024,7,RIO GRANDE DO NORTE,3642
2024,7,RIO GRANDE DO SUL,18048
2024,7,RONDONIA,1403
2024,7,RORAIMA,359
2024,7,SANTA CATARINA,23161
2024,7,SAO PAULO,120816
2024,7,SERGIPE,1935
2024,7,TOCANTINS,1186
2024,8,ACRE,452
2024,8,ALAGOAS,3517
2024,8,AMAPA,424
2024,8,AMAZONAS,3243
2024,8,BAHIA,11445
2024,8,CEARA,7376
2024,8,DISTRITO FEDERAL,23948
2024,8,ESPIRITO SANTO,9645
2024,8,GOIAS,10423
2024,8,MARANHAO,3724
2024,8,MATO GROSSO,6495
2024,8,MATO GROSSO DO SUL,4392
2024,8,MINAS GERAIS,23229
2024,8,PARA,4024
2024,8,PARAIBA,3247
2024,8,PARANA,25460
2024,8,PERNAMBUCO,10272
2024,8,PIAUI,2681
2024,8,RIO DE JANEIRO,26236
2024,8,RIO GRANDE DO NORTE,3902
2024,8,RIO GRANDE DO SUL,19006
2024,8,RONDONIA,1475
2024,8,RORAIMA,382
2024,8,SANTA CATARINA,24246
2024,8,SAO PAULO,125733
2024,8,SERGIPE,2045
2024,8,TOCANTINS,1267
2024,9,ACRE,473
2024,9,ALAGOAS,3698
2024,9,AMAPA,438
2024,9,AMAZONAS,3441
2024,9,BAHIA,11976
2024,9,CEARA,7719
2024,9,DISTRITO FEDERAL,25052
2024,9,ESPIRITO SANTO,9984
2024,9,GOIAS,10748
2024,9,MARANHAO,3896
2024,9,MATO GROSSO,6727
2024,9,MATO GROSSO DO SUL,4497
2024,9,MINAS GERAIS,23971
2024,9,PARA,4214
2024,9,PARAIBA,3384
2024,9,PARANA,26354
2024,9,PERNAMBUCO,10655
2024,9,PIAUI,2784
2024,9,RIO DE JANEIRO,27349
2024,9,RIO GRANDE DO NORTE,4087
2024,9,RIO GRANDE DO SUL,19921
2024,9,RONDONIA,1561
2024,9,RORAIMA,430
2024,9,SANTA CATARINA,25229
2024,9,SAO PAULO,130198
2024,9,SERGIPE,2132
2024,9,TOCANTINS,1304
2024,10,ACRE,505
2024,10,ALAGOAS,3923
2024,10,AMAPA,461
2024,10,AMAZONAS,3646
2024,10,BAHIA,12695
2024,10,CEARA,8090
2024,10,DISTRITO FEDERAL,26711
2024,10,ESPIRITO SANTO,10379
2024,10,GOIAS,11053
2024,10,MARANHAO,4061
2024,10,MATO GROSSO,6950
2024,10,MATO GROSSO DO SUL,4628
2024,10,MINAS GERAIS,24868
2024,10,PARA,4375
2024,10,PARAIBA,3521
2024,10,PARANA,27756
2024,10,PERNAMBUCO,11068
2024,10,PIAUI,2928
2024,10,RIO DE JANEIRO,28511
2024,10,RIO GRANDE DO NORTE,4322
2024,10,RIO GRANDE DO SUL,20918
2024,10,RONDONIA,1639
2024,10,RORAIMA,464
2024,10,SANTA CATARINA,26417
2024,10,SAO PAULO,135498
2024,10,SERGIPE,2236
2024,10,TOCANTINS,1358
2024,11,ACRE,539
2024,11,ALAGOAS,4141
2024,11,AMAPA,490
2024,11,AMAZONAS,3830
2024,11,BAHIA,13358
2024,11,CEARA,8443
2024,11,DISTRITO FEDERAL,28869
2024,11,ESPIRITO SANTO,10771
2024,11,GOIAS,11361
2024,11,MARANHAO,4257
2024,11,MATO GROSSO,7182
2024,11,MATO GROSSO DO SUL,4775
2024,11,MINAS GERAIS,25669
2024,11,PARA,4601
2024,11,PARAIBA,3669
2024,11,PARANA,28882
2024,11,PERNAMBUCO,11537
2024,11,PIAUI,3102
2024,11,RIO DE JANEIRO,29717
2024,11,RIO GRANDE DO NORTE,4498
2024,11,RIO GRANDE DO SUL,21989
2024,11,RONDONIA,1763
2024,11,RORAIMA,496
2024,11,SANTA CATARINA,27779
2024,11,SAO PAULO,141434
2024,11,SERGIPE,2329
2024,11,TOCANTINS,1411
2024,12,ACRE,580
2024,12,ALAGOAS,4476
2024,12,AMAPA,542
2024,12,AMAZONAS,4070
2024,12,BAHIA,14232
2024,12,CEARA,8934
2024,12,DISTRITO FEDERAL,31462
2024,12,ESPIRITO SANTO,11455
2024,12,GOIAS,11951
2024,12,MARANHAO,4464
2024,12,MATO GROSSO,7542
2024,12,MATO GROSSO DO SUL,5022
2024,12,MINAS GERAIS,27317
2024,12,PARA,4865
2024,12,PARAIBA,3893
2024,12,PARANA,29646
2024,12,PERNAMBUCO,12144
2024,12,PIAUI,3263
2024,12,RIO DE JANEIRO,31664
2024,12,RIO GRANDE DO NORTE,4763
2024,12,RIO GRANDE DO SUL,23262
2024,12,RONDONIA,1894
2024,12,RORAIMA,528
2024,12,SANTA CATARINA,29655
2024,12,SAO PAULO,148226
2024,12,SERGIPE,2464
2024,12,TOCANTINS,1486
2025,1,ACRE,605
2025,1,ALAGOAS,4740
2025,1,AMAPA,581
2025,1,AMAZONAS,4252
2025,1,BAHIA,14972
2025,1,CEARA,9337
2025,1,DISTRITO FEDERAL,32712
2025,1,ESPIRITO SANTO,11773
2025,1,GOIAS,12589
2025,1,MARANHAO,4652
2025,1,MATO GROSSO,7816
2025,1,MATO GROSSO DO SUL,5198
2025,1,MINAS GERAIS,28777
2025,1,PARA,5030
2025,1,PARAIBA,4054
2025,1,PARANA,30612
2025,1,PERNAMBUCO,12736
2025,1,PIAUI,3371
2025,1,RIO DE JANEIRO,33022
2025,1,RIO GRANDE DO NORTE,4955
2025,1,RIO GRANDE DO SUL,24106
2025,1,RONDONIA,2019
2025,1,RORAIMA,555
2025,1,SANTA CATARINA,30721
2025,1,SAO PAULO,154128
2025,1,SERGIPE,2616
2025,1,TOCANTINS,1572
2025,2,ACRE,627
2025,2,ALAGOAS,4994
2025,2,AMAPA,608
2025,2,AMAZONAS,4447
2025,2,BAHIA,15632
2025,2,CEARA,9782
2025,2,DISTRITO FEDERAL,34100
2025,2,ESPIRITO SANTO,12219
2025,2,GOIAS,13107
2025,2,MARANHAO,4828
2025,2,MATO GROSSO,8084
2025,2,MATO GROSSO DO SUL,5371
2025,2,MINAS GERAIS,30180
2025,2,PARA,5204
2025,2,PARAIBA,4220
2025,2,PARANA,31575
2025,2,PERNAMBUCO,13222
2025,2,PIAUI,3510
2025,2,RIO DE JANEIRO,34223
2025,2,RIO GRANDE DO NORTE,5161
2025,2,RIO GRANDE DO SUL,25040
2025,2,RONDONIA,2122
2025,2,RORAIMA,583
2025,2,SANTA CATARINA,31865
2025,2,SAO PAULO,160027
2025,2,SERGIPE,2737
2025,2,TOCANTINS,1645
2025,3,ACRE,655
2025,3,ALAGOAS,5226
2025,3,AMAPA,640
2025,3,AMAZONAS,4673
2025,3,BAHIA,16270
2025,3,CEARA,10178
2025,3,DISTRITO FEDERAL,36026
2025,3,ESPIRITO SANTO,12665
2025,3,GOIAS,13578
2025,3,MARANHAO,5029
2025,3,MATO GROSSO,8347
2025,3,MATO GROSSO DO SUL,5536
2025,3,MINAS GERAIS,31742
2025,3,PARA,5435
2025,3,PARAIBA,4437
2025,3,PARANA,32586
2025,3,PERNAMBUCO,13725
2025,3,PIAUI,3647
2025,3,RIO DE JANEIRO,35394
2025,3,RIO GRANDE DO NORTE,5338
2025,3,RIO GRANDE DO SUL,25997
2025,3,RONDONIA,2241
2025,3,RORAIMA,613
2025,3,SANTA CATARINA,33048
2025,3,SAO PAULO,166646
2025,3,SERGIPE,2857
2025,3,TOCANTINS,1693
2025,4,ACRE,689
2025,4,ALAGOAS,5505
2025,4,AMAPA,680
2025,4,AMAZONAS,4887
2025,4,BAHIA,17008
2025,4,CEARA,10583
2025,4,DISTRITO FEDERAL,37721
2025,4,ESPIRITO SANTO,13123
2025,4,GOIAS,14167
2025,4,MARANHAO,5184
2025,4,MATO GROSSO,8638
2025,4,MATO GROSSO DO SUL,5730
2025,4,MINAS GERAIS,33895
2025,4,PARA,5627
2025,4,PARAIBA,4650
2025,4,PARANA,33622
2025,4,PERNAMBUCO,14337
2025,4,PIAUI,3790
2025,4,RIO DE JANEIRO,36864
2025,4,RIO GRANDE DO NORTE,5596
2025,4,RIO GRANDE DO SUL,27115
2025,4,RONDONIA,2349
2025,4,RORAIMA,649
2025,4,SANTA CATARINA,34433
2025,4,SAO PAULO,173147
2025,4,SERGIPE,2986
2025,4,TOCANTINS,1765
2025,5,ACRE,722
2025,5,ALAGOAS,5859
2025,5,AMAPA,730
2025,5,AMAZONAS,5204
2025,5,BAHIA,17902
2025,5,CEARA,11159
2025,5,DISTRITO FEDERAL,39387
2025,5,ESPIRITO SANTO,13645
2025,5,GOIAS,14767
2025,5,MARANHAO,5422
2025,5,MATO GROSSO,8939
2025,5,MATO GROSSO DO SUL,5947
2025,5,MINAS GERAIS,36106
2025,5,PARA,5846
2025,5,PARAIBA,4923
2025,5,PARANA,34832
2025,5,PERNAMBUCO,15125
2025,5,PIAUI,3954
2025,5,RIO DE JANEIRO,38565
2025,5,RIO GRANDE DO NORTE,5896
2025,5,RIO GRANDE DO SUL,28525
2025,5,RONDONIA,2495
2025,5,RORAIMA,691
2025,5,SANTA CATARINA,35886
2025,5,SAO PAULO,180368
2025,5,SERGIPE,3122
2025,5,TOCANTINS,1840
2025,6,ACRE,747
2025,6,ALAGOAS,6191
2025,6,AMAPA,786
2025,6,AMAZONAS,5449
2025,6,BAHIA,18619
2025,6,CEARA,11652
2025,6,DISTRITO FEDERAL,41164
2025,6,ESPIRITO SANTO,14255
2025,6,GOIAS,15344
2025,6,MARANHAO,5598
2025,6,MATO GROSSO,9242
2025,6,MATO GROSSO DO SUL,6164
2025,6,MINAS GERAIS,38751
2025,6,PARA,6073
2025,6,PARAIBA,5141
2025,6,PARANA,36152
2025,6,PERNAMBUCO,15773
2025,6,PIAUI,4082
2025,6,RIO DE JANEIRO,40071
2025,6,RIO GRANDE DO NORTE,6153
2025,6,RIO GRANDE DO SUL,29672
2025,6,RONDONIA,2642
2025,6,RORAIMA,711
2025,6,SANTA CATARINA,37245
2025,6,SAO PAULO,187039
2025,6,SERGIPE,3238
2025,6,TOCANTINS,1922
2025,7,ACRE,789
2025,7,ALAGOAS,6577
2025,7,AMAPA,843
2025,7,AMAZONAS,5762
2025,7,BAHIA,19600
2025,7,CEARA,12302
2025,7,DISTRITO FEDERAL,42966
2025,7,ESPIRITO SANTO,14748
2025,7,GOIAS,16022
2025,7,MARANHAO,5836
2025,7,MATO GROSSO,9628
2025,7,MATO GROSSO DO SUL,6472
2025,7,MINAS GERAIS,42007
2025,7,PARA,6356
2025,7,PARAIBA,5471
2025,7,PARANA,37139
2025,7,PERNAMBUCO,16576
2025,7,PIAUI,4262
2025,7,RIO DE JANEIRO,42006
2025,7,RIO GRANDE DO NORTE,6443
2025,7,RIO GRANDE DO SUL,31016
2025,7,RONDONIA,2830
2025,7,RORAIMA,749
2025,7,SANTA CATARINA,39088
2025,7,SAO PAULO,194715
2025,7,SERGIPE,3414
2025,7,TOCANTINS,2019
2025,8,ACRE,833
2025,8,ALAGOAS,6920
2025,8,AMAPA,905
2025,8,AMAZONAS,6080
2025,8,BAHIA,20567
2025,8,CEARA,12893
2025,8,DISTRITO FEDERAL,45142
2025,8,ESPIRITO SANTO,15194
2025,8,GOIAS,16679
2025,8,MARANHAO,6119
2025,8,MATO GROSSO,10041
2025,8,MATO GROSSO DO SUL,6711
2025,8,MINAS GERAIS,44131
2025,8,PARA,6664
2025,8,PARAIBA,5799
2025,8,PARANA,38408
2025,8,PERNAMBUCO,17359
2025,8,PIAUI,4413
2025,8,RIO DE JANEIRO,43920
2025,8,RIO GRANDE DO NORTE,6759
2025,8,RIO GRANDE DO SUL,32513
2025,8,RONDONIA,3005
2025,8,RORAIMA,779
2025,8,SANTA CATARINA,40792
2025,8,SAO PAULO,203043
2025,8,SERGIPE,3590
2025,8,TOCANTINS,2107
2025,9,ACRE,881
2025,9,ALAGOAS,7272
2025,9,AMAPA,961
2025,9,AMAZONAS,6378
2025,9,BAHIA,21462
2025,9,CEARA,13601
2025,9,DISTRITO FEDERAL,47203
2025,9,ESPIRITO SANTO,15758
2025,9,GOIAS,17329
2025,9,MARANHAO,6364
2025,9,MATO GROSSO,10489
2025,9,MATO GROSSO DO SUL,6998
2025,9,MINAS GERAIS,46759
2025,9,PARA,7013
2025,9,PARAIBA,6153
2025,9,PARANA,40162
2025,9,PERNAMBUCO,18224
2025,9,PIAUI,4611
2025,9,RIO DE JANEIRO,46071
2025,9,RIO GRANDE DO NORTE,7102
2025,9,RIO GRANDE DO SUL,34223
2025,9,RONDONIA,3185
2025,9,RORAIMA,822
2025,9,SANTA CATARINA,42479
2025,9,SAO PAULO,211536
2025,9,SERGIPE,3755
2025,9,TOCANTINS,2219
2025,10,ACRE,932
2025,10,ALAGOAS,7627
2025,10,AMAPA,1042
2025,10,AMAZONAS,6788
2025,10,BAHIA,22471
2025,10,CEARA,14201
2025,10,DISTRITO FEDERAL,49660
2025,10,ESPIRITO SANTO,16426
2025,10,GOIAS,18065
2025,10,MARANHAO,6560
2025,10,MATO GROSSO,10903
2025,10,MATO GROSSO DO SUL,7263
2025,10,MINAS GERAIS,49692
2025,10,PARA,7302
2025,10,PARAIBA,6578
2025,10,PARANA,42158
2025,10,PERNAMBUCO,19076
2025,10,PIAUI,4780
2025,10,RIO DE JANEIRO,48105
2025,10,RIO GRANDE DO NORTE,7435
2025,10,RIO GRANDE DO SUL,35929
2025,10,RONDONIA,3322
2025,10,RORAIMA,863
2025,10,SANTA CATARINA,44107
2025,10,SAO PAULO,219726
2025,10,SERGIPE,3958
2025,10,TOCANTINS,2314
2025,11,ACRE,976
2025,11,ALAGOAS,7903
2025,11,AMAPA,1110
2025,11,AMAZONAS,7014
2025,11,BAHIA,23516
2025,11,CEARA,14792
2025,11,DISTRITO FEDERAL,52193
2025,11,ESPIRITO SANTO,17054
2025,11,GOIAS,18780
2025,11,MARANHAO,6758
2025,11,MATO GROSSO,11316
2025,11,MATO GROSSO DO SUL,7497
2025,11,MINAS GERAIS,51820
2025,11,PARA,7563
2025,11,PARAIBA,6983
2025,11,PARANA,44256
2025,11,PERNAMBUCO,19824
2025,11,PIAUI,4989
2025,11,RIO DE JANEIRO,50274
2025,11,RIO GRANDE DO NORTE,7754
2025,11,RIO GRANDE DO SUL,37581
2025,11,RONDONIA,3510
2025,11,RORAIMA,890
2025,11,SANTA CATARINA,45743
2025,11,SAO PAULO,227275
2025,11,SERGIPE,4155
2025,11,TOCANTINS,2424
2025,12,ACRE,1044
2025,12,ALAGOAS,8491
2025,12,AMAPA,1204
2025,12,AMAZONAS,7426
2025,12,BAHIA,24867
2025,12,CEARA,15687
2025,12,DISTRITO FEDERAL,55469
2025,12,ESPIRITO SANTO,18090
2025,12,GOIAS,19850
2025,12,MARANHAO,7039
2025,12,MATO GROSSO,11924
2025,12,MATO GROSSO DO SUL,7880
2025,12,MINAS GERAIS,55816
2025,12,PARA,8147
2025,12,PARAIBA,7481
2025,12,PARANA,47254
2025,12,PERNAMBUCO,21049
2025,12,PIAUI,5271
2025,12,RIO DE JANEIRO,54031
2025,12,RIO GRANDE DO NORTE,8284
2025,12,RIO GRANDE DO SUL,39962
2025,12,RONDONIA,3791
2025,12,RORAIMA,932
2025,12,SANTA CATARINA,48214
2025,12,SAO PAULO,238682
2025,12,SERGIPE,4415
2025,12,TOCANTINS,2613
2026,1,ACRE,1080
2026,1,ALAGOAS,8890
2026,1,AMAPA,1246
2026,1,AMAZONAS,7743
2026,1,BAHIA,26080
2026,1,CEARA,16385
2026,1,DISTRITO FEDERAL,57545
2026,1,ESPIRITO SANTO,18730
2026,1,GOIAS,20630
2026,1,MARANHAO,7372
2026,1,MATO GROSSO,12405
2026,1,MATO GROSSO DO SUL,8124
2026,1,MINAS GERAIS,58280
2026,1,PARA,8369
2026,1,PARAIBA,7920
2026,1,PARANA,49228
2026,1,PERNAMBUCO,22020
2026,1,PIAUI,5522
2026,1,RIO DE JANEIRO,56434
2026,1,RIO GRANDE DO NORTE,8693
2026,1,RIO GRANDE DO SUL,41439
2026,1,RONDONIA,3995
2026,1,RORAIMA,971
2026,1,SANTA CATARINA,49794
2026,1,SAO PAULO,247579
2026,1,SERGIPE,4640
2026,1,TOCANTINS,2716
2026,2,ACRE,1147
2026,2,ALAGOAS,9365
2026,2,AMAPA,1320
2026,2,AMAZONAS,7911
2026,2,BAHIA,27133
2026,2,CEARA,17157
2026,2,DISTRITO FEDERAL,59754
2026,2,ESPIRITO SANTO,19481
2026,2,GOIAS,21557
2026,2,MARANHAO,7629
2026,2,MATO GROSSO,13035
2026,2,MATO GROSSO DO SUL,8395
2026,2,MINAS GERAIS,60605
2026,2,PARA,8723
2026,2,PARAIBA,8367
2026,2,PARANA,51095
2026,2,PERNAMBUCO,22875
2026,2,PIAUI,5771
2026,2,RIO DE JANEIRO,58252
2026,2,RIO GRANDE DO NORTE,9078
2026,2,RIO GRANDE DO SUL,43044
2026,2,RONDONIA,4203
2026,2,RORAIMA,1018
2026,2,SANTA CATARINA,51631
2026,2,SAO PAULO,256905
2026,2,SERGIPE,4834
2026,2,TOCANTINS,2883
2026,3,ACRE,1229
2026,3,ALAGOAS,9987
2026,3,AMAPA,1387
2026,3,AMAZONAS,8604
2026,3,BAHIA,28691
2026,3,CEARA,18104
2026,3,DISTRITO FEDERAL,62720
2026,3,ESPIRITO SANTO,20496
2026,3,GOIAS,22785
2026,3,MARANHAO,8119
2026,3,MATO GROSSO,13862
2026,3,MATO GROSSO DO SUL,8739
2026,3,MINAS GERAIS,65237
2026,3,PARA,9260
2026,3,PARAIBA,8946
2026,3,PARANA,53575
2026,3,PERNAMBUCO,24306
2026,3,PIAUI,6060
2026,3,RIO DE JANEIRO,61080
2026,3,RIO GRANDE DO NORTE,9638
2026,3,RIO GRANDE DO SUL,45516
2026,3,RONDONIA,4483
2026,3,RORAIMA,1090
2026,3,SANTA CATARINA,53858
2026,3,SAO PAULO,269873
2026,3,SERGIPE,5115
2026,3,TOCANTINS,3105
2026,4,ACRE,1332
2026,4,ALAGOAS,10665
2026,4,AMAPA,1516
2026,4,AMAZONAS,9283
2026,4,BAHIA,30501
2026,4,CEARA,19208
2026,4,DISTRITO FEDERAL,65685
2026,4,ESPIRITO SANTO,21462
2026,4,GOIAS,24097
2026,4,MARANHAO,8657
2026,4,MATO GROSSO,14667
2026,4,MATO GROSSO DO SUL,9058
2026,4,MINAS GERAIS,69497
2026,4,PARA,9894
2026,4,PARAIBA,9645
2026,4,PARANA,56866
2026,4,PERNAMBUCO,25946
2026,4,PIAUI,6415
2026,4,RIO DE JANEIRO,64042
2026,4,RIO GRANDE DO NORTE,10467
2026,4,RIO GRANDE DO SUL,48153
2026,4,RONDONIA,4772
2026,4,RORAIMA,1134
2026,4,SANTA CATARINA,56294
2026,4,SAO PAULO,284060
2026,4,SERGIPE,5512
2026,4,TOCANTINS,3299
2026,5,ACRE,1461
2026,5,ALAGOAS,11444
2026,5,AMAPA,1654
2026,5,AMAZONAS,10173
2026,5,BAHIA,32632
2026,5,CEARA,20446
2026,5,DISTRITO FEDERAL,69314
2026,5,ESPIRITO SANTO,22656
2026,5,GOIAS,25638
2026,5,MARANHAO,9234
2026,5,MATO GROSSO,15557
2026,5,MATO GROSSO DO SUL,9465
2026,5,MINAS GERAIS,76160
2026,5,PARA,10598
2026,5,PARAIBA,10547
2026,5,PARANA,60512
2026,5,PERNAMBUCO,27847
2026,5,PIAUI,6880
2026,5,RIO DE JANEIRO,67447
2026,5,RIO GRANDE DO NORTE,11387
2026,5,RIO GRANDE DO SUL,50988
2026,5,RONDONIA,5132
2026,5,RORAIMA,1249
2026,5,SANTA CATARINA,58982
2026,5,SAO PAULO,299114
2026,5,SERGIPE,6035
2026,5,TOCANTINS,3555
2026,6,ACRE,1593
2026,6,ALAGOAS,12355
2026,6,AMAPA,1770
2026,6,AMAZONAS,11046
2026,6,BAHIA,34850
2026,6,CEARA,21877
2026,6,DISTRITO FEDERAL,73691
2026,6,ESPIRITO SANTO,24033
2026,6,GOIAS,27207
2026,6,MARANHAO,9877
2026,6,MATO GROSSO,16418
2026,6,MATO GROSSO DO SUL,9952
2026,6,MINAS GERAIS,82843
2026,6,PARA,11403
2026,6,PARAIBA,11375
2026,6,PARANA,64231
2026,6,PERNAMBUCO,29922
2026,6,PIAUI,7364
2026,6,RIO DE JANEIRO,71004
2026,6,RIO GRANDE DO NORTE,12365
2026,6,RIO GRANDE DO SUL,54194
2026,6,RONDONIA,5501
2026,6,RORAIMA,1360
2026,6,SANTA CATARINA,61889
2026,6,SAO PAULO,316020
2026,6,SERGIPE,6560
2026,6,TOCANTINS,3858
2026,7,ACRE,1739
2026,7,ALAGOAS,13433
2026,7,AMAPA,1942
2026,7,AMAZONAS,12129
2026,7,BAHIA,37903
2026,7,CEARA,23852
2026,7,DISTRITO FEDERAL,77854
2026,7,ESPIRITO SANTO,25660
2026,7,GOIAS,29267
2026,7,MARANHAO,10563
2026,7,MATO GROSSO,17567
2026,7,MATO GROSSO DO SUL,10635
2026,7,MINAS GERAIS,88573
2026,7,PARA,12343
2026,7,PARAIBA,12589
2026,7,PARANA,68535
2026,7,PERNAMBUCO,32680
2026,7,PIAUI,8029
2026,7,RIO DE JANEIRO,75265
2026,7,RIO GRANDE DO NORTE,13638
2026,7,RIO GRANDE DO SUL,57867
2026,7,RONDONIA,6007
2026,7,RORAIMA,1510
2026,7,SANTA CATARINA,65276
2026,7,SAO PAULO,334543
2026,7,SERGIPE,7229
2026,7,TOCANTINS,4153
