nivel_geografico,escopo_ranking,regiao,municipio,uf,posicao,pontos_ac,pontos_dc,pontos_total,participacao_nacional_percentual,data_referencia,data_publicacao,data_captura,url_fonte,metodo_extracao
nacional,total,Brasil,,,1,18469,11397,29866,100.0,2026-08-31,2026-09-28,2026-09-30,https://abve.org.br/recarga-rapida-dc-quase-triplica-em-12-meses-e-ja-responde-por-38-da-rede-brasileira/,transcricao_tabela_acessivel_verificada
regiao,participacao,Sudeste,,,,,,,42.4,2026-08-31,2026-09-28,2026-09-30,https://abve.org.br/recarga-rapida-dc-quase-triplica-em-12-meses-e-ja-responde-por-38-da-rede-brasileira/,transcricao_tabela_acessivel_verificada
regiao,participacao,Sul,,,,,,,24.3,2026-08-31,2026-09-28,2026-09-30,https://abve.org.br/recarga-rapida-dc-quase-triplica-em-12-meses-e-ja-responde-por-38-da-rede-brasileira/,transcricao_tabela_acessivel_verificada
regiao,participacao,Nordeste,,,,,,,18.7,2026-08-31,2026-09-28,2026-09-30,https://abve.org.br/recarga-rapida-dc-quase-triplica-em-12-meses-e-ja-responde-por-38-da-rede-brasileira/,transcricao_tabela_acessivel_verificada
regiao,participacao,Centro-Oeste,,,,,,,11.2,2026-08-31,2026-09-28,2026-09-30,https://abve.org.br/recarga-rapida-dc-quase-triplica-em-12-meses-e-ja-responde-por-38-da-rede-brasileira/,transcricao_tabela_acessivel_verificada
regiao,participacao,Norte,,,,,,,3.4,2026-08-31,2026-09-28,2026-09-30,https://abve.org.br/recarga-rapida-dc-quase-triplica-em-12-meses-e-ja-responde-por-38-da-rede-brasileira/,transcricao_tabela_acessivel_verificada
municipio,top20,Sudeste,São Paulo,SP,1,2489,612,3101,10.4,2026-08-31,2026-09-28,2026-09-30,https://abve.org.br/recarga-rapida-dc-quase-triplica-em-12-meses-e-ja-responde-por-38-da-rede-brasileira/,transcricao_tabela_acessivel_verificada
municipio,top20,Centro-Oeste,Brasília,DF,2,627,598,1225,4.1,2026-08-31,2026-09-28,2026-09-30,https://abve.org.br/recarga-rapida-dc-quase-triplica-em-12-meses-e-ja-responde-por-38-da-rede-brasileira/,transcricao_tabela_acessivel_verificada
municipio,top20,Sudeste,Rio de Janeiro,RJ,3,897,174,1071,3.6,2026-08-31,2026-09-28,2026-09-30,https://abve.org.br/recarga-rapida-dc-quase-triplica-em-12-meses-e-ja-responde-por-38-da-rede-brasileira/,transcricao_tabela_acessivel_verificada
municipio,top20,Sul,Curitiba,PR,4,403,393,796,2.7,2026-08-31,2026-09-28,2026-09-30,https://abve.org.br/recarga-rapida-dc-quase-triplica-em-12-meses-e-ja-responde-por-38-da-rede-brasileira/,transcricao_tabela_acessivel_verificada
municipio,top20,Centro-Oeste,Goiânia,GO,5,281,250,531,1.8,2026-08-31,2026-09-28,2026-09-30,https://abve.org.br/recarga-rapida-dc-quase-triplica-em-12-meses-e-ja-responde-por-38-da-rede-brasileira/,transcricao_tabela_acessivel_verificada
municipio,top20,Sul,Porto Alegre,RS,6,322,183,505,1.7,2026-08-31,2026-09-28,2026-09-30,https://abve.org.br/recarga-rapida-dc-quase-triplica-em-12-meses-e-ja-responde-por-38-da-rede-brasileira/,transcricao_tabela_acessivel_verificada
municipio,top20,Nordeste,Fortaleza,CE,7,248,250,498,1.7,2026-08-31,2026-09-28,2026-09-30,https://abve.org.br/recarga-rapida-dc-quase-triplica-em-12-meses-e-ja-responde-por-38-da-rede-brasileira/,transcricao_tabela_acessivel_verificada
municipio,top20,Sudeste,Belo Horizonte,MG,8,248,247,495,1.7,2026-08-31,2026-09-28,2026-09-30,https://abve.org.br/recarga-rapida-dc-quase-triplica-em-12-meses-e-ja-responde-por-38-da-rede-brasileira/,transcricao_tabela_acessivel_verificada
municipio,top20,Nordeste,Recife,PE,9,190,263,453,1.5,2026-08-31,2026-09-28,2026-09-30,https://abve.org.br/recarga-rapida-dc-quase-triplica-em-12-meses-e-ja-responde-por-38-da-rede-brasileira/,transcricao_tabela_acessivel_verificada
municipio,top20,Sul,Florianópolis,SC,10,286,102,388,1.3,2026-08-31,2026-09-28,2026-09-30,https://abve.org.br/recarga-rapida-dc-quase-triplica-em-12-meses-e-ja-responde-por-38-da-rede-brasileira/,transcricao_tabela_acessivel_verificada
municipio,top20,Sudeste,Campinas,SP,11,241,108,349,1.2,2026-08-31,2026-09-28,2026-09-30,https://abve.org.br/recarga-rapida-dc-quase-triplica-em-12-meses-e-ja-responde-por-38-da-rede-brasileira/,transcricao_tabela_acessivel_verificada
municipio,top20,Nordeste,Salvador,BA,12,218,131,349,1.2,2026-08-31,2026-09-28,2026-09-30,https://abve.org.br/recarga-rapida-dc-quase-triplica-em-12-meses-e-ja-responde-por-38-da-rede-brasileira/,transcricao_tabela_acessivel_verificada
municipio,top20,Norte,Manaus,AM,13,86,185,271,0.9,2026-08-31,2026-09-28,2026-09-30,https://abve.org.br/recarga-rapida-dc-quase-triplica-em-12-meses-e-ja-responde-por-38-da-rede-brasileira/,transcricao_tabela_acessivel_verificada
municipio,top20,Nordeste,Natal,RN,14,135,114,249,0.8,2026-08-31,2026-09-28,2026-09-30,https://abve.org.br/recarga-rapida-dc-quase-triplica-em-12-meses-e-ja-responde-por-38-da-rede-brasileira/,transcricao_tabela_acessivel_verificada
municipio,top20,Nordeste,João Pessoa,PB,15,95,143,238,0.8,2026-08-31,2026-09-28,2026-09-30,https://abve.org.br/recarga-rapida-dc-quase-triplica-em-12-meses-e-ja-responde-por-38-da-rede-brasileira/,transcricao_tabela_acessivel_verificada
municipio,top20,Sudeste,Ribeirão Preto,SP,16,148,87,235,0.8,2026-08-31,2026-09-28,2026-09-30,https://abve.org.br/recarga-rapida-dc-quase-triplica-em-12-meses-e-ja-responde-por-38-da-rede-brasileira/,transcricao_tabela_acessivel_verificada
municipio,top20,Nordeste,Maceió,AL,17,116,100,216,0.7,2026-08-31,2026-09-28,2026-09-30,https://abve.org.br/recarga-rapida-dc-quase-triplica-em-12-meses-e-ja-responde-por-38-da-rede-brasileira/,transcricao_tabela_acessivel_verificada
municipio,top20,Sul,Londrina,PR,18,117,96,213,0.7,2026-08-31,2026-09-28,2026-09-30,https://abve.org.br/recarga-rapida-dc-quase-triplica-em-12-meses-e-ja-responde-por-38-da-rede-brasileira/,transcricao_tabela_acessivel_verificada
municipio,top20,Sudeste,Barueri,SP,19,156,50,206,0.7,2026-08-31,2026-09-28,2026-09-30,https://abve.org.br/recarga-rapida-dc-quase-triplica-em-12-meses-e-ja-responde-por-38-da-rede-brasileira/,transcricao_tabela_acessivel_verificada
municipio,top20,Sul,Maringá,PR,20,116,82,198,0.7,2026-08-31,2026-09-28,2026-09-30,https://abve.org.br/recarga-rapida-dc-quase-triplica-em-12-meses-e-ja-responde-por-38-da-rede-brasileira/,transcricao_tabela_acessivel_verificada
estado,top20,Sudeste,,SP,1,5895,1969,7864,26.3,2026-08-31,2026-09-28,2026-09-30,https://abve.org.br/recarga-rapida-dc-quase-triplica-em-12-meses-e-ja-responde-por-38-da-rede-brasileira/,transcricao_tabela_acessivel_verificada
estado,top20,Sul,,PR,2,1301,1212,2513,8.4,2026-08-31,2026-09-28,2026-09-30,https://abve.org.br/recarga-rapida-dc-quase-triplica-em-12-meses-e-ja-responde-por-38-da-rede-brasileira/,transcricao_tabela_acessivel_verificada
estado,top20,Sul,,RS,3,1458,964,2422,8.1,2026-08-31,2026-09-28,2026-09-30,https://abve.org.br/recarga-rapida-dc-quase-triplica-em-12-meses-e-ja-responde-por-38-da-rede-brasileira/,transcricao_tabela_acessivel_verificada
estado,top20,Sul,,SC,4,1531,802,2333,7.8,2026-08-31,2026-09-28,2026-09-30,https://abve.org.br/recarga-rapida-dc-quase-triplica-em-12-meses-e-ja-responde-por-38-da-rede-brasileira/,transcricao_tabela_acessivel_verificada
estado,top20,Sudeste,,MG,5,1402,893,2295,7.7,2026-08-31,2026-09-28,2026-09-30,https://abve.org.br/recarga-rapida-dc-quase-triplica-em-12-meses-e-ja-responde-por-38-da-rede-brasileira/,transcricao_tabela_acessivel_verificada
estado,top20,Sudeste,,RJ,6,1460,435,1895,6.3,2026-08-31,2026-09-28,2026-09-30,https://abve.org.br/recarga-rapida-dc-quase-triplica-em-12-meses-e-ja-responde-por-38-da-rede-brasileira/,transcricao_tabela_acessivel_verificada
estado,top20,Centro-Oeste,,DF,7,639,617,1256,4.2,2026-08-31,2026-09-28,2026-09-30,https://abve.org.br/recarga-rapida-dc-quase-triplica-em-12-meses-e-ja-responde-por-38-da-rede-brasileira/,transcricao_tabela_acessivel_verificada
estado,top20,Centro-Oeste,,GO,8,661,579,1240,4.2,2026-08-31,2026-09-28,2026-09-30,https://abve.org.br/recarga-rapida-dc-quase-triplica-em-12-meses-e-ja-responde-por-38-da-rede-brasileira/,transcricao_tabela_acessivel_verificada
estado,top20,Nordeste,,BA,9,734,454,1188,4.0,2026-08-31,2026-09-28,2026-09-30,https://abve.org.br/recarga-rapida-dc-quase-triplica-em-12-meses-e-ja-responde-por-38-da-rede-brasileira/,transcricao_tabela_acessivel_verificada
estado,top20,Nordeste,,PE,10,427,674,1101,3.7,2026-08-31,2026-09-28,2026-09-30,https://abve.org.br/recarga-rapida-dc-quase-triplica-em-12-meses-e-ja-responde-por-38-da-rede-brasileira/,transcricao_tabela_acessivel_verificada
estado,top20,Nordeste,,CE,11,473,423,896,3.0,2026-08-31,2026-09-28,2026-09-30,https://abve.org.br/recarga-rapida-dc-quase-triplica-em-12-meses-e-ja-responde-por-38-da-rede-brasileira/,transcricao_tabela_acessivel_verificada
estado,top20,Sudeste,,ES,12,384,233,617,2.1,2026-08-31,2026-09-28,2026-09-30,https://abve.org.br/recarga-rapida-dc-quase-triplica-em-12-meses-e-ja-responde-por-38-da-rede-brasileira/,transcricao_tabela_acessivel_verificada
estado,top20,Nordeste,,RN,13,284,318,602,2.0,2026-08-31,2026-09-28,2026-09-30,https://abve.org.br/recarga-rapida-dc-quase-triplica-em-12-meses-e-ja-responde-por-38-da-rede-brasileira/,transcricao_tabela_acessivel_verificada
estado,top20,Nordeste,,PB,14,238,276,514,1.7,2026-08-31,2026-09-28,2026-09-30,https://abve.org.br/recarga-rapida-dc-quase-triplica-em-12-meses-e-ja-responde-por-38-da-rede-brasileira/,transcricao_tabela_acessivel_verificada
estado,top20,Centro-Oeste,,MT,15,278,192,470,1.6,2026-08-31,2026-09-28,2026-09-30,https://abve.org.br/recarga-rapida-dc-quase-triplica-em-12-meses-e-ja-responde-por-38-da-rede-brasileira/,transcricao_tabela_acessivel_verificada
estado,top20,Nordeste,,AL,16,264,189,453,1.5,2026-08-31,2026-09-28,2026-09-30,https://abve.org.br/recarga-rapida-dc-quase-triplica-em-12-meses-e-ja-responde-por-38-da-rede-brasileira/,transcricao_tabela_acessivel_verificada
estado,top20,Norte,,PA,17,163,218,381,1.3,2026-08-31,2026-09-28,2026-09-30,https://abve.org.br/recarga-rapida-dc-quase-triplica-em-12-meses-e-ja-responde-por-38-da-rede-brasileira/,transcricao_tabela_acessivel_verificada
estado,top20,Centro-Oeste,,MS,18,227,143,370,1.2,2026-08-31,2026-09-28,2026-09-30,https://abve.org.br/recarga-rapida-dc-quase-triplica-em-12-meses-e-ja-responde-por-38-da-rede-brasileira/,transcricao_tabela_acessivel_verificada
estado,top20,Nordeste,,MA,19,128,180,308,1.0,2026-08-31,2026-09-28,2026-09-30,https://abve.org.br/recarga-rapida-dc-quase-triplica-em-12-meses-e-ja-responde-por-38-da-rede-brasileira/,transcricao_tabela_acessivel_verificada
estado,top20,Norte,,AM,20,110,194,304,1.0,2026-08-31,2026-09-28,2026-09-30,https://abve.org.br/recarga-rapida-dc-quase-triplica-em-12-meses-e-ja-responde-por-38-da-rede-brasileira/,transcricao_tabela_acessivel_verificada
