ano_ciclo,marca,versoes_catalogadas,modelos_catalogados,autonomia_mediana_ensaio_km,consumo_mediano_mj_km,limite_uso
2024,AUDI,26,13,308.0,1.875,"Catálogo PBEV/Inmetro; não representa vendas, preço ou autonomia real em trânsito."
2024,BMW,24,15,315.0,0.735,"Catálogo PBEV/Inmetro; não representa vendas, preço ou autonomia real em trânsito."
2024,BYD,19,13,258.0,0.56,"Catálogo PBEV/Inmetro; não representa vendas, preço ou autonomia real em trânsito."
2024,CAOA CHERY,12,5,126.0,1.79,"Catálogo PBEV/Inmetro; não representa vendas, preço ou autonomia real em trânsito."
2024,CHEVROLET,4,3,390.0,0.48,"Catálogo PBEV/Inmetro; não representa vendas, preço ou autonomia real em trânsito."
2024,CITROEN,1,1,289.0,0.7,"Catálogo PBEV/Inmetro; não representa vendas, preço ou autonomia real em trânsito."
2024,DONFENG,1,1,206.0,0.57,"Catálogo PBEV/Inmetro; não representa vendas, preço ou autonomia real em trânsito."
2024,FERRARI,2,1,10.5,1.995,"Catálogo PBEV/Inmetro; não representa vendas, preço ou autonomia real em trânsito."
2024,FIAT,2,2,258.0,0.58,"Catálogo PBEV/Inmetro; não representa vendas, preço ou autonomia real em trânsito."
2024,FORD,5,3,193.0,0.92,"Catálogo PBEV/Inmetro; não representa vendas, preço ou autonomia real em trânsito."
2024,GWM,8,2,114.5,0.75,"Catálogo PBEV/Inmetro; não representa vendas, preço ou autonomia real em trânsito."
2024,HONDA,3,3,,1.23,"Catálogo PBEV/Inmetro; não representa vendas, preço ou autonomia real em trânsito."
2024,HYUNDAI,4,3,252.0,1.1,"Catálogo PBEV/Inmetro; não representa vendas, preço ou autonomia real em trânsito."
2024,JAC,6,5,243.0,0.5,"Catálogo PBEV/Inmetro; não representa vendas, preço ou autonomia real em trânsito."
2024,JAGUAR,6,2,298.0,0.74,"Catálogo PBEV/Inmetro; não representa vendas, preço ou autonomia real em trânsito."
2024,JEEP,2,2,29.5,0.935,"Catálogo PBEV/Inmetro; não representa vendas, preço ou autonomia real em trânsito."
2024,KIA,14,4,402.0,1.55,"Catálogo PBEV/Inmetro; não representa vendas, preço ou autonomia real em trânsito."
2024,LAND ROVER,85,8,69.0,2.56,"Catálogo PBEV/Inmetro; não representa vendas, preço ou autonomia real em trânsito."
2024,LEXUS,7,4,,1.5,"Catálogo PBEV/Inmetro; não representa vendas, preço ou autonomia real em trânsito."
2024,MASERATI,2,2,,2.62,"Catálogo PBEV/Inmetro; não representa vendas, preço ou autonomia real em trânsito."
2024,MCLAREN,1,1,20.0,1.58,"Catálogo PBEV/Inmetro; não representa vendas, preço ou autonomia real em trânsito."
2024,MINI,2,2,84.5,0.69,"Catálogo PBEV/Inmetro; não representa vendas, preço ou autonomia real em trânsito."
2024,Mercedes-Benz,38,31,352.5,1.835,"Catálogo PBEV/Inmetro; não representa vendas, preço ou autonomia real em trânsito."
2024,NETA,5,2,263.0,0.53,"Catálogo PBEV/Inmetro; não representa vendas, preço ou autonomia real em trânsito."
2024,NISSAN,1,1,210.0,0.6,"Catálogo PBEV/Inmetro; não representa vendas, preço ou autonomia real em trânsito."
2024,Nissan,1,1,192.0,0.58,"Catálogo PBEV/Inmetro; não representa vendas, preço ou autonomia real em trânsito."
2024,PEUGEOT,3,3,234.0,0.59,"Catálogo PBEV/Inmetro; não representa vendas, preço ou autonomia real em trânsito."
2024,PORSCHE,30,6,275.5,0.89,"Catálogo PBEV/Inmetro; não representa vendas, preço ou autonomia real em trânsito."
2024,Renault,5,4,210.0,0.51,"Catálogo PBEV/Inmetro; não representa vendas, preço ou autonomia real em trânsito."
2024,SUBARU,2,2,,1.78,"Catálogo PBEV/Inmetro; não representa vendas, preço ou autonomia real em trânsito."
2024,TOYOTA,10,5,55.0,1.29,"Catálogo PBEV/Inmetro; não representa vendas, preço ou autonomia real em trânsito."
2024,VOLVO,74,9,55.0,0.74,"Catálogo PBEV/Inmetro; não representa vendas, preço ou autonomia real em trânsito."
2024,VW,2,2,353.5,0.665,"Catálogo PBEV/Inmetro; não representa vendas, preço ou autonomia real em trânsito."
2024,ZEEKR,4,2,379.0,0.61,"Catálogo PBEV/Inmetro; não representa vendas, preço ou autonomia real em trânsito."
2025,AUDI,16,13,386.5,0.8,"Catálogo PBEV/Inmetro; não representa vendas, preço ou autonomia real em trânsito."
2025,BMW,21,14,336.0,0.67,"Catálogo PBEV/Inmetro; não representa vendas, preço ou autonomia real em trânsito."
2025,BYD,22,13,254.0,0.56,"Catálogo PBEV/Inmetro; não representa vendas, preço ou autonomia real em trânsito."
2025,CAOA CHERY,5,4,60.0,0.66,"Catálogo PBEV/Inmetro; não representa vendas, preço ou autonomia real em trânsito."
2025,CHEVROLET,3,3,443.0,0.56,"Catálogo PBEV/Inmetro; não representa vendas, preço ou autonomia real em trânsito."
2025,CITROEN,1,1,258.0,0.75,"Catálogo PBEV/Inmetro; não representa vendas, preço ou autonomia real em trânsito."
2025,DENZA,1,1,74.0,0.93,"Catálogo PBEV/Inmetro; não representa vendas, preço ou autonomia real em trânsito."
2025,FARIZON,3,2,239.0,0.84,"Catálogo PBEV/Inmetro; não representa vendas, preço ou autonomia real em trânsito."
2025,FERRARI,2,1,10.5,1.995,"Catálogo PBEV/Inmetro; não representa vendas, preço ou autonomia real em trânsito."
2025,FIAT,6,4,242.5,1.54,"Catálogo PBEV/Inmetro; não representa vendas, preço ou autonomia real em trânsito."
2025,FORD,8,2,203.0,1.02,"Catálogo PBEV/Inmetro; não representa vendas, preço ou autonomia real em trânsito."
2025,FOTON,2,1,,2.95,"Catálogo PBEV/Inmetro; não representa vendas, preço ou autonomia real em trânsito."
2025,GAC,9,5,318.0,0.57,"Catálogo PBEV/Inmetro; não representa vendas, preço ou autonomia real em trânsito."
2025,GWM,14,4,119.49,0.74,"Catálogo PBEV/Inmetro; não representa vendas, preço ou autonomia real em trânsito."
2025,Geely,4,2,319.0,0.405,"Catálogo PBEV/Inmetro; não representa vendas, preço ou autonomia real em trânsito."
2025,HONDA,4,3,,1.2349999999999999,"Catálogo PBEV/Inmetro; não representa vendas, preço ou autonomia real em trânsito."
2025,Hyundai,5,2,374.0,0.66,"Catálogo PBEV/Inmetro; não representa vendas, preço ou autonomia real em trânsito."
2025,JAC,6,5,243.0,0.5,"Catálogo PBEV/Inmetro; não representa vendas, preço ou autonomia real em trânsito."
2025,JAECOO,2,1,79.0,0.6,"Catálogo PBEV/Inmetro; não representa vendas, preço ou autonomia real em trânsito."
2025,KIA,17,7,402.0,1.68,"Catálogo PBEV/Inmetro; não representa vendas, preço ou autonomia real em trânsito."
2025,LAMBORGHINI,1,1,7.0,3.32,"Catálogo PBEV/Inmetro; não representa vendas, preço ou autonomia real em trânsito."
2025,LAND ROVER,21,7,71.0,1.12,"Catálogo PBEV/Inmetro; não representa vendas, preço ou autonomia real em trânsito."
2025,LEAPMOTOR,3,2,288.0,0.61,"Catálogo PBEV/Inmetro; não representa vendas, preço ou autonomia real em trânsito."
2025,LEXUS,8,6,56.0,1.3599999999999999,"Catálogo PBEV/Inmetro; não representa vendas, preço ou autonomia real em trânsito."
2025,MCLAREN,2,1,23.0,1.45,"Catálogo PBEV/Inmetro; não representa vendas, preço ou autonomia real em trânsito."
2025,MG,5,3,351.0,0.51,"Catálogo PBEV/Inmetro; não representa vendas, preço ou autonomia real em trânsito."
2025,MINI,8,4,304.5,0.495,"Catálogo PBEV/Inmetro; não representa vendas, preço ou autonomia real em trânsito."
2025,Mercedes-Benz,61,38,272.0,1.98,"Catálogo PBEV/Inmetro; não representa vendas, preço ou autonomia real em trânsito."
2025,Mitsubishi,2,1,58.0,0.77,"Catálogo PBEV/Inmetro; não representa vendas, preço ou autonomia real em trânsito."
2025,NETA,5,2,263.0,0.53,"Catálogo PBEV/Inmetro; não representa vendas, preço ou autonomia real em trânsito."
2025,NISSAN,3,1,348.0,0.55,"Catálogo PBEV/Inmetro; não representa vendas, preço ou autonomia real em trânsito."
2025,OMODA,1,1,345.0,0.51,"Catálogo PBEV/Inmetro; não representa vendas, preço ou autonomia real em trânsito."
2025,PEUGEOT,2,2,239.0,0.6699999999999999,"Catálogo PBEV/Inmetro; não representa vendas, preço ou autonomia real em trânsito."
2025,PORSCHE,25,5,415.0,0.69,"Catálogo PBEV/Inmetro; não representa vendas, preço ou autonomia real em trânsito."
2025,Peugeot,1,1,261.0,0.55,"Catálogo PBEV/Inmetro; não representa vendas, preço ou autonomia real em trânsito."
2025,Renault,4,3,197.5,0.475,"Catálogo PBEV/Inmetro; não representa vendas, preço ou autonomia real em trânsito."
2025,TOYOTA,7,3,,1.36,"Catálogo PBEV/Inmetro; não representa vendas, preço ou autonomia real em trânsito."
2025,VOLVO,47,6,48.0,0.86,"Catálogo PBEV/Inmetro; não representa vendas, preço ou autonomia real em trânsito."
2025,Volkswagen,2,2,353.5,0.665,"Catálogo PBEV/Inmetro; não representa vendas, preço ou autonomia real em trânsito."
2025,ZEEKR,5,3,423.0,0.63,"Catálogo PBEV/Inmetro; não representa vendas, preço ou autonomia real em trânsito."
2026,AUDI,12,8,424.0,0.625,"Catálogo PBEV/Inmetro; não representa vendas, preço ou autonomia real em trânsito."
2026,BMW,16,12,327.0,0.8200000000000001,"Catálogo PBEV/Inmetro; não representa vendas, preço ou autonomia real em trânsito."
2026,BYD,29,15,170.0,0.57,"Catálogo PBEV/Inmetro; não representa vendas, preço ou autonomia real em trânsito."
2026,CAOA CHANGAN,1,1,497.0,0.6,"Catálogo PBEV/Inmetro; não representa vendas, preço ou autonomia real em trânsito."
2026,CAOA CHERY,7,3,64.0,0.66,"Catálogo PBEV/Inmetro; não representa vendas, preço ou autonomia real em trânsito."
2026,CAOACHANGAN,1,1,497.0,0.6,"Catálogo PBEV/Inmetro; não representa vendas, preço ou autonomia real em trânsito."
2026,CHEVROLET,4,4,373.5,0.5900000000000001,"Catálogo PBEV/Inmetro; não representa vendas, preço ou autonomia real em trânsito."
2026,CITROEN,1,1,258.0,0.75,"Catálogo PBEV/Inmetro; não representa vendas, preço ou autonomia real em trânsito."
2026,DENZA,1,1,74.0,0.93,"Catálogo PBEV/Inmetro; não representa vendas, preço ou autonomia real em trânsito."
2026,FARIZON,9,2,239.0,0.84,"Catálogo PBEV/Inmetro; não representa vendas, preço ou autonomia real em trânsito."
2026,FERRARI,2,1,10.5,1.995,"Catálogo PBEV/Inmetro; não representa vendas, preço ou autonomia real em trânsito."
2026,FIAT,7,4,227.0,1.62,"Catálogo PBEV/Inmetro; não representa vendas, preço ou autonomia real em trânsito."
2026,FORD,7,1,203.0,1.02,"Catálogo PBEV/Inmetro; não representa vendas, preço ou autonomia real em trânsito."
2026,FOTON,8,5,188.0,1.0,"Catálogo PBEV/Inmetro; não representa vendas, preço ou autonomia real em trânsito."
2026,GAC,12,7,318.0,0.56,"Catálogo PBEV/Inmetro; não representa vendas, preço ou autonomia real em trânsito."
2026,GEELY,2,1,289.0,0.39,"Catálogo PBEV/Inmetro; não representa vendas, preço ou autonomia real em trânsito."
2026,GWM,20,5,126.0,0.74,"Catálogo PBEV/Inmetro; não representa vendas, preço ou autonomia real em trânsito."
2026,Geely,4,2,230.5,0.53,"Catálogo PBEV/Inmetro; não representa vendas, preço ou autonomia real em trânsito."
2026,HONDA,5,4,,1.24,"Catálogo PBEV/Inmetro; não representa vendas, preço ou autonomia real em trânsito."
2026,HYUNDAI,2,1,,1.21,"Catálogo PBEV/Inmetro; não representa vendas, preço ou autonomia real em trânsito."
2026,Hyundai,3,1,374.0,0.66,"Catálogo PBEV/Inmetro; não representa vendas, preço ou autonomia real em trânsito."
2026,JAC,5,4,226.0,0.5,"Catálogo PBEV/Inmetro; não representa vendas, preço ou autonomia real em trânsito."
2026,JAECOO,2,1,79.0,0.6,"Catálogo PBEV/Inmetro; não representa vendas, preço ou autonomia real em trânsito."
2026,JEEP,8,3,,1.8,"Catálogo PBEV/Inmetro; não representa vendas, preço ou autonomia real em trânsito."
2026,JETOUR,7,3,75.0,0.66,"Catálogo PBEV/Inmetro; não representa vendas, preço ou autonomia real em trânsito."
2026,KIA,11,3,402.0,1.21,"Catálogo PBEV/Inmetro; não representa vendas, preço ou autonomia real em trânsito."
2026,LAND ROVER,18,7,71.0,1.12,"Catálogo PBEV/Inmetro; não representa vendas, preço ou autonomia real em trânsito."
2026,LEAPMOTOR,3,2,288.0,0.61,"Catálogo PBEV/Inmetro; não representa vendas, preço ou autonomia real em trânsito."
2026,LEXUS,8,6,56.0,1.3599999999999999,"Catálogo PBEV/Inmetro; não representa vendas, preço ou autonomia real em trânsito."
2026,MCLAREN,2,1,23.0,1.45,"Catálogo PBEV/Inmetro; não representa vendas, preço ou autonomia real em trânsito."
2026,MERCEDES-BENZ,12,7,9.0,2.19,"Catálogo PBEV/Inmetro; não representa vendas, preço ou autonomia real em trânsito."
2026,MG,10,3,351.0,0.5,"Catálogo PBEV/Inmetro; não representa vendas, preço ou autonomia real em trânsito."
2026,MINI,8,4,309.0,0.49,"Catálogo PBEV/Inmetro; não representa vendas, preço ou autonomia real em trânsito."
2026,Mercedes-Benz,25,18,21.5,1.91,"Catálogo PBEV/Inmetro; não representa vendas, preço ou autonomia real em trânsito."
2026,Mitsubishi,2,1,58.0,0.77,"Catálogo PBEV/Inmetro; não representa vendas, preço ou autonomia real em trânsito."
2026,OMODA,6,3,60.0,1.08,"Catálogo PBEV/Inmetro; não representa vendas, preço ou autonomia real em trânsito."
2026,PEUGEOT,5,5,258.0,0.75,"Catálogo PBEV/Inmetro; não representa vendas, preço ou autonomia real em trânsito."
2026,PORSCHE,43,5,415.0,0.69,"Catálogo PBEV/Inmetro; não representa vendas, preço ou autonomia real em trânsito."
2026,RENAULT,5,4,197.5,0.51,"Catálogo PBEV/Inmetro; não representa vendas, preço ou autonomia real em trânsito."
2026,SUZUKI,2,1,305.0,0.56,"Catálogo PBEV/Inmetro; não representa vendas, preço ou autonomia real em trânsito."
2026,TOYOTA,9,4,,1.26,"Catálogo PBEV/Inmetro; não representa vendas, preço ou autonomia real em trânsito."
2026,VOLVO,52,7,250.0,0.68,"Catálogo PBEV/Inmetro; não representa vendas, preço ou autonomia real em trânsito."
2026,ZEEKR,5,3,426.0,0.63,"Catálogo PBEV/Inmetro; não representa vendas, preço ou autonomia real em trânsito."
