marca,jan_ago_2024,jan_ago_2025,jan_ago_2026,acrescimo_2026_2025,crescimento_percentual,contribuicao_crescimento_percentual,escopo
BYD,45364.000000,67238.000000,147007.000000,79769.000000,118.636783,50.899705,"Emplacamentos BEV/PHEV ABVE; frota ampla SENATRAN ago/2026 e indicadores IBGE 2022, quando presentes, são medidas separadas. Recarga ABVE/Tupi ago/2026."
GEELY,0.000000,193.000000,33127.000000,32934.000000,17064.248705,21.014816,"Emplacamentos BEV/PHEV ABVE; frota ampla SENATRAN ago/2026 e indicadores IBGE 2022, quando presentes, são medidas separadas. Recarga ABVE/Tupi ago/2026."
OMODA JAECOO,0.000000,2369.000000,13379.000000,11010.000000,464.753060,7.025358,"Emplacamentos BEV/PHEV ABVE; frota ampla SENATRAN ago/2026 e indicadores IBGE 2022, quando presentes, são medidas separadas. Recarga ABVE/Tupi ago/2026."
GWM,13980.000000,17175.000000,26447.000000,9272.000000,53.985444,5.916359,"Emplacamentos BEV/PHEV ABVE; frota ampla SENATRAN ago/2026 e indicadores IBGE 2022, quando presentes, são medidas separadas. Recarga ABVE/Tupi ago/2026."
LEAPMOTOR,0.000000,0.000000,5961.000000,5961.000000,,3.803647,"Emplacamentos BEV/PHEV ABVE; frota ampla SENATRAN ago/2026 e indicadores IBGE 2022, quando presentes, são medidas separadas. Recarga ABVE/Tupi ago/2026."
GM,77.000000,388.000000,6224.000000,5836.000000,1504.123711,3.723886,"Emplacamentos BEV/PHEV ABVE; frota ampla SENATRAN ago/2026 e indicadores IBGE 2022, quando presentes, são medidas separadas. Recarga ABVE/Tupi ago/2026."
JETOUR,0.000000,0.000000,5382.000000,5382.000000,,3.434194,"Emplacamentos BEV/PHEV ABVE; frota ampla SENATRAN ago/2026 e indicadores IBGE 2022, quando presentes, são medidas separadas. Recarga ABVE/Tupi ago/2026."
GAC,0.000000,637.000000,5130.000000,4493.000000,705.337520,2.866933,"Emplacamentos BEV/PHEV ABVE; frota ampla SENATRAN ago/2026 e indicadores IBGE 2022, quando presentes, são medidas separadas. Recarga ABVE/Tupi ago/2026."
DENZA,0.000000,4.000000,2561.000000,2557.000000,63925.000000,1.631593,"Emplacamentos BEV/PHEV ABVE; frota ampla SENATRAN ago/2026 e indicadores IBGE 2022, quando presentes, são medidas separadas. Recarga ABVE/Tupi ago/2026."
MG,0.000000,2.000000,2312.000000,2310.000000,115500.000000,1.473985,"Emplacamentos BEV/PHEV ABVE; frota ampla SENATRAN ago/2026 e indicadores IBGE 2022, quando presentes, são medidas separadas. Recarga ABVE/Tupi ago/2026."
CAOA CHERY,2103.000000,725.000000,2815.000000,2090.000000,288.275862,1.333606,"Emplacamentos BEV/PHEV ABVE; frota ampla SENATRAN ago/2026 e indicadores IBGE 2022, quando presentes, são medidas separadas. Recarga ABVE/Tupi ago/2026."
MITSUBISHI,0.000000,550.000000,742.000000,192.000000,34.909091,0.122513,"Emplacamentos BEV/PHEV ABVE; frota ampla SENATRAN ago/2026 e indicadores IBGE 2022, quando presentes, são medidas separadas. Recarga ABVE/Tupi ago/2026."
ZEEKR,0.000000,350.000000,522.000000,172.000000,49.142857,0.109751,"Emplacamentos BEV/PHEV ABVE; frota ampla SENATRAN ago/2026 e indicadores IBGE 2022, quando presentes, são medidas separadas. Recarga ABVE/Tupi ago/2026."
NETA,0.000000,92.000000,189.000000,97.000000,105.434783,0.061895,"Emplacamentos BEV/PHEV ABVE; frota ampla SENATRAN ago/2026 e indicadores IBGE 2022, quando presentes, são medidas separadas. Recarga ABVE/Tupi ago/2026."
FARIZON,0.000000,0.000000,83.000000,83.000000,,0.052961,"Emplacamentos BEV/PHEV ABVE; frota ampla SENATRAN ago/2026 e indicadores IBGE 2022, quando presentes, são medidas separadas. Recarga ABVE/Tupi ago/2026."
FOTON,0.000000,2.000000,84.000000,82.000000,4100.000000,0.052323,"Emplacamentos BEV/PHEV ABVE; frota ampla SENATRAN ago/2026 e indicadores IBGE 2022, quando presentes, são medidas separadas. Recarga ABVE/Tupi ago/2026."
SUZUKI,0.000000,0.000000,60.000000,60.000000,,0.038285,"Emplacamentos BEV/PHEV ABVE; frota ampla SENATRAN ago/2026 e indicadores IBGE 2022, quando presentes, são medidas separadas. Recarga ABVE/Tupi ago/2026."
FEVER,0.000000,28.000000,86.000000,58.000000,207.142857,0.037009,"Emplacamentos BEV/PHEV ABVE; frota ampla SENATRAN ago/2026 e indicadores IBGE 2022, quando presentes, são medidas separadas. Recarga ABVE/Tupi ago/2026."
LEXUS,4.000000,150.000000,201.000000,51.000000,34.000000,0.032543,"Emplacamentos BEV/PHEV ABVE; frota ampla SENATRAN ago/2026 e indicadores IBGE 2022, quando presentes, são medidas separadas. Recarga ABVE/Tupi ago/2026."
HITECH E,0.000000,0.000000,45.000000,45.000000,,0.028714,"Emplacamentos BEV/PHEV ABVE; frota ampla SENATRAN ago/2026 e indicadores IBGE 2022, quando presentes, são medidas separadas. Recarga ABVE/Tupi ago/2026."
CADILLAC,0.000000,6.000000,25.000000,19.000000,316.666667,0.012124,"Emplacamentos BEV/PHEV ABVE; frota ampla SENATRAN ago/2026 e indicadores IBGE 2022, quando presentes, são medidas separadas. Recarga ABVE/Tupi ago/2026."
RIDDARA,0.000000,24.000000,42.000000,18.000000,75.000000,0.011486,"Emplacamentos BEV/PHEV ABVE; frota ampla SENATRAN ago/2026 e indicadores IBGE 2022, quando presentes, são medidas separadas. Recarga ABVE/Tupi ago/2026."
Desconhecido,0.000000,0.000000,13.000000,13.000000,,0.008295,"Emplacamentos BEV/PHEV ABVE; frota ampla SENATRAN ago/2026 e indicadores IBGE 2022, quando presentes, são medidas separadas. Recarga ABVE/Tupi ago/2026."
LAMBORGHINI,5.000000,19.000000,32.000000,13.000000,68.421053,0.008295,"Emplacamentos BEV/PHEV ABVE; frota ampla SENATRAN ago/2026 e indicadores IBGE 2022, quando presentes, são medidas separadas. Recarga ABVE/Tupi ago/2026."
FIAT,12.000000,8.000000,19.000000,11.000000,137.500000,0.007019,"Emplacamentos BEV/PHEV ABVE; frota ampla SENATRAN ago/2026 e indicadores IBGE 2022, quando presentes, são medidas separadas. Recarga ABVE/Tupi ago/2026."
FERRARI,63.000000,32.000000,42.000000,10.000000,31.250000,0.006381,"Emplacamentos BEV/PHEV ABVE; frota ampla SENATRAN ago/2026 e indicadores IBGE 2022, quando presentes, são medidas separadas. Recarga ABVE/Tupi ago/2026."
ASTON MARTIN,0.000000,0.000000,8.000000,8.000000,,0.005105,"Emplacamentos BEV/PHEV ABVE; frota ampla SENATRAN ago/2026 e indicadores IBGE 2022, quando presentes, são medidas separadas. Recarga ABVE/Tupi ago/2026."
CAOA CHANGAN,0.000000,0.000000,8.000000,8.000000,,0.005105,"Emplacamentos BEV/PHEV ABVE; frota ampla SENATRAN ago/2026 e indicadores IBGE 2022, quando presentes, são medidas separadas. Recarga ABVE/Tupi ago/2026."
PEUGEOT,355.000000,6.000000,14.000000,8.000000,133.333333,0.005105,"Emplacamentos BEV/PHEV ABVE; frota ampla SENATRAN ago/2026 e indicadores IBGE 2022, quando presentes, são medidas separadas. Recarga ABVE/Tupi ago/2026."
VITORIA,0.000000,0.000000,4.000000,4.000000,,0.002552,"Emplacamentos BEV/PHEV ABVE; frota ampla SENATRAN ago/2026 e indicadores IBGE 2022, quando presentes, são medidas separadas. Recarga ABVE/Tupi ago/2026."
RADAR,0.000000,0.000000,4.000000,4.000000,,0.002552,"Emplacamentos BEV/PHEV ABVE; frota ampla SENATRAN ago/2026 e indicadores IBGE 2022, quando presentes, são medidas separadas. Recarga ABVE/Tupi ago/2026."
AVATR,0.000000,0.000000,3.000000,3.000000,,0.001914,"Emplacamentos BEV/PHEV ABVE; frota ampla SENATRAN ago/2026 e indicadores IBGE 2022, quando presentes, são medidas separadas. Recarga ABVE/Tupi ago/2026."
MON,0.000000,0.000000,3.000000,3.000000,,0.001914,"Emplacamentos BEV/PHEV ABVE; frota ampla SENATRAN ago/2026 e indicadores IBGE 2022, quando presentes, são medidas separadas. Recarga ABVE/Tupi ago/2026."
ROLLS ROYCE,1.000000,1.000000,2.000000,1.000000,100.000000,0.000638,"Emplacamentos BEV/PHEV ABVE; frota ampla SENATRAN ago/2026 e indicadores IBGE 2022, quando presentes, são medidas separadas. Recarga ABVE/Tupi ago/2026."
LIFAN,0.000000,0.000000,1.000000,1.000000,,0.000638,"Emplacamentos BEV/PHEV ABVE; frota ampla SENATRAN ago/2026 e indicadores IBGE 2022, quando presentes, são medidas separadas. Recarga ABVE/Tupi ago/2026."
LUXEED,0.000000,0.000000,1.000000,1.000000,,0.000638,"Emplacamentos BEV/PHEV ABVE; frota ampla SENATRAN ago/2026 e indicadores IBGE 2022, quando presentes, são medidas separadas. Recarga ABVE/Tupi ago/2026."
LUCID,0.000000,0.000000,1.000000,1.000000,,0.000638,"Emplacamentos BEV/PHEV ABVE; frota ampla SENATRAN ago/2026 e indicadores IBGE 2022, quando presentes, são medidas separadas. Recarga ABVE/Tupi ago/2026."
DODGE,0.000000,0.000000,1.000000,1.000000,,0.000638,"Emplacamentos BEV/PHEV ABVE; frota ampla SENATRAN ago/2026 e indicadores IBGE 2022, quando presentes, são medidas separadas. Recarga ABVE/Tupi ago/2026."
SAIC MAXUS,2.000000,0.000000,0.000000,0.000000,,0.000000,"Emplacamentos BEV/PHEV ABVE; frota ampla SENATRAN ago/2026 e indicadores IBGE 2022, quando presentes, são medidas separadas. Recarga ABVE/Tupi ago/2026."
HENREY,6.000000,0.000000,0.000000,0.000000,,0.000000,"Emplacamentos BEV/PHEV ABVE; frota ampla SENATRAN ago/2026 e indicadores IBGE 2022, quando presentes, são medidas separadas. Recarga ABVE/Tupi ago/2026."
CHRYSLER,12.000000,1.000000,1.000000,0.000000,0.000000,0.000000,"Emplacamentos BEV/PHEV ABVE; frota ampla SENATRAN ago/2026 e indicadores IBGE 2022, quando presentes, são medidas separadas. Recarga ABVE/Tupi ago/2026."
SINOGOLD,1.000000,0.000000,0.000000,0.000000,,0.000000,"Emplacamentos BEV/PHEV ABVE; frota ampla SENATRAN ago/2026 e indicadores IBGE 2022, quando presentes, são medidas separadas. Recarga ABVE/Tupi ago/2026."
SWM,1.000000,0.000000,0.000000,0.000000,,0.000000,"Emplacamentos BEV/PHEV ABVE; frota ampla SENATRAN ago/2026 e indicadores IBGE 2022, quando presentes, são medidas separadas. Recarga ABVE/Tupi ago/2026."
RDK,0.000000,1.000000,1.000000,0.000000,0.000000,0.000000,"Emplacamentos BEV/PHEV ABVE; frota ampla SENATRAN ago/2026 e indicadores IBGE 2022, quando presentes, são medidas separadas. Recarga ABVE/Tupi ago/2026."
JMEV,0.000000,2.000000,2.000000,0.000000,0.000000,0.000000,"Emplacamentos BEV/PHEV ABVE; frota ampla SENATRAN ago/2026 e indicadores IBGE 2022, quando presentes, são medidas separadas. Recarga ABVE/Tupi ago/2026."
SMART,0.000000,1.000000,0.000000,-1.000000,-100.000000,-0.000638,"Emplacamentos BEV/PHEV ABVE; frota ampla SENATRAN ago/2026 e indicadores IBGE 2022, quando presentes, são medidas separadas. Recarga ABVE/Tupi ago/2026."
CITROEN,2.000000,1.000000,0.000000,-1.000000,-100.000000,-0.000638,"Emplacamentos BEV/PHEV ABVE; frota ampla SENATRAN ago/2026 e indicadores IBGE 2022, quando presentes, são medidas separadas. Recarga ABVE/Tupi ago/2026."
BAIC,0.000000,2.000000,1.000000,-1.000000,-50.000000,-0.000638,"Emplacamentos BEV/PHEV ABVE; frota ampla SENATRAN ago/2026 e indicadores IBGE 2022, quando presentes, são medidas separadas. Recarga ABVE/Tupi ago/2026."
IVECO,0.000000,1.000000,0.000000,-1.000000,-100.000000,-0.000638,"Emplacamentos BEV/PHEV ABVE; frota ampla SENATRAN ago/2026 e indicadores IBGE 2022, quando presentes, são medidas separadas. Recarga ABVE/Tupi ago/2026."
MCLAREN,12.000000,7.000000,6.000000,-1.000000,-14.285714,-0.000638,"Emplacamentos BEV/PHEV ABVE; frota ampla SENATRAN ago/2026 e indicadores IBGE 2022, quando presentes, são medidas separadas. Recarga ABVE/Tupi ago/2026."
KEYTON,0.000000,1.000000,0.000000,-1.000000,-100.000000,-0.000638,"Emplacamentos BEV/PHEV ABVE; frota ampla SENATRAN ago/2026 e indicadores IBGE 2022, quando presentes, são medidas separadas. Recarga ABVE/Tupi ago/2026."
RIVIAN,1.000000,1.000000,0.000000,-1.000000,-100.000000,-0.000638,"Emplacamentos BEV/PHEV ABVE; frota ampla SENATRAN ago/2026 e indicadores IBGE 2022, quando presentes, são medidas separadas. Recarga ABVE/Tupi ago/2026."
TESLA,11.000000,4.000000,3.000000,-1.000000,-25.000000,-0.000638,"Emplacamentos BEV/PHEV ABVE; frota ampla SENATRAN ago/2026 e indicadores IBGE 2022, quando presentes, são medidas separadas. Recarga ABVE/Tupi ago/2026."
CHANGAN,0.000000,2.000000,0.000000,-2.000000,-100.000000,-0.001276,"Emplacamentos BEV/PHEV ABVE; frota ampla SENATRAN ago/2026 e indicadores IBGE 2022, quando presentes, são medidas separadas. Recarga ABVE/Tupi ago/2026."
DFSK,0.000000,2.000000,0.000000,-2.000000,-100.000000,-0.001276,"Emplacamentos BEV/PHEV ABVE; frota ampla SENATRAN ago/2026 e indicadores IBGE 2022, quando presentes, são medidas separadas. Recarga ABVE/Tupi ago/2026."
FANG CHENG BAO,0.000000,2.000000,0.000000,-2.000000,-100.000000,-0.001276,"Emplacamentos BEV/PHEV ABVE; frota ampla SENATRAN ago/2026 e indicadores IBGE 2022, quando presentes, são medidas separadas. Recarga ABVE/Tupi ago/2026."
KIA,4.000000,14.000000,11.000000,-3.000000,-21.428571,-0.001914,"Emplacamentos BEV/PHEV ABVE; frota ampla SENATRAN ago/2026 e indicadores IBGE 2022, quando presentes, são medidas separadas. Recarga ABVE/Tupi ago/2026."
GMC,23.000000,7.000000,3.000000,-4.000000,-57.142857,-0.002552,"Emplacamentos BEV/PHEV ABVE; frota ampla SENATRAN ago/2026 e indicadores IBGE 2022, quando presentes, são medidas separadas. Recarga ABVE/Tupi ago/2026."
BENTLEY,0.000000,6.000000,1.000000,-5.000000,-83.333333,-0.003190,"Emplacamentos BEV/PHEV ABVE; frota ampla SENATRAN ago/2026 e indicadores IBGE 2022, quando presentes, são medidas separadas. Recarga ABVE/Tupi ago/2026."
SERES,0.000000,6.000000,0.000000,-6.000000,-100.000000,-0.003829,"Emplacamentos BEV/PHEV ABVE; frota ampla SENATRAN ago/2026 e indicadores IBGE 2022, quando presentes, são medidas separadas. Recarga ABVE/Tupi ago/2026."
HYUNDAI,3.000000,15.000000,8.000000,-7.000000,-46.666667,-0.004467,"Emplacamentos BEV/PHEV ABVE; frota ampla SENATRAN ago/2026 e indicadores IBGE 2022, quando presentes, são medidas separadas. Recarga ABVE/Tupi ago/2026."
SOKON,3.000000,11.000000,3.000000,-8.000000,-72.727273,-0.005105,"Emplacamentos BEV/PHEV ABVE; frota ampla SENATRAN ago/2026 e indicadores IBGE 2022, quando presentes, são medidas separadas. Recarga ABVE/Tupi ago/2026."
JAGUAR,130.000000,14.000000,0.000000,-14.000000,-100.000000,-0.008933,"Emplacamentos BEV/PHEV ABVE; frota ampla SENATRAN ago/2026 e indicadores IBGE 2022, quando presentes, são medidas separadas. Recarga ABVE/Tupi ago/2026."
HITECH,20.000000,14.000000,0.000000,-14.000000,-100.000000,-0.008933,"Emplacamentos BEV/PHEV ABVE; frota ampla SENATRAN ago/2026 e indicadores IBGE 2022, quando presentes, são medidas separadas. Recarga ABVE/Tupi ago/2026."
ARROW,23.000000,27.000000,5.000000,-22.000000,-81.481481,-0.014038,"Emplacamentos BEV/PHEV ABVE; frota ampla SENATRAN ago/2026 e indicadores IBGE 2022, quando presentes, são medidas separadas. Recarga ABVE/Tupi ago/2026."
NISSAN,33.000000,24.000000,1.000000,-23.000000,-95.833333,-0.014676,"Emplacamentos BEV/PHEV ABVE; frota ampla SENATRAN ago/2026 e indicadores IBGE 2022, quando presentes, são medidas separadas. Recarga ABVE/Tupi ago/2026."
FORD,205.000000,66.000000,40.000000,-26.000000,-39.393939,-0.016590,"Emplacamentos BEV/PHEV ABVE; frota ampla SENATRAN ago/2026 e indicadores IBGE 2022, quando presentes, são medidas separadas. Recarga ABVE/Tupi ago/2026."
DONGFENG,8.000000,31.000000,3.000000,-28.000000,-90.322581,-0.017866,"Emplacamentos BEV/PHEV ABVE; frota ampla SENATRAN ago/2026 e indicadores IBGE 2022, quando presentes, são medidas separadas. Recarga ABVE/Tupi ago/2026."
MINI,520.000000,345.000000,314.000000,-31.000000,-8.985507,-0.019781,"Emplacamentos BEV/PHEV ABVE; frota ampla SENATRAN ago/2026 e indicadores IBGE 2022, quando presentes, são medidas separadas. Recarga ABVE/Tupi ago/2026."
VW,74.000000,85.000000,29.000000,-56.000000,-65.882353,-0.035733,"Emplacamentos BEV/PHEV ABVE; frota ampla SENATRAN ago/2026 e indicadores IBGE 2022, quando presentes, são medidas separadas. Recarga ABVE/Tupi ago/2026."
TOYOTA,126.000000,114.000000,53.000000,-61.000000,-53.508772,-0.038923,"Emplacamentos BEV/PHEV ABVE; frota ampla SENATRAN ago/2026 e indicadores IBGE 2022, quando presentes, são medidas separadas. Recarga ABVE/Tupi ago/2026."
JEEP,149.000000,104.000000,0.000000,-104.000000,-100.000000,-0.066361,"Emplacamentos BEV/PHEV ABVE; frota ampla SENATRAN ago/2026 e indicadores IBGE 2022, quando presentes, são medidas separadas. Recarga ABVE/Tupi ago/2026."
JAC,1015.000000,398.000000,196.000000,-202.000000,-50.753769,-0.128894,"Emplacamentos BEV/PHEV ABVE; frota ampla SENATRAN ago/2026 e indicadores IBGE 2022, quando presentes, são medidas separadas. Recarga ABVE/Tupi ago/2026."
LAND ROVER,363.000000,703.000000,296.000000,-407.000000,-57.894737,-0.259702,"Emplacamentos BEV/PHEV ABVE; frota ampla SENATRAN ago/2026 e indicadores IBGE 2022, quando presentes, são medidas separadas. Recarga ABVE/Tupi ago/2026."
AUDI,678.000000,558.000000,58.000000,-500.000000,-89.605735,-0.319044,"Emplacamentos BEV/PHEV ABVE; frota ampla SENATRAN ago/2026 e indicadores IBGE 2022, quando presentes, são medidas separadas. Recarga ABVE/Tupi ago/2026."
PORSCHE,1232.000000,1582.000000,972.000000,-610.000000,-38.558786,-0.389234,"Emplacamentos BEV/PHEV ABVE; frota ampla SENATRAN ago/2026 e indicadores IBGE 2022, quando presentes, são medidas separadas. Recarga ABVE/Tupi ago/2026."
M.BENZ,486.000000,849.000000,202.000000,-647.000000,-76.207303,-0.412843,"Emplacamentos BEV/PHEV ABVE; frota ampla SENATRAN ago/2026 e indicadores IBGE 2022, quando presentes, são medidas separadas. Recarga ABVE/Tupi ago/2026."
RENAULT,900.000000,1084.000000,257.000000,-827.000000,-76.291513,-0.527699,"Emplacamentos BEV/PHEV ABVE; frota ampla SENATRAN ago/2026 e indicadores IBGE 2022, quando presentes, são medidas separadas. Recarga ABVE/Tupi ago/2026."
VOLVO,5796.000000,6013.000000,5007.000000,-1006.000000,-16.730417,-0.641917,"Emplacamentos BEV/PHEV ABVE; frota ampla SENATRAN ago/2026 e indicadores IBGE 2022, quando presentes, são medidas separadas. Recarga ABVE/Tupi ago/2026."
BMW,2956.000000,2194.000000,956.000000,-1238.000000,-56.426618,-0.789954,"Emplacamentos BEV/PHEV ABVE; frota ampla SENATRAN ago/2026 e indicadores IBGE 2022, quando presentes, são medidas separadas. Recarga ABVE/Tupi ago/2026."
