uf,jan_ago_2024,jan_ago_2025,jan_ago_2026,acrescimo_2026_2025,crescimento_percentual,contribuicao_crescimento_percentual,escopo
SP,24482,29561,64744,35183,119.018301,22.449878,"Emplacamentos BEV/PHEV ABVE; frota ampla SENATRAN ago/2026 e indicadores IBGE 2022, quando presentes, são medidas separadas. Recarga ABVE/Tupi ago/2026."
MG,4370,6271,20026,13755,219.343007,8.776911,"Emplacamentos BEV/PHEV ABVE; frota ampla SENATRAN ago/2026 e indicadores IBGE 2022, quando presentes, são medidas separadas. Recarga ABVE/Tupi ago/2026."
DF,7083,10758,23564,12806,119.036996,8.171365,"Emplacamentos BEV/PHEV ABVE; frota ampla SENATRAN ago/2026 e indicadores IBGE 2022, quando presentes, são medidas separadas. Recarga ABVE/Tupi ago/2026."
PR,5258,6454,18279,11825,183.219709,7.545400,"Emplacamentos BEV/PHEV ABVE; frota ampla SENATRAN ago/2026 e indicadores IBGE 2022, quando presentes, são medidas separadas. Recarga ABVE/Tupi ago/2026."
RS,3940,5700,16358,10658,186.982456,6.800750,"Emplacamentos BEV/PHEV ABVE; frota ampla SENATRAN ago/2026 e indicadores IBGE 2022, quando presentes, são medidas separadas. Recarga ABVE/Tupi ago/2026."
RJ,5192,6545,14860,8315,127.043545,5.305708,"Emplacamentos BEV/PHEV ABVE; frota ampla SENATRAN ago/2026 e indicadores IBGE 2022, quando presentes, são medidas separadas. Recarga ABVE/Tupi ago/2026."
BA,2233,4362,11960,7598,174.186153,4.848199,"Emplacamentos BEV/PHEV ABVE; frota ampla SENATRAN ago/2026 e indicadores IBGE 2022, quando presentes, são medidas separadas. Recarga ABVE/Tupi ago/2026."
PE,2202,3881,11453,7572,195.104355,4.831608,"Emplacamentos BEV/PHEV ABVE; frota ampla SENATRAN ago/2026 e indicadores IBGE 2022, quando presentes, são medidas separadas. Recarga ABVE/Tupi ago/2026."
SC,5271,6912,13866,6954,100.607639,4.437269,"Emplacamentos BEV/PHEV ABVE; frota ampla SENATRAN ago/2026 e indicadores IBGE 2022, quando presentes, são medidas separadas. Recarga ABVE/Tupi ago/2026."
GO,2220,3143,8291,5148,163.792555,3.284881,"Emplacamentos BEV/PHEV ABVE; frota ampla SENATRAN ago/2026 e indicadores IBGE 2022, quando presentes, são medidas separadas. Recarga ABVE/Tupi ago/2026."
CE,1974,2877,7746,4869,169.238790,3.106854,"Emplacamentos BEV/PHEV ABVE; frota ampla SENATRAN ago/2026 e indicadores IBGE 2022, quando presentes, são medidas separadas. Recarga ABVE/Tupi ago/2026."
RN,1273,1492,5411,3919,262.667560,2.500670,"Emplacamentos BEV/PHEV ABVE; frota ampla SENATRAN ago/2026 e indicadores IBGE 2022, quando presentes, são medidas separadas. Recarga ABVE/Tupi ago/2026."
PB,679,1251,4999,3748,299.600320,2.391557,"Emplacamentos BEV/PHEV ABVE; frota ampla SENATRAN ago/2026 e indicadores IBGE 2022, quando presentes, são medidas separadas. Recarga ABVE/Tupi ago/2026."
AL,1119,1826,5108,3282,179.737130,2.094207,"Emplacamentos BEV/PHEV ABVE; frota ampla SENATRAN ago/2026 e indicadores IBGE 2022, quando presentes, são medidas separadas. Recarga ABVE/Tupi ago/2026."
MT,1263,1640,4728,3088,188.292683,1.970418,"Emplacamentos BEV/PHEV ABVE; frota ampla SENATRAN ago/2026 e indicadores IBGE 2022, quando presentes, são medidas separadas. Recarga ABVE/Tupi ago/2026."
ES,2638,3031,6006,2975,98.152425,1.898314,"Emplacamentos BEV/PHEV ABVE; frota ampla SENATRAN ago/2026 e indicadores IBGE 2022, quando presentes, são medidas separadas. Recarga ABVE/Tupi ago/2026."
AM,843,1548,4055,2507,161.950904,1.599689,"Emplacamentos BEV/PHEV ABVE; frota ampla SENATRAN ago/2026 e indicadores IBGE 2022, quando presentes, são medidas separadas. Recarga ABVE/Tupi ago/2026."
PA,686,1107,3326,2219,200.451671,1.415919,"Emplacamentos BEV/PHEV ABVE; frota ampla SENATRAN ago/2026 e indicadores IBGE 2022, quando presentes, são medidas separadas. Recarga ABVE/Tupi ago/2026."
MA,938,1235,3425,2190,177.327935,1.397414,"Emplacamentos BEV/PHEV ABVE; frota ampla SENATRAN ago/2026 e indicadores IBGE 2022, quando presentes, são medidas separadas. Recarga ABVE/Tupi ago/2026."
SE,557,783,2834,2051,261.941252,1.308720,"Emplacamentos BEV/PHEV ABVE; frota ampla SENATRAN ago/2026 e indicadores IBGE 2022, quando presentes, são medidas separadas. Recarga ABVE/Tupi ago/2026."
PI,689,901,2546,1645,182.574917,1.049656,"Emplacamentos BEV/PHEV ABVE; frota ampla SENATRAN ago/2026 e indicadores IBGE 2022, quando presentes, são medidas separadas. Recarga ABVE/Tupi ago/2026."
RO,388,845,2073,1228,145.325444,0.783573,"Emplacamentos BEV/PHEV ABVE; frota ampla SENATRAN ago/2026 e indicadores IBGE 2022, quando presentes, são medidas separadas. Recarga ABVE/Tupi ago/2026."
MS,899,1099,2084,985,89.626934,0.628517,"Emplacamentos BEV/PHEV ABVE; frota ampla SENATRAN ago/2026 e indicadores IBGE 2022, quando presentes, são medidas separadas. Recarga ABVE/Tupi ago/2026."
TO,308,436,1409,973,223.165138,0.620860,"Emplacamentos BEV/PHEV ABVE; frota ampla SENATRAN ago/2026 e indicadores IBGE 2022, quando presentes, são medidas separadas. Recarga ABVE/Tupi ago/2026."
AC,86,173,616,443,256.069364,0.282673,"Emplacamentos BEV/PHEV ABVE; frota ampla SENATRAN ago/2026 e indicadores IBGE 2022, quando presentes, são medidas separadas. Recarga ABVE/Tupi ago/2026."
AP,63,286,713,427,149.300699,0.272464,"Emplacamentos BEV/PHEV ABVE; frota ampla SENATRAN ago/2026 e indicadores IBGE 2022, quando presentes, são medidas separadas. Recarga ABVE/Tupi ago/2026."
RR,105,174,529,355,204.022989,0.226522,"Emplacamentos BEV/PHEV ABVE; frota ampla SENATRAN ago/2026 e indicadores IBGE 2022, quando presentes, são medidas separadas. Recarga ABVE/Tupi ago/2026."
