categoria_fenabrave,etapa,metodo,horizonte_meses,n_previsoes,mae,rmse,wape_percentual,fonte,segmento_veiculos,sha256_silver,versao_sklearn
eletricos,teste,media_3m,1,7,4817.9048,5324.4225,24.9429,FENABRAVE,autos_e_comerciais_leves,54be1711dced6b43a3932a5a75f842480cb656e33d6114d3cf189b8050912195,1.9.1
eletricos,teste,persistencia,1,7,2704.8571,3307.975,14.0034,FENABRAVE,autos_e_comerciais_leves,54be1711dced6b43a3932a5a75f842480cb656e33d6114d3cf189b8050912195,1.9.1
eletricos,teste,random_forest,1,7,7120.9496,7727.6194,36.8661,FENABRAVE,autos_e_comerciais_leves,54be1711dced6b43a3932a5a75f842480cb656e33d6114d3cf189b8050912195,1.9.1
eletricos,teste,ridge,1,7,2866.9038,3683.0936,14.8423,FENABRAVE,autos_e_comerciais_leves,54be1711dced6b43a3932a5a75f842480cb656e33d6114d3cf189b8050912195,1.9.1
eletricos,teste,sazonal_12m,1,7,13394.2857,14288.8752,69.344,FENABRAVE,autos_e_comerciais_leves,54be1711dced6b43a3932a5a75f842480cb656e33d6114d3cf189b8050912195,1.9.1
eletricos,teste,media_3m,2,6,7838.2222,8007.8699,37.1638,FENABRAVE,autos_e_comerciais_leves,54be1711dced6b43a3932a5a75f842480cb656e33d6114d3cf189b8050912195,1.9.1
eletricos,teste,persistencia,2,6,6008,6221.5309,28.4861,FENABRAVE,autos_e_comerciais_leves,54be1711dced6b43a3932a5a75f842480cb656e33d6114d3cf189b8050912195,1.9.1
eletricos,teste,random_forest,2,6,10026.0887,10259.1774,47.5373,FENABRAVE,autos_e_comerciais_leves,54be1711dced6b43a3932a5a75f842480cb656e33d6114d3cf189b8050912195,1.9.1
eletricos,teste,ridge,2,6,4886.5269,5613.2582,23.1688,FENABRAVE,autos_e_comerciais_leves,54be1711dced6b43a3932a5a75f842480cb656e33d6114d3cf189b8050912195,1.9.1
eletricos,teste,sazonal_12m,2,6,14931.1667,15339.4358,70.794,FENABRAVE,autos_e_comerciais_leves,54be1711dced6b43a3932a5a75f842480cb656e33d6114d3cf189b8050912195,1.9.1
eletricos,teste,media_3m,3,5,10566.7333,10654.8882,46.9649,FENABRAVE,autos_e_comerciais_leves,54be1711dced6b43a3932a5a75f842480cb656e33d6114d3cf189b8050912195,1.9.1
eletricos,teste,persistencia,3,5,8625.4,8879.4756,38.3365,FENABRAVE,autos_e_comerciais_leves,54be1711dced6b43a3932a5a75f842480cb656e33d6114d3cf189b8050912195,1.9.1
eletricos,teste,random_forest,3,5,12289.3189,12436.636,54.6211,FENABRAVE,autos_e_comerciais_leves,54be1711dced6b43a3932a5a75f842480cb656e33d6114d3cf189b8050912195,1.9.1
eletricos,teste,ridge,3,5,6882.1472,7304.8576,30.5884,FENABRAVE,autos_e_comerciais_leves,54be1711dced6b43a3932a5a75f842480cb656e33d6114d3cf189b8050912195,1.9.1
eletricos,teste,sazonal_12m,3,5,16067.2,16286.2441,71.4123,FENABRAVE,autos_e_comerciais_leves,54be1711dced6b43a3932a5a75f842480cb656e33d6114d3cf189b8050912195,1.9.1
eletricos,validacao,media_3m,1,6,1270.1111,1721.6097,15.0886,FENABRAVE,autos_e_comerciais_leves,54be1711dced6b43a3932a5a75f842480cb656e33d6114d3cf189b8050912195,1.9.1
eletricos,validacao,persistencia,1,6,1572.1667,2247.6806,18.677,FENABRAVE,autos_e_comerciais_leves,54be1711dced6b43a3932a5a75f842480cb656e33d6114d3cf189b8050912195,1.9.1
eletricos,validacao,random_forest,1,6,1680.9197,2188.0241,19.969,FENABRAVE,autos_e_comerciais_leves,54be1711dced6b43a3932a5a75f842480cb656e33d6114d3cf189b8050912195,1.9.1
eletricos,validacao,ridge,1,6,1563.7196,2176.208,18.5766,FENABRAVE,autos_e_comerciais_leves,54be1711dced6b43a3932a5a75f842480cb656e33d6114d3cf189b8050912195,1.9.1
eletricos,validacao,sazonal_12m,1,6,3515.6667,3986.3932,41.7653,FENABRAVE,autos_e_comerciais_leves,54be1711dced6b43a3932a5a75f842480cb656e33d6114d3cf189b8050912195,1.9.1
eletricos,validacao,media_3m,2,5,1392.4,1843.0412,16.2273,FENABRAVE,autos_e_comerciais_leves,54be1711dced6b43a3932a5a75f842480cb656e33d6114d3cf189b8050912195,1.9.1
eletricos,validacao,persistencia,2,5,1350.4,1782.8313,15.7378,FENABRAVE,autos_e_comerciais_leves,54be1711dced6b43a3932a5a75f842480cb656e33d6114d3cf189b8050912195,1.9.1
eletricos,validacao,random_forest,2,5,2300.1828,2698.3959,26.8068,FENABRAVE,autos_e_comerciais_leves,54be1711dced6b43a3932a5a75f842480cb656e33d6114d3cf189b8050912195,1.9.1
eletricos,validacao,ridge,2,5,2416.7105,2786.2621,28.1648,FENABRAVE,autos_e_comerciais_leves,54be1711dced6b43a3932a5a75f842480cb656e33d6114d3cf189b8050912195,1.9.1
eletricos,validacao,sazonal_12m,2,5,3721.2,4222.7442,43.3676,FENABRAVE,autos_e_comerciais_leves,54be1711dced6b43a3932a5a75f842480cb656e33d6114d3cf189b8050912195,1.9.1
eletricos,validacao,media_3m,3,4,1509.9167,2109.6279,17.3185,FENABRAVE,autos_e_comerciais_leves,54be1711dced6b43a3932a5a75f842480cb656e33d6114d3cf189b8050912195,1.9.1
eletricos,validacao,persistencia,3,4,1275.5,1821.6494,14.6298,FENABRAVE,autos_e_comerciais_leves,54be1711dced6b43a3932a5a75f842480cb656e33d6114d3cf189b8050912195,1.9.1
eletricos,validacao,random_forest,3,4,2737.7119,3153.172,31.4012,FENABRAVE,autos_e_comerciais_leves,54be1711dced6b43a3932a5a75f842480cb656e33d6114d3cf189b8050912195,1.9.1
eletricos,validacao,ridge,3,4,3278.8895,3637.0531,37.6084,FENABRAVE,autos_e_comerciais_leves,54be1711dced6b43a3932a5a75f842480cb656e33d6114d3cf189b8050912195,1.9.1
eletricos,validacao,sazonal_12m,3,4,3820.5,4418.961,43.8206,FENABRAVE,autos_e_comerciais_leves,54be1711dced6b43a3932a5a75f842480cb656e33d6114d3cf189b8050912195,1.9.1
hibridos,teste,media_3m,1,7,4775.2381,5011.7641,16.0118,FENABRAVE,autos_e_comerciais_leves,54be1711dced6b43a3932a5a75f842480cb656e33d6114d3cf189b8050912195,1.9.1
hibridos,teste,persistencia,1,7,2533.4286,3426.6771,8.4948,FENABRAVE,autos_e_comerciais_leves,54be1711dced6b43a3932a5a75f842480cb656e33d6114d3cf189b8050912195,1.9.1
hibridos,teste,random_forest,1,7,6061.2061,6645.0858,20.3237,FENABRAVE,autos_e_comerciais_leves,54be1711dced6b43a3932a5a75f842480cb656e33d6114d3cf189b8050912195,1.9.1
hibridos,teste,ridge,1,7,4328.4505,4611.8328,14.5137,FENABRAVE,autos_e_comerciais_leves,54be1711dced6b43a3932a5a75f842480cb656e33d6114d3cf189b8050912195,1.9.1
hibridos,teste,sazonal_12m,1,7,14602,15140.5714,48.9617,FENABRAVE,autos_e_comerciais_leves,54be1711dced6b43a3932a5a75f842480cb656e33d6114d3cf189b8050912195,1.9.1
hibridos,teste,media_3m,2,6,7028.7222,7443.5145,22.2732,FENABRAVE,autos_e_comerciais_leves,54be1711dced6b43a3932a5a75f842480cb656e33d6114d3cf189b8050912195,1.9.1
hibridos,teste,persistencia,2,6,5803.3333,5953.0922,18.3901,FENABRAVE,autos_e_comerciais_leves,54be1711dced6b43a3932a5a75f842480cb656e33d6114d3cf189b8050912195,1.9.1
hibridos,teste,random_forest,2,6,8814.9044,9045.0239,27.9334,FENABRAVE,autos_e_comerciais_leves,54be1711dced6b43a3932a5a75f842480cb656e33d6114d3cf189b8050912195,1.9.1
hibridos,teste,ridge,2,6,6151.72,6604.3132,19.4941,FENABRAVE,autos_e_comerciais_leves,54be1711dced6b43a3932a5a75f842480cb656e33d6114d3cf189b8050912195,1.9.1
hibridos,teste,sazonal_12m,2,6,15755.1667,16050.077,49.9263,FENABRAVE,autos_e_comerciais_leves,54be1711dced6b43a3932a5a75f842480cb656e33d6114d3cf189b8050912195,1.9.1
hibridos,teste,media_3m,3,5,9240.6667,9753.695,28.2793,FENABRAVE,autos_e_comerciais_leves,54be1711dced6b43a3932a5a75f842480cb656e33d6114d3cf189b8050912195,1.9.1
hibridos,teste,persistencia,3,5,8447,8688.7839,25.8505,FENABRAVE,autos_e_comerciais_leves,54be1711dced6b43a3932a5a75f842480cb656e33d6114d3cf189b8050912195,1.9.1
hibridos,teste,random_forest,3,5,10311.8517,10608.3604,31.5575,FENABRAVE,autos_e_comerciais_leves,54be1711dced6b43a3932a5a75f842480cb656e33d6114d3cf189b8050912195,1.9.1
hibridos,teste,ridge,3,5,7341.9305,7974.2457,22.4686,FENABRAVE,autos_e_comerciais_leves,54be1711dced6b43a3932a5a75f842480cb656e33d6114d3cf189b8050912195,1.9.1
hibridos,teste,sazonal_12m,3,5,16335.2,16615.5277,49.9908,FENABRAVE,autos_e_comerciais_leves,54be1711dced6b43a3932a5a75f842480cb656e33d6114d3cf189b8050912195,1.9.1
hibridos,validacao,media_3m,1,6,2838.6111,4047.4032,13.8571,FENABRAVE,autos_e_comerciais_leves,54be1711dced6b43a3932a5a75f842480cb656e33d6114d3cf189b8050912195,1.9.1
hibridos,validacao,persistencia,1,6,3663.1667,5367.2831,17.8823,FENABRAVE,autos_e_comerciais_leves,54be1711dced6b43a3932a5a75f842480cb656e33d6114d3cf189b8050912195,1.9.1
hibridos,validacao,random_forest,1,6,3534.9468,4780.3294,17.2564,FENABRAVE,autos_e_comerciais_leves,54be1711dced6b43a3932a5a75f842480cb656e33d6114d3cf189b8050912195,1.9.1
hibridos,validacao,ridge,1,6,3038.1924,4128.0014,14.8314,FENABRAVE,autos_e_comerciais_leves,54be1711dced6b43a3932a5a75f842480cb656e33d6114d3cf189b8050912195,1.9.1
hibridos,validacao,sazonal_12m,1,6,8835.5,9000.9207,43.1319,FENABRAVE,autos_e_comerciais_leves,54be1711dced6b43a3932a5a75f842480cb656e33d6114d3cf189b8050912195,1.9.1
hibridos,validacao,media_3m,2,5,3113.4667,4540.3431,14.7957,FENABRAVE,autos_e_comerciais_leves,54be1711dced6b43a3932a5a75f842480cb656e33d6114d3cf189b8050912195,1.9.1
hibridos,validacao,persistencia,2,5,2389.6,3892.6572,11.3558,FENABRAVE,autos_e_comerciais_leves,54be1711dced6b43a3932a5a75f842480cb656e33d6114d3cf189b8050912195,1.9.1
hibridos,validacao,random_forest,2,5,4662.779,5634.0325,22.1583,FENABRAVE,autos_e_comerciais_leves,54be1711dced6b43a3932a5a75f842480cb656e33d6114d3cf189b8050912195,1.9.1
hibridos,validacao,ridge,2,5,3015.0621,3992.2777,14.3281,FENABRAVE,autos_e_comerciais_leves,54be1711dced6b43a3932a5a75f842480cb656e33d6114d3cf189b8050912195,1.9.1
hibridos,validacao,sazonal_12m,2,5,8974.2,9163.0484,42.647,FENABRAVE,autos_e_comerciais_leves,54be1711dced6b43a3932a5a75f842480cb656e33d6114d3cf189b8050912195,1.9.1
hibridos,validacao,media_3m,3,4,3885.8333,5340.0682,18.0474,FENABRAVE,autos_e_comerciais_leves,54be1711dced6b43a3932a5a75f842480cb656e33d6114d3cf189b8050912195,1.9.1
hibridos,validacao,persistencia,3,4,3171.5,4693.7911,14.7298,FENABRAVE,autos_e_comerciais_leves,54be1711dced6b43a3932a5a75f842480cb656e33d6114d3cf189b8050912195,1.9.1
hibridos,validacao,random_forest,3,4,5124.7964,6350.3103,23.8017,FENABRAVE,autos_e_comerciais_leves,54be1711dced6b43a3932a5a75f842480cb656e33d6114d3cf189b8050912195,1.9.1
hibridos,validacao,ridge,3,4,3251.1638,4245.1249,15.0997,FENABRAVE,autos_e_comerciais_leves,54be1711dced6b43a3932a5a75f842480cb656e33d6114d3cf189b8050912195,1.9.1
hibridos,validacao,sazonal_12m,3,4,8602.75,8809.0249,39.9547,FENABRAVE,autos_e_comerciais_leves,54be1711dced6b43a3932a5a75f842480cb656e33d6114d3cf189b8050912195,1.9.1
