categoria_fenabrave,etapa,metodo,horizonte_meses,fim_treino,data_referencia,real,previsto,erro_absoluto,fonte,segmento_veiculos,sha256_silver,versao_sklearn
eletricos,teste,media_3m,1,2026-01-01,2026-02-01,8664,8990.6667,326.6667,FENABRAVE,autos_e_comerciais_leves,54be1711dced6b43a3932a5a75f842480cb656e33d6114d3cf189b8050912195,1.9.1
eletricos,teste,persistencia,1,2026-01-01,2026-02-01,8664,8221,443,FENABRAVE,autos_e_comerciais_leves,54be1711dced6b43a3932a5a75f842480cb656e33d6114d3cf189b8050912195,1.9.1
eletricos,teste,random_forest,1,2026-01-01,2026-02-01,8664,8004.3187,659.6813,FENABRAVE,autos_e_comerciais_leves,54be1711dced6b43a3932a5a75f842480cb656e33d6114d3cf189b8050912195,1.9.1
eletricos,teste,ridge,1,2026-01-01,2026-02-01,8664,8742.1056,78.1056,FENABRAVE,autos_e_comerciais_leves,54be1711dced6b43a3932a5a75f842480cb656e33d6114d3cf189b8050912195,1.9.1
eletricos,teste,sazonal_12m,1,2026-01-01,2026-02-01,8664,4491,4173,FENABRAVE,autos_e_comerciais_leves,54be1711dced6b43a3932a5a75f842480cb656e33d6114d3cf189b8050912195,1.9.1
eletricos,teste,media_3m,2,2026-01-01,2026-03-01,14050,8990.6667,5059.3333,FENABRAVE,autos_e_comerciais_leves,54be1711dced6b43a3932a5a75f842480cb656e33d6114d3cf189b8050912195,1.9.1
eletricos,teste,persistencia,2,2026-01-01,2026-03-01,14050,8221,5829,FENABRAVE,autos_e_comerciais_leves,54be1711dced6b43a3932a5a75f842480cb656e33d6114d3cf189b8050912195,1.9.1
eletricos,teste,random_forest,2,2026-01-01,2026-03-01,14050,8155.8935,5894.1065,FENABRAVE,autos_e_comerciais_leves,54be1711dced6b43a3932a5a75f842480cb656e33d6114d3cf189b8050912195,1.9.1
eletricos,teste,ridge,2,2026-01-01,2026-03-01,14050,8925.4302,5124.5698,FENABRAVE,autos_e_comerciais_leves,54be1711dced6b43a3932a5a75f842480cb656e33d6114d3cf189b8050912195,1.9.1
eletricos,teste,sazonal_12m,2,2026-01-01,2026-03-01,14050,4799,9251,FENABRAVE,autos_e_comerciais_leves,54be1711dced6b43a3932a5a75f842480cb656e33d6114d3cf189b8050912195,1.9.1
eletricos,teste,media_3m,3,2026-01-01,2026-04-01,17477,8990.6667,8486.3333,FENABRAVE,autos_e_comerciais_leves,54be1711dced6b43a3932a5a75f842480cb656e33d6114d3cf189b8050912195,1.9.1
eletricos,teste,persistencia,3,2026-01-01,2026-04-01,17477,8221,9256,FENABRAVE,autos_e_comerciais_leves,54be1711dced6b43a3932a5a75f842480cb656e33d6114d3cf189b8050912195,1.9.1
eletricos,teste,random_forest,3,2026-01-01,2026-04-01,17477,8270.2689,9206.7311,FENABRAVE,autos_e_comerciais_leves,54be1711dced6b43a3932a5a75f842480cb656e33d6114d3cf189b8050912195,1.9.1
eletricos,teste,ridge,3,2026-01-01,2026-04-01,17477,9239.5445,8237.4555,FENABRAVE,autos_e_comerciais_leves,54be1711dced6b43a3932a5a75f842480cb656e33d6114d3cf189b8050912195,1.9.1
eletricos,teste,sazonal_12m,3,2026-01-01,2026-04-01,17477,4699,12778,FENABRAVE,autos_e_comerciais_leves,54be1711dced6b43a3932a5a75f842480cb656e33d6114d3cf189b8050912195,1.9.1
eletricos,teste,media_3m,1,2026-02-01,2026-03-01,14050,9468.3333,4581.6667,FENABRAVE,autos_e_comerciais_leves,54be1711dced6b43a3932a5a75f842480cb656e33d6114d3cf189b8050912195,1.9.1
eletricos,teste,persistencia,1,2026-02-01,2026-03-01,14050,8664,5386,FENABRAVE,autos_e_comerciais_leves,54be1711dced6b43a3932a5a75f842480cb656e33d6114d3cf189b8050912195,1.9.1
eletricos,teste,random_forest,1,2026-02-01,2026-03-01,14050,8345.4452,5704.5548,FENABRAVE,autos_e_comerciais_leves,54be1711dced6b43a3932a5a75f842480cb656e33d6114d3cf189b8050912195,1.9.1
eletricos,teste,ridge,1,2026-02-01,2026-03-01,14050,8803.2689,5246.7311,FENABRAVE,autos_e_comerciais_leves,54be1711dced6b43a3932a5a75f842480cb656e33d6114d3cf189b8050912195,1.9.1
eletricos,teste,sazonal_12m,1,2026-02-01,2026-03-01,14050,4799,9251,FENABRAVE,autos_e_comerciais_leves,54be1711dced6b43a3932a5a75f842480cb656e33d6114d3cf189b8050912195,1.9.1
eletricos,teste,media_3m,2,2026-02-01,2026-04-01,17477,9468.3333,8008.6667,FENABRAVE,autos_e_comerciais_leves,54be1711dced6b43a3932a5a75f842480cb656e33d6114d3cf189b8050912195,1.9.1
eletricos,teste,persistencia,2,2026-02-01,2026-04-01,17477,8664,8813,FENABRAVE,autos_e_comerciais_leves,54be1711dced6b43a3932a5a75f842480cb656e33d6114d3cf189b8050912195,1.9.1
eletricos,teste,random_forest,2,2026-02-01,2026-04-01,17477,8391.6006,9085.3994,FENABRAVE,autos_e_comerciais_leves,54be1711dced6b43a3932a5a75f842480cb656e33d6114d3cf189b8050912195,1.9.1
eletricos,teste,ridge,2,2026-02-01,2026-04-01,17477,9334.0591,8142.9409,FENABRAVE,autos_e_comerciais_leves,54be1711dced6b43a3932a5a75f842480cb656e33d6114d3cf189b8050912195,1.9.1
eletricos,teste,sazonal_12m,2,2026-02-01,2026-04-01,17477,4699,12778,FENABRAVE,autos_e_comerciais_leves,54be1711dced6b43a3932a5a75f842480cb656e33d6114d3cf189b8050912195,1.9.1
eletricos,teste,media_3m,3,2026-02-01,2026-05-01,20957,9468.3333,11488.6667,FENABRAVE,autos_e_comerciais_leves,54be1711dced6b43a3932a5a75f842480cb656e33d6114d3cf189b8050912195,1.9.1
eletricos,teste,persistencia,3,2026-02-01,2026-05-01,20957,8664,12293,FENABRAVE,autos_e_comerciais_leves,54be1711dced6b43a3932a5a75f842480cb656e33d6114d3cf189b8050912195,1.9.1
eletricos,teste,random_forest,3,2026-02-01,2026-05-01,20957,8547.2551,12409.7449,FENABRAVE,autos_e_comerciais_leves,54be1711dced6b43a3932a5a75f842480cb656e33d6114d3cf189b8050912195,1.9.1
eletricos,teste,ridge,3,2026-02-01,2026-05-01,20957,10427.2536,10529.7464,FENABRAVE,autos_e_comerciais_leves,54be1711dced6b43a3932a5a75f842480cb656e33d6114d3cf189b8050912195,1.9.1
eletricos,teste,sazonal_12m,3,2026-02-01,2026-05-01,20957,6964,13993,FENABRAVE,autos_e_comerciais_leves,54be1711dced6b43a3932a5a75f842480cb656e33d6114d3cf189b8050912195,1.9.1
eletricos,teste,media_3m,1,2026-03-01,2026-04-01,17477,10311.6667,7165.3333,FENABRAVE,autos_e_comerciais_leves,54be1711dced6b43a3932a5a75f842480cb656e33d6114d3cf189b8050912195,1.9.1
eletricos,teste,persistencia,1,2026-03-01,2026-04-01,17477,14050,3427,FENABRAVE,autos_e_comerciais_leves,54be1711dced6b43a3932a5a75f842480cb656e33d6114d3cf189b8050912195,1.9.1
eletricos,teste,random_forest,1,2026-03-01,2026-04-01,17477,9694.86,7782.14,FENABRAVE,autos_e_comerciais_leves,54be1711dced6b43a3932a5a75f842480cb656e33d6114d3cf189b8050912195,1.9.1
eletricos,teste,ridge,1,2026-03-01,2026-04-01,17477,11286.6073,6190.3927,FENABRAVE,autos_e_comerciais_leves,54be1711dced6b43a3932a5a75f842480cb656e33d6114d3cf189b8050912195,1.9.1
eletricos,teste,sazonal_12m,1,2026-03-01,2026-04-01,17477,4699,12778,FENABRAVE,autos_e_comerciais_leves,54be1711dced6b43a3932a5a75f842480cb656e33d6114d3cf189b8050912195,1.9.1
eletricos,teste,media_3m,2,2026-03-01,2026-05-01,20957,10311.6667,10645.3333,FENABRAVE,autos_e_comerciais_leves,54be1711dced6b43a3932a5a75f842480cb656e33d6114d3cf189b8050912195,1.9.1
eletricos,teste,persistencia,2,2026-03-01,2026-05-01,20957,14050,6907,FENABRAVE,autos_e_comerciais_leves,54be1711dced6b43a3932a5a75f842480cb656e33d6114d3cf189b8050912195,1.9.1
eletricos,teste,random_forest,2,2026-03-01,2026-05-01,20957,9318.7841,11638.2159,FENABRAVE,autos_e_comerciais_leves,54be1711dced6b43a3932a5a75f842480cb656e33d6114d3cf189b8050912195,1.9.1
eletricos,teste,ridge,2,2026-03-01,2026-05-01,20957,12169.1286,8787.8714,FENABRAVE,autos_e_comerciais_leves,54be1711dced6b43a3932a5a75f842480cb656e33d6114d3cf189b8050912195,1.9.1
eletricos,teste,sazonal_12m,2,2026-03-01,2026-05-01,20957,6964,13993,FENABRAVE,autos_e_comerciais_leves,54be1711dced6b43a3932a5a75f842480cb656e33d6114d3cf189b8050912195,1.9.1
eletricos,teste,media_3m,3,2026-03-01,2026-06-01,21129,10311.6667,10817.3333,FENABRAVE,autos_e_comerciais_leves,54be1711dced6b43a3932a5a75f842480cb656e33d6114d3cf189b8050912195,1.9.1
eletricos,teste,persistencia,3,2026-03-01,2026-06-01,21129,14050,7079,FENABRAVE,autos_e_comerciais_leves,54be1711dced6b43a3932a5a75f842480cb656e33d6114d3cf189b8050912195,1.9.1
eletricos,teste,random_forest,3,2026-03-01,2026-06-01,21129,9704.8439,11424.1561,FENABRAVE,autos_e_comerciais_leves,54be1711dced6b43a3932a5a75f842480cb656e33d6114d3cf189b8050912195,1.9.1
eletricos,teste,ridge,3,2026-03-01,2026-06-01,21129,14091.443,7037.557,FENABRAVE,autos_e_comerciais_leves,54be1711dced6b43a3932a5a75f842480cb656e33d6114d3cf189b8050912195,1.9.1
eletricos,teste,sazonal_12m,3,2026-03-01,2026-06-01,21129,5912,15217,FENABRAVE,autos_e_comerciais_leves,54be1711dced6b43a3932a5a75f842480cb656e33d6114d3cf189b8050912195,1.9.1
eletricos,teste,media_3m,1,2026-04-01,2026-05-01,20957,13397,7560,FENABRAVE,autos_e_comerciais_leves,54be1711dced6b43a3932a5a75f842480cb656e33d6114d3cf189b8050912195,1.9.1
eletricos,teste,persistencia,1,2026-04-01,2026-05-01,20957,17477,3480,FENABRAVE,autos_e_comerciais_leves,54be1711dced6b43a3932a5a75f842480cb656e33d6114d3cf189b8050912195,1.9.1
eletricos,teste,random_forest,1,2026-04-01,2026-05-01,20957,11308.2405,9648.7595,FENABRAVE,autos_e_comerciais_leves,54be1711dced6b43a3932a5a75f842480cb656e33d6114d3cf189b8050912195,1.9.1
eletricos,teste,ridge,1,2026-04-01,2026-05-01,20957,16134.661,4822.339,FENABRAVE,autos_e_comerciais_leves,54be1711dced6b43a3932a5a75f842480cb656e33d6114d3cf189b8050912195,1.9.1
eletricos,teste,sazonal_12m,1,2026-04-01,2026-05-01,20957,6964,13993,FENABRAVE,autos_e_comerciais_leves,54be1711dced6b43a3932a5a75f842480cb656e33d6114d3cf189b8050912195,1.9.1
eletricos,teste,media_3m,2,2026-04-01,2026-06-01,21129,13397,7732,FENABRAVE,autos_e_comerciais_leves,54be1711dced6b43a3932a5a75f842480cb656e33d6114d3cf189b8050912195,1.9.1
eletricos,teste,persistencia,2,2026-04-01,2026-06-01,21129,17477,3652,FENABRAVE,autos_e_comerciais_leves,54be1711dced6b43a3932a5a75f842480cb656e33d6114d3cf189b8050912195,1.9.1
eletricos,teste,random_forest,2,2026-04-01,2026-06-01,21129,11410.986,9718.014,FENABRAVE,autos_e_comerciais_leves,54be1711dced6b43a3932a5a75f842480cb656e33d6114d3cf189b8050912195,1.9.1
eletricos,teste,ridge,2,2026-04-01,2026-06-01,21129,17989.4584,3139.5416,FENABRAVE,autos_e_comerciais_leves,54be1711dced6b43a3932a5a75f842480cb656e33d6114d3cf189b8050912195,1.9.1
eletricos,teste,sazonal_12m,2,2026-04-01,2026-06-01,21129,5912,15217,FENABRAVE,autos_e_comerciais_leves,54be1711dced6b43a3932a5a75f842480cb656e33d6114d3cf189b8050912195,1.9.1
eletricos,teste,media_3m,3,2026-04-01,2026-07-01,25778,13397,12381,FENABRAVE,autos_e_comerciais_leves,54be1711dced6b43a3932a5a75f842480cb656e33d6114d3cf189b8050912195,1.9.1
eletricos,teste,persistencia,3,2026-04-01,2026-07-01,25778,17477,8301,FENABRAVE,autos_e_comerciais_leves,54be1711dced6b43a3932a5a75f842480cb656e33d6114d3cf189b8050912195,1.9.1
eletricos,teste,random_forest,3,2026-04-01,2026-07-01,25778,11016.7964,14761.2036,FENABRAVE,autos_e_comerciais_leves,54be1711dced6b43a3932a5a75f842480cb656e33d6114d3cf189b8050912195,1.9.1
eletricos,teste,ridge,3,2026-04-01,2026-07-01,25778,20604.7071,5173.2929,FENABRAVE,autos_e_comerciais_leves,54be1711dced6b43a3932a5a75f842480cb656e33d6114d3cf189b8050912195,1.9.1
eletricos,teste,sazonal_12m,3,2026-04-01,2026-07-01,25778,6982,18796,FENABRAVE,autos_e_comerciais_leves,54be1711dced6b43a3932a5a75f842480cb656e33d6114d3cf189b8050912195,1.9.1
eletricos,teste,media_3m,1,2026-05-01,2026-06-01,21129,17494.6667,3634.3333,FENABRAVE,autos_e_comerciais_leves,54be1711dced6b43a3932a5a75f842480cb656e33d6114d3cf189b8050912195,1.9.1
eletricos,teste,persistencia,1,2026-05-01,2026-06-01,21129,20957,172,FENABRAVE,autos_e_comerciais_leves,54be1711dced6b43a3932a5a75f842480cb656e33d6114d3cf189b8050912195,1.9.1
eletricos,teste,random_forest,1,2026-05-01,2026-06-01,21129,14292.2623,6836.7377,FENABRAVE,autos_e_comerciais_leves,54be1711dced6b43a3932a5a75f842480cb656e33d6114d3cf189b8050912195,1.9.1
eletricos,teste,ridge,1,2026-05-01,2026-06-01,21129,22994.1856,1865.1856,FENABRAVE,autos_e_comerciais_leves,54be1711dced6b43a3932a5a75f842480cb656e33d6114d3cf189b8050912195,1.9.1
eletricos,teste,sazonal_12m,1,2026-05-01,2026-06-01,21129,5912,15217,FENABRAVE,autos_e_comerciais_leves,54be1711dced6b43a3932a5a75f842480cb656e33d6114d3cf189b8050912195,1.9.1
eletricos,teste,media_3m,2,2026-05-01,2026-07-01,25778,17494.6667,8283.3333,FENABRAVE,autos_e_comerciais_leves,54be1711dced6b43a3932a5a75f842480cb656e33d6114d3cf189b8050912195,1.9.1
eletricos,teste,persistencia,2,2026-05-01,2026-07-01,25778,20957,4821,FENABRAVE,autos_e_comerciais_leves,54be1711dced6b43a3932a5a75f842480cb656e33d6114d3cf189b8050912195,1.9.1
eletricos,teste,random_forest,2,2026-05-01,2026-07-01,25778,13312.4817,12465.5183,FENABRAVE,autos_e_comerciais_leves,54be1711dced6b43a3932a5a75f842480cb656e33d6114d3cf189b8050912195,1.9.1
eletricos,teste,ridge,2,2026-05-01,2026-07-01,25778,27171.078,1393.078,FENABRAVE,autos_e_comerciais_leves,54be1711dced6b43a3932a5a75f842480cb656e33d6114d3cf189b8050912195,1.9.1
eletricos,teste,sazonal_12m,2,2026-05-01,2026-07-01,25778,6982,18796,FENABRAVE,autos_e_comerciais_leves,54be1711dced6b43a3932a5a75f842480cb656e33d6114d3cf189b8050912195,1.9.1
eletricos,teste,media_3m,3,2026-05-01,2026-08-01,27155,17494.6667,9660.3333,FENABRAVE,autos_e_comerciais_leves,54be1711dced6b43a3932a5a75f842480cb656e33d6114d3cf189b8050912195,1.9.1
eletricos,teste,persistencia,3,2026-05-01,2026-08-01,27155,20957,6198,FENABRAVE,autos_e_comerciais_leves,54be1711dced6b43a3932a5a75f842480cb656e33d6114d3cf189b8050912195,1.9.1
eletricos,teste,random_forest,3,2026-05-01,2026-08-01,27155,13510.2414,13644.7586,FENABRAVE,autos_e_comerciais_leves,54be1711dced6b43a3932a5a75f842480cb656e33d6114d3cf189b8050912195,1.9.1
eletricos,teste,ridge,3,2026-05-01,2026-08-01,27155,30587.6844,3432.6844,FENABRAVE,autos_e_comerciais_leves,54be1711dced6b43a3932a5a75f842480cb656e33d6114d3cf189b8050912195,1.9.1
eletricos,teste,sazonal_12m,3,2026-05-01,2026-08-01,27155,7603,19552,FENABRAVE,autos_e_comerciais_leves,54be1711dced6b43a3932a5a75f842480cb656e33d6114d3cf189b8050912195,1.9.1
eletricos,teste,media_3m,1,2026-06-01,2026-07-01,25778,19854.3333,5923.6667,FENABRAVE,autos_e_comerciais_leves,54be1711dced6b43a3932a5a75f842480cb656e33d6114d3cf189b8050912195,1.9.1
eletricos,teste,persistencia,1,2026-06-01,2026-07-01,25778,21129,4649,FENABRAVE,autos_e_comerciais_leves,54be1711dced6b43a3932a5a75f842480cb656e33d6114d3cf189b8050912195,1.9.1
eletricos,teste,random_forest,1,2026-06-01,2026-07-01,25778,16046.9767,9731.0233,FENABRAVE,autos_e_comerciais_leves,54be1711dced6b43a3932a5a75f842480cb656e33d6114d3cf189b8050912195,1.9.1
eletricos,teste,ridge,1,2026-06-01,2026-07-01,25778,24285.3258,1492.6742,FENABRAVE,autos_e_comerciais_leves,54be1711dced6b43a3932a5a75f842480cb656e33d6114d3cf189b8050912195,1.9.1
eletricos,teste,sazonal_12m,1,2026-06-01,2026-07-01,25778,6982,18796,FENABRAVE,autos_e_comerciais_leves,54be1711dced6b43a3932a5a75f842480cb656e33d6114d3cf189b8050912195,1.9.1
eletricos,teste,media_3m,2,2026-06-01,2026-08-01,27155,19854.3333,7300.6667,FENABRAVE,autos_e_comerciais_leves,54be1711dced6b43a3932a5a75f842480cb656e33d6114d3cf189b8050912195,1.9.1
eletricos,teste,persistencia,2,2026-06-01,2026-08-01,27155,21129,6026,FENABRAVE,autos_e_comerciais_leves,54be1711dced6b43a3932a5a75f842480cb656e33d6114d3cf189b8050912195,1.9.1
eletricos,teste,random_forest,2,2026-06-01,2026-08-01,27155,15799.7221,11355.2779,FENABRAVE,autos_e_comerciais_leves,54be1711dced6b43a3932a5a75f842480cb656e33d6114d3cf189b8050912195,1.9.1
eletricos,teste,ridge,2,2026-06-01,2026-08-01,27155,29886.1598,2731.1598,FENABRAVE,autos_e_comerciais_leves,54be1711dced6b43a3932a5a75f842480cb656e33d6114d3cf189b8050912195,1.9.1
eletricos,teste,sazonal_12m,2,2026-06-01,2026-08-01,27155,7603,19552,FENABRAVE,autos_e_comerciais_leves,54be1711dced6b43a3932a5a75f842480cb656e33d6114d3cf189b8050912195,1.9.1
eletricos,teste,media_3m,1,2026-07-01,2026-08-01,27155,22621.3333,4533.6667,FENABRAVE,autos_e_comerciais_leves,54be1711dced6b43a3932a5a75f842480cb656e33d6114d3cf189b8050912195,1.9.1
eletricos,teste,persistencia,1,2026-07-01,2026-08-01,27155,25778,1377,FENABRAVE,autos_e_comerciais_leves,54be1711dced6b43a3932a5a75f842480cb656e33d6114d3cf189b8050912195,1.9.1
eletricos,teste,random_forest,1,2026-07-01,2026-08-01,27155,17671.2495,9483.7505,FENABRAVE,autos_e_comerciais_leves,54be1711dced6b43a3932a5a75f842480cb656e33d6114d3cf189b8050912195,1.9.1
eletricos,teste,ridge,1,2026-07-01,2026-08-01,27155,26782.102,372.898,FENABRAVE,autos_e_comerciais_leves,54be1711dced6b43a3932a5a75f842480cb656e33d6114d3cf189b8050912195,1.9.1
eletricos,teste,sazonal_12m,1,2026-07-01,2026-08-01,27155,7603,19552,FENABRAVE,autos_e_comerciais_leves,54be1711dced6b43a3932a5a75f842480cb656e33d6114d3cf189b8050912195,1.9.1
eletricos,validacao,media_3m,1,2025-07-01,2025-08-01,7603,6619.3333,983.6667,FENABRAVE,autos_e_comerciais_leves,54be1711dced6b43a3932a5a75f842480cb656e33d6114d3cf189b8050912195,1.9.1
eletricos,validacao,persistencia,1,2025-07-01,2025-08-01,7603,6982,621,FENABRAVE,autos_e_comerciais_leves,54be1711dced6b43a3932a5a75f842480cb656e33d6114d3cf189b8050912195,1.9.1
eletricos,validacao,random_forest,1,2025-07-01,2025-08-01,7603,5359.5197,2243.4803,FENABRAVE,autos_e_comerciais_leves,54be1711dced6b43a3932a5a75f842480cb656e33d6114d3cf189b8050912195,1.9.1
eletricos,validacao,ridge,1,2025-07-01,2025-08-01,7603,5842.8116,1760.1884,FENABRAVE,autos_e_comerciais_leves,54be1711dced6b43a3932a5a75f842480cb656e33d6114d3cf189b8050912195,1.9.1
eletricos,validacao,sazonal_12m,1,2025-07-01,2025-08-01,7603,5115,2488,FENABRAVE,autos_e_comerciais_leves,54be1711dced6b43a3932a5a75f842480cb656e33d6114d3cf189b8050912195,1.9.1
eletricos,validacao,media_3m,2,2025-07-01,2025-09-01,8029,6619.3333,1409.6667,FENABRAVE,autos_e_comerciais_leves,54be1711dced6b43a3932a5a75f842480cb656e33d6114d3cf189b8050912195,1.9.1
eletricos,validacao,persistencia,2,2025-07-01,2025-09-01,8029,6982,1047,FENABRAVE,autos_e_comerciais_leves,54be1711dced6b43a3932a5a75f842480cb656e33d6114d3cf189b8050912195,1.9.1
eletricos,validacao,random_forest,2,2025-07-01,2025-09-01,8029,5167.4017,2861.5983,FENABRAVE,autos_e_comerciais_leves,54be1711dced6b43a3932a5a75f842480cb656e33d6114d3cf189b8050912195,1.9.1
eletricos,validacao,ridge,2,2025-07-01,2025-09-01,8029,5375.0472,2653.9528,FENABRAVE,autos_e_comerciais_leves,54be1711dced6b43a3932a5a75f842480cb656e33d6114d3cf189b8050912195,1.9.1
eletricos,validacao,sazonal_12m,2,2025-07-01,2025-09-01,8029,4705,3324,FENABRAVE,autos_e_comerciais_leves,54be1711dced6b43a3932a5a75f842480cb656e33d6114d3cf189b8050912195,1.9.1
eletricos,validacao,media_3m,3,2025-07-01,2025-10-01,7902,6619.3333,1282.6667,FENABRAVE,autos_e_comerciais_leves,54be1711dced6b43a3932a5a75f842480cb656e33d6114d3cf189b8050912195,1.9.1
eletricos,validacao,persistencia,3,2025-07-01,2025-10-01,7902,6982,920,FENABRAVE,autos_e_comerciais_leves,54be1711dced6b43a3932a5a75f842480cb656e33d6114d3cf189b8050912195,1.9.1
eletricos,validacao,random_forest,3,2025-07-01,2025-10-01,7902,4922.0581,2979.9419,FENABRAVE,autos_e_comerciais_leves,54be1711dced6b43a3932a5a75f842480cb656e33d6114d3cf189b8050912195,1.9.1
eletricos,validacao,ridge,3,2025-07-01,2025-10-01,7902,4695.2052,3206.7948,FENABRAVE,autos_e_comerciais_leves,54be1711dced6b43a3932a5a75f842480cb656e33d6114d3cf189b8050912195,1.9.1
eletricos,validacao,sazonal_12m,3,2025-07-01,2025-10-01,7902,6110,1792,FENABRAVE,autos_e_comerciais_leves,54be1711dced6b43a3932a5a75f842480cb656e33d6114d3cf189b8050912195,1.9.1
eletricos,validacao,media_3m,1,2025-08-01,2025-09-01,8029,6832.3333,1196.6667,FENABRAVE,autos_e_comerciais_leves,54be1711dced6b43a3932a5a75f842480cb656e33d6114d3cf189b8050912195,1.9.1
eletricos,validacao,persistencia,1,2025-08-01,2025-09-01,8029,7603,426,FENABRAVE,autos_e_comerciais_leves,54be1711dced6b43a3932a5a75f842480cb656e33d6114d3cf189b8050912195,1.9.1
eletricos,validacao,random_forest,1,2025-08-01,2025-09-01,8029,6190.9667,1838.0333,FENABRAVE,autos_e_comerciais_leves,54be1711dced6b43a3932a5a75f842480cb656e33d6114d3cf189b8050912195,1.9.1
eletricos,validacao,ridge,1,2025-08-01,2025-09-01,8029,6698.732,1330.268,FENABRAVE,autos_e_comerciais_leves,54be1711dced6b43a3932a5a75f842480cb656e33d6114d3cf189b8050912195,1.9.1
eletricos,validacao,sazonal_12m,1,2025-08-01,2025-09-01,8029,4705,3324,FENABRAVE,autos_e_comerciais_leves,54be1711dced6b43a3932a5a75f842480cb656e33d6114d3cf189b8050912195,1.9.1
eletricos,validacao,media_3m,2,2025-08-01,2025-10-01,7902,6832.3333,1069.6667,FENABRAVE,autos_e_comerciais_leves,54be1711dced6b43a3932a5a75f842480cb656e33d6114d3cf189b8050912195,1.9.1
eletricos,validacao,persistencia,2,2025-08-01,2025-10-01,7902,7603,299,FENABRAVE,autos_e_comerciais_leves,54be1711dced6b43a3932a5a75f842480cb656e33d6114d3cf189b8050912195,1.9.1
eletricos,validacao,random_forest,2,2025-08-01,2025-10-01,7902,5829.4291,2072.5709,FENABRAVE,autos_e_comerciais_leves,54be1711dced6b43a3932a5a75f842480cb656e33d6114d3cf189b8050912195,1.9.1
eletricos,validacao,ridge,2,2025-08-01,2025-10-01,7902,5958.5655,1943.4345,FENABRAVE,autos_e_comerciais_leves,54be1711dced6b43a3932a5a75f842480cb656e33d6114d3cf189b8050912195,1.9.1
eletricos,validacao,sazonal_12m,2,2025-08-01,2025-10-01,7902,6110,1792,FENABRAVE,autos_e_comerciais_leves,54be1711dced6b43a3932a5a75f842480cb656e33d6114d3cf189b8050912195,1.9.1
eletricos,validacao,media_3m,3,2025-08-01,2025-11-01,7231,6832.3333,398.6667,FENABRAVE,autos_e_comerciais_leves,54be1711dced6b43a3932a5a75f842480cb656e33d6114d3cf189b8050912195,1.9.1
eletricos,validacao,persistencia,3,2025-08-01,2025-11-01,7231,7603,372,FENABRAVE,autos_e_comerciais_leves,54be1711dced6b43a3932a5a75f842480cb656e33d6114d3cf189b8050912195,1.9.1
eletricos,validacao,random_forest,3,2025-08-01,2025-11-01,7231,5726.1202,1504.8798,FENABRAVE,autos_e_comerciais_leves,54be1711dced6b43a3932a5a75f842480cb656e33d6114d3cf189b8050912195,1.9.1
eletricos,validacao,ridge,3,2025-08-01,2025-11-01,7231,5215.9208,2015.0792,FENABRAVE,autos_e_comerciais_leves,54be1711dced6b43a3932a5a75f842480cb656e33d6114d3cf189b8050912195,1.9.1
eletricos,validacao,sazonal_12m,3,2025-08-01,2025-11-01,7231,5416,1815,FENABRAVE,autos_e_comerciais_leves,54be1711dced6b43a3932a5a75f842480cb656e33d6114d3cf189b8050912195,1.9.1
eletricos,validacao,media_3m,1,2025-09-01,2025-10-01,7902,7538,364,FENABRAVE,autos_e_comerciais_leves,54be1711dced6b43a3932a5a75f842480cb656e33d6114d3cf189b8050912195,1.9.1
eletricos,validacao,persistencia,1,2025-09-01,2025-10-01,7902,8029,127,FENABRAVE,autos_e_comerciais_leves,54be1711dced6b43a3932a5a75f842480cb656e33d6114d3cf189b8050912195,1.9.1
eletricos,validacao,random_forest,1,2025-09-01,2025-10-01,7902,6643.3458,1258.6542,FENABRAVE,autos_e_comerciais_leves,54be1711dced6b43a3932a5a75f842480cb656e33d6114d3cf189b8050912195,1.9.1
eletricos,validacao,ridge,1,2025-09-01,2025-10-01,7902,7049.2594,852.7406,FENABRAVE,autos_e_comerciais_leves,54be1711dced6b43a3932a5a75f842480cb656e33d6114d3cf189b8050912195,1.9.1
eletricos,validacao,sazonal_12m,1,2025-09-01,2025-10-01,7902,6110,1792,FENABRAVE,autos_e_comerciais_leves,54be1711dced6b43a3932a5a75f842480cb656e33d6114d3cf189b8050912195,1.9.1
eletricos,validacao,media_3m,2,2025-09-01,2025-11-01,7231,7538,307,FENABRAVE,autos_e_comerciais_leves,54be1711dced6b43a3932a5a75f842480cb656e33d6114d3cf189b8050912195,1.9.1
eletricos,validacao,persistencia,2,2025-09-01,2025-11-01,7231,8029,798,FENABRAVE,autos_e_comerciais_leves,54be1711dced6b43a3932a5a75f842480cb656e33d6114d3cf189b8050912195,1.9.1
eletricos,validacao,random_forest,2,2025-09-01,2025-11-01,7231,6557.7267,673.2733,FENABRAVE,autos_e_comerciais_leves,54be1711dced6b43a3932a5a75f842480cb656e33d6114d3cf189b8050912195,1.9.1
eletricos,validacao,ridge,2,2025-09-01,2025-11-01,7231,6443.2799,787.7201,FENABRAVE,autos_e_comerciais_leves,54be1711dced6b43a3932a5a75f842480cb656e33d6114d3cf189b8050912195,1.9.1
eletricos,validacao,sazonal_12m,2,2025-09-01,2025-11-01,7231,5416,1815,FENABRAVE,autos_e_comerciais_leves,54be1711dced6b43a3932a5a75f842480cb656e33d6114d3cf189b8050912195,1.9.1
eletricos,validacao,media_3m,3,2025-09-01,2025-12-01,11520,7538,3982,FENABRAVE,autos_e_comerciais_leves,54be1711dced6b43a3932a5a75f842480cb656e33d6114d3cf189b8050912195,1.9.1
eletricos,validacao,persistencia,3,2025-09-01,2025-12-01,11520,8029,3491,FENABRAVE,autos_e_comerciais_leves,54be1711dced6b43a3932a5a75f842480cb656e33d6114d3cf189b8050912195,1.9.1
eletricos,validacao,random_forest,3,2025-09-01,2025-12-01,11520,6322.2335,5197.7665,FENABRAVE,autos_e_comerciais_leves,54be1711dced6b43a3932a5a75f842480cb656e33d6114d3cf189b8050912195,1.9.1
eletricos,validacao,ridge,3,2025-09-01,2025-12-01,11520,5647.8761,5872.1239,FENABRAVE,autos_e_comerciais_leves,54be1711dced6b43a3932a5a75f842480cb656e33d6114d3cf189b8050912195,1.9.1
eletricos,validacao,sazonal_12m,3,2025-09-01,2025-12-01,11520,4369,7151,FENABRAVE,autos_e_comerciais_leves,54be1711dced6b43a3932a5a75f842480cb656e33d6114d3cf189b8050912195,1.9.1
eletricos,validacao,media_3m,1,2025-10-01,2025-11-01,7231,7844.6667,613.6667,FENABRAVE,autos_e_comerciais_leves,54be1711dced6b43a3932a5a75f842480cb656e33d6114d3cf189b8050912195,1.9.1
eletricos,validacao,persistencia,1,2025-10-01,2025-11-01,7231,7902,671,FENABRAVE,autos_e_comerciais_leves,54be1711dced6b43a3932a5a75f842480cb656e33d6114d3cf189b8050912195,1.9.1
eletricos,validacao,random_forest,1,2025-10-01,2025-11-01,7231,7103.036,127.964,FENABRAVE,autos_e_comerciais_leves,54be1711dced6b43a3932a5a75f842480cb656e33d6114d3cf189b8050912195,1.9.1
eletricos,validacao,ridge,1,2025-10-01,2025-11-01,7231,7122.5032,108.4968,FENABRAVE,autos_e_comerciais_leves,54be1711dced6b43a3932a5a75f842480cb656e33d6114d3cf189b8050912195,1.9.1
eletricos,validacao,sazonal_12m,1,2025-10-01,2025-11-01,7231,5416,1815,FENABRAVE,autos_e_comerciais_leves,54be1711dced6b43a3932a5a75f842480cb656e33d6114d3cf189b8050912195,1.9.1
eletricos,validacao,media_3m,2,2025-10-01,2025-12-01,11520,7844.6667,3675.3333,FENABRAVE,autos_e_comerciais_leves,54be1711dced6b43a3932a5a75f842480cb656e33d6114d3cf189b8050912195,1.9.1
eletricos,validacao,persistencia,2,2025-10-01,2025-12-01,11520,7902,3618,FENABRAVE,autos_e_comerciais_leves,54be1711dced6b43a3932a5a75f842480cb656e33d6114d3cf189b8050912195,1.9.1
eletricos,validacao,random_forest,2,2025-10-01,2025-12-01,11520,6826.4661,4693.5339,FENABRAVE,autos_e_comerciais_leves,54be1711dced6b43a3932a5a75f842480cb656e33d6114d3cf189b8050912195,1.9.1
eletricos,validacao,ridge,2,2025-10-01,2025-12-01,11520,6599.0281,4920.9719,FENABRAVE,autos_e_comerciais_leves,54be1711dced6b43a3932a5a75f842480cb656e33d6114d3cf189b8050912195,1.9.1
eletricos,validacao,sazonal_12m,2,2025-10-01,2025-12-01,11520,4369,7151,FENABRAVE,autos_e_comerciais_leves,54be1711dced6b43a3932a5a75f842480cb656e33d6114d3cf189b8050912195,1.9.1
eletricos,validacao,media_3m,3,2025-10-01,2026-01-01,8221,7844.6667,376.3333,FENABRAVE,autos_e_comerciais_leves,54be1711dced6b43a3932a5a75f842480cb656e33d6114d3cf189b8050912195,1.9.1
eletricos,validacao,persistencia,3,2025-10-01,2026-01-01,8221,7902,319,FENABRAVE,autos_e_comerciais_leves,54be1711dced6b43a3932a5a75f842480cb656e33d6114d3cf189b8050912195,1.9.1
eletricos,validacao,random_forest,3,2025-10-01,2026-01-01,8221,6952.7405,1268.2595,FENABRAVE,autos_e_comerciais_leves,54be1711dced6b43a3932a5a75f842480cb656e33d6114d3cf189b8050912195,1.9.1
eletricos,validacao,ridge,3,2025-10-01,2026-01-01,8221,6199.4398,2021.5602,FENABRAVE,autos_e_comerciais_leves,54be1711dced6b43a3932a5a75f842480cb656e33d6114d3cf189b8050912195,1.9.1
eletricos,validacao,sazonal_12m,3,2025-10-01,2026-01-01,8221,3697,4524,FENABRAVE,autos_e_comerciais_leves,54be1711dced6b43a3932a5a75f842480cb656e33d6114d3cf189b8050912195,1.9.1
eletricos,validacao,media_3m,1,2025-11-01,2025-12-01,11520,7720.6667,3799.3333,FENABRAVE,autos_e_comerciais_leves,54be1711dced6b43a3932a5a75f842480cb656e33d6114d3cf189b8050912195,1.9.1
eletricos,validacao,persistencia,1,2025-11-01,2025-12-01,11520,7231,4289,FENABRAVE,autos_e_comerciais_leves,54be1711dced6b43a3932a5a75f842480cb656e33d6114d3cf189b8050912195,1.9.1
eletricos,validacao,random_forest,1,2025-11-01,2025-12-01,11520,7204.766,4315.234,FENABRAVE,autos_e_comerciais_leves,54be1711dced6b43a3932a5a75f842480cb656e33d6114d3cf189b8050912195,1.9.1
eletricos,validacao,ridge,1,2025-11-01,2025-12-01,11520,6780.9599,4739.0401,FENABRAVE,autos_e_comerciais_leves,54be1711dced6b43a3932a5a75f842480cb656e33d6114d3cf189b8050912195,1.9.1
eletricos,validacao,sazonal_12m,1,2025-11-01,2025-12-01,11520,4369,7151,FENABRAVE,autos_e_comerciais_leves,54be1711dced6b43a3932a5a75f842480cb656e33d6114d3cf189b8050912195,1.9.1
eletricos,validacao,media_3m,2,2025-11-01,2026-01-01,8221,7720.6667,500.3333,FENABRAVE,autos_e_comerciais_leves,54be1711dced6b43a3932a5a75f842480cb656e33d6114d3cf189b8050912195,1.9.1
eletricos,validacao,persistencia,2,2025-11-01,2026-01-01,8221,7231,990,FENABRAVE,autos_e_comerciais_leves,54be1711dced6b43a3932a5a75f842480cb656e33d6114d3cf189b8050912195,1.9.1
eletricos,validacao,random_forest,2,2025-11-01,2026-01-01,8221,7021.0622,1199.9378,FENABRAVE,autos_e_comerciais_leves,54be1711dced6b43a3932a5a75f842480cb656e33d6114d3cf189b8050912195,1.9.1
eletricos,validacao,ridge,2,2025-11-01,2026-01-01,8221,6443.5268,1777.4732,FENABRAVE,autos_e_comerciais_leves,54be1711dced6b43a3932a5a75f842480cb656e33d6114d3cf189b8050912195,1.9.1
eletricos,validacao,sazonal_12m,2,2025-11-01,2026-01-01,8221,3697,4524,FENABRAVE,autos_e_comerciais_leves,54be1711dced6b43a3932a5a75f842480cb656e33d6114d3cf189b8050912195,1.9.1
eletricos,validacao,media_3m,1,2025-12-01,2026-01-01,8221,8884.3333,663.3333,FENABRAVE,autos_e_comerciais_leves,54be1711dced6b43a3932a5a75f842480cb656e33d6114d3cf189b8050912195,1.9.1
eletricos,validacao,persistencia,1,2025-12-01,2026-01-01,8221,11520,3299,FENABRAVE,autos_e_comerciais_leves,54be1711dced6b43a3932a5a75f842480cb656e33d6114d3cf189b8050912195,1.9.1
eletricos,validacao,random_forest,1,2025-12-01,2026-01-01,8221,7918.8476,302.1524,FENABRAVE,autos_e_comerciais_leves,54be1711dced6b43a3932a5a75f842480cb656e33d6114d3cf189b8050912195,1.9.1
eletricos,validacao,ridge,1,2025-12-01,2026-01-01,8221,8812.5839,591.5839,FENABRAVE,autos_e_comerciais_leves,54be1711dced6b43a3932a5a75f842480cb656e33d6114d3cf189b8050912195,1.9.1
eletricos,validacao,sazonal_12m,1,2025-12-01,2026-01-01,8221,3697,4524,FENABRAVE,autos_e_comerciais_leves,54be1711dced6b43a3932a5a75f842480cb656e33d6114d3cf189b8050912195,1.9.1
hibridos,teste,media_3m,1,2026-01-01,2026-02-01,19422,22092.3333,2670.3333,FENABRAVE,autos_e_comerciais_leves,54be1711dced6b43a3932a5a75f842480cb656e33d6114d3cf189b8050912195,1.9.1
hibridos,teste,persistencia,1,2026-01-01,2026-02-01,19422,19170,252,FENABRAVE,autos_e_comerciais_leves,54be1711dced6b43a3932a5a75f842480cb656e33d6114d3cf189b8050912195,1.9.1
hibridos,teste,random_forest,1,2026-01-01,2026-02-01,19422,19744.3348,322.3348,FENABRAVE,autos_e_comerciais_leves,54be1711dced6b43a3932a5a75f842480cb656e33d6114d3cf189b8050912195,1.9.1
hibridos,teste,ridge,1,2026-01-01,2026-02-01,19422,21778.3166,2356.3166,FENABRAVE,autos_e_comerciais_leves,54be1711dced6b43a3932a5a75f842480cb656e33d6114d3cf189b8050912195,1.9.1
hibridos,teste,sazonal_12m,1,2026-01-01,2026-02-01,19422,11739,7683,FENABRAVE,autos_e_comerciais_leves,54be1711dced6b43a3932a5a75f842480cb656e33d6114d3cf189b8050912195,1.9.1
hibridos,teste,media_3m,2,2026-01-01,2026-03-01,25959,22092.3333,3866.6667,FENABRAVE,autos_e_comerciais_leves,54be1711dced6b43a3932a5a75f842480cb656e33d6114d3cf189b8050912195,1.9.1
hibridos,teste,persistencia,2,2026-01-01,2026-03-01,25959,19170,6789,FENABRAVE,autos_e_comerciais_leves,54be1711dced6b43a3932a5a75f842480cb656e33d6114d3cf189b8050912195,1.9.1
hibridos,teste,random_forest,2,2026-01-01,2026-03-01,25959,19715.1325,6243.8675,FENABRAVE,autos_e_comerciais_leves,54be1711dced6b43a3932a5a75f842480cb656e33d6114d3cf189b8050912195,1.9.1
hibridos,teste,ridge,2,2026-01-01,2026-03-01,25959,22570.2641,3388.7359,FENABRAVE,autos_e_comerciais_leves,54be1711dced6b43a3932a5a75f842480cb656e33d6114d3cf189b8050912195,1.9.1
hibridos,teste,sazonal_12m,2,2026-01-01,2026-03-01,25959,13104,12855,FENABRAVE,autos_e_comerciais_leves,54be1711dced6b43a3932a5a75f842480cb656e33d6114d3cf189b8050912195,1.9.1
hibridos,teste,media_3m,3,2026-01-01,2026-04-01,25957,22092.3333,3864.6667,FENABRAVE,autos_e_comerciais_leves,54be1711dced6b43a3932a5a75f842480cb656e33d6114d3cf189b8050912195,1.9.1
hibridos,teste,persistencia,3,2026-01-01,2026-04-01,25957,19170,6787,FENABRAVE,autos_e_comerciais_leves,54be1711dced6b43a3932a5a75f842480cb656e33d6114d3cf189b8050912195,1.9.1
hibridos,teste,random_forest,3,2026-01-01,2026-04-01,25957,20303.5103,5653.4897,FENABRAVE,autos_e_comerciais_leves,54be1711dced6b43a3932a5a75f842480cb656e33d6114d3cf189b8050912195,1.9.1
hibridos,teste,ridge,3,2026-01-01,2026-04-01,25957,23867.6146,2089.3854,FENABRAVE,autos_e_comerciais_leves,54be1711dced6b43a3932a5a75f842480cb656e33d6114d3cf189b8050912195,1.9.1
hibridos,teste,sazonal_12m,3,2026-01-01,2026-04-01,25957,15123,10834,FENABRAVE,autos_e_comerciais_leves,54be1711dced6b43a3932a5a75f842480cb656e33d6114d3cf189b8050912195,1.9.1
hibridos,teste,media_3m,1,2026-02-01,2026-03-01,25959,22271.6667,3687.3333,FENABRAVE,autos_e_comerciais_leves,54be1711dced6b43a3932a5a75f842480cb656e33d6114d3cf189b8050912195,1.9.1
hibridos,teste,persistencia,1,2026-02-01,2026-03-01,25959,19422,6537,FENABRAVE,autos_e_comerciais_leves,54be1711dced6b43a3932a5a75f842480cb656e33d6114d3cf189b8050912195,1.9.1
hibridos,teste,random_forest,1,2026-02-01,2026-03-01,25959,19943.0643,6015.9357,FENABRAVE,autos_e_comerciais_leves,54be1711dced6b43a3932a5a75f842480cb656e33d6114d3cf189b8050912195,1.9.1
hibridos,teste,ridge,1,2026-02-01,2026-03-01,25959,21580.4617,4378.5383,FENABRAVE,autos_e_comerciais_leves,54be1711dced6b43a3932a5a75f842480cb656e33d6114d3cf189b8050912195,1.9.1
hibridos,teste,sazonal_12m,1,2026-02-01,2026-03-01,25959,13104,12855,FENABRAVE,autos_e_comerciais_leves,54be1711dced6b43a3932a5a75f842480cb656e33d6114d3cf189b8050912195,1.9.1
hibridos,teste,media_3m,2,2026-02-01,2026-04-01,25957,22271.6667,3685.3333,FENABRAVE,autos_e_comerciais_leves,54be1711dced6b43a3932a5a75f842480cb656e33d6114d3cf189b8050912195,1.9.1
hibridos,teste,persistencia,2,2026-02-01,2026-04-01,25957,19422,6535,FENABRAVE,autos_e_comerciais_leves,54be1711dced6b43a3932a5a75f842480cb656e33d6114d3cf189b8050912195,1.9.1
hibridos,teste,random_forest,2,2026-02-01,2026-04-01,25957,19917.1057,6039.8943,FENABRAVE,autos_e_comerciais_leves,54be1711dced6b43a3932a5a75f842480cb656e33d6114d3cf189b8050912195,1.9.1
hibridos,teste,ridge,2,2026-02-01,2026-04-01,25957,22697.0112,3259.9888,FENABRAVE,autos_e_comerciais_leves,54be1711dced6b43a3932a5a75f842480cb656e33d6114d3cf189b8050912195,1.9.1
hibridos,teste,sazonal_12m,2,2026-02-01,2026-04-01,25957,15123,10834,FENABRAVE,autos_e_comerciais_leves,54be1711dced6b43a3932a5a75f842480cb656e33d6114d3cf189b8050912195,1.9.1
hibridos,teste,media_3m,3,2026-02-01,2026-05-01,30639,22271.6667,8367.3333,FENABRAVE,autos_e_comerciais_leves,54be1711dced6b43a3932a5a75f842480cb656e33d6114d3cf189b8050912195,1.9.1
hibridos,teste,persistencia,3,2026-02-01,2026-05-01,30639,19422,11217,FENABRAVE,autos_e_comerciais_leves,54be1711dced6b43a3932a5a75f842480cb656e33d6114d3cf189b8050912195,1.9.1
hibridos,teste,random_forest,3,2026-02-01,2026-05-01,30639,20293.0675,10345.9325,FENABRAVE,autos_e_comerciais_leves,54be1711dced6b43a3932a5a75f842480cb656e33d6114d3cf189b8050912195,1.9.1
hibridos,teste,ridge,3,2026-02-01,2026-05-01,30639,24013.957,6625.043,FENABRAVE,autos_e_comerciais_leves,54be1711dced6b43a3932a5a75f842480cb656e33d6114d3cf189b8050912195,1.9.1
hibridos,teste,sazonal_12m,3,2026-02-01,2026-05-01,30639,15306,15333,FENABRAVE,autos_e_comerciais_leves,54be1711dced6b43a3932a5a75f842480cb656e33d6114d3cf189b8050912195,1.9.1
hibridos,teste,media_3m,1,2026-03-01,2026-04-01,25957,21517,4440,FENABRAVE,autos_e_comerciais_leves,54be1711dced6b43a3932a5a75f842480cb656e33d6114d3cf189b8050912195,1.9.1
hibridos,teste,persistencia,1,2026-03-01,2026-04-01,25957,25959,2,FENABRAVE,autos_e_comerciais_leves,54be1711dced6b43a3932a5a75f842480cb656e33d6114d3cf189b8050912195,1.9.1
hibridos,teste,random_forest,1,2026-03-01,2026-04-01,25957,21693.3049,4263.6951,FENABRAVE,autos_e_comerciais_leves,54be1711dced6b43a3932a5a75f842480cb656e33d6114d3cf189b8050912195,1.9.1
hibridos,teste,ridge,1,2026-03-01,2026-04-01,25957,22148.6107,3808.3893,FENABRAVE,autos_e_comerciais_leves,54be1711dced6b43a3932a5a75f842480cb656e33d6114d3cf189b8050912195,1.9.1
hibridos,teste,sazonal_12m,1,2026-03-01,2026-04-01,25957,15123,10834,FENABRAVE,autos_e_comerciais_leves,54be1711dced6b43a3932a5a75f842480cb656e33d6114d3cf189b8050912195,1.9.1
hibridos,teste,media_3m,2,2026-03-01,2026-05-01,30639,21517,9122,FENABRAVE,autos_e_comerciais_leves,54be1711dced6b43a3932a5a75f842480cb656e33d6114d3cf189b8050912195,1.9.1
hibridos,teste,persistencia,2,2026-03-01,2026-05-01,30639,25959,4680,FENABRAVE,autos_e_comerciais_leves,54be1711dced6b43a3932a5a75f842480cb656e33d6114d3cf189b8050912195,1.9.1
hibridos,teste,random_forest,2,2026-03-01,2026-05-01,30639,21275.0607,9363.9393,FENABRAVE,autos_e_comerciais_leves,54be1711dced6b43a3932a5a75f842480cb656e33d6114d3cf189b8050912195,1.9.1
hibridos,teste,ridge,2,2026-03-01,2026-05-01,30639,22296.3786,8342.6214,FENABRAVE,autos_e_comerciais_leves,54be1711dced6b43a3932a5a75f842480cb656e33d6114d3cf189b8050912195,1.9.1
hibridos,teste,sazonal_12m,2,2026-03-01,2026-05-01,30639,15306,15333,FENABRAVE,autos_e_comerciais_leves,54be1711dced6b43a3932a5a75f842480cb656e33d6114d3cf189b8050912195,1.9.1
hibridos,teste,media_3m,3,2026-03-01,2026-06-01,33374,21517,11857,FENABRAVE,autos_e_comerciais_leves,54be1711dced6b43a3932a5a75f842480cb656e33d6114d3cf189b8050912195,1.9.1
hibridos,teste,persistencia,3,2026-03-01,2026-06-01,33374,25959,7415,FENABRAVE,autos_e_comerciais_leves,54be1711dced6b43a3932a5a75f842480cb656e33d6114d3cf189b8050912195,1.9.1
hibridos,teste,random_forest,3,2026-03-01,2026-06-01,33374,22148.7564,11225.2436,FENABRAVE,autos_e_comerciais_leves,54be1711dced6b43a3932a5a75f842480cb656e33d6114d3cf189b8050912195,1.9.1
hibridos,teste,ridge,3,2026-03-01,2026-06-01,33374,23409.7757,9964.2243,FENABRAVE,autos_e_comerciais_leves,54be1711dced6b43a3932a5a75f842480cb656e33d6114d3cf189b8050912195,1.9.1
hibridos,teste,sazonal_12m,3,2026-03-01,2026-06-01,33374,15420,17954,FENABRAVE,autos_e_comerciais_leves,54be1711dced6b43a3932a5a75f842480cb656e33d6114d3cf189b8050912195,1.9.1
hibridos,teste,media_3m,1,2026-04-01,2026-05-01,30639,23779.3333,6859.6667,FENABRAVE,autos_e_comerciais_leves,54be1711dced6b43a3932a5a75f842480cb656e33d6114d3cf189b8050912195,1.9.1
hibridos,teste,persistencia,1,2026-04-01,2026-05-01,30639,25957,4682,FENABRAVE,autos_e_comerciais_leves,54be1711dced6b43a3932a5a75f842480cb656e33d6114d3cf189b8050912195,1.9.1
hibridos,teste,random_forest,1,2026-04-01,2026-05-01,30639,22833.5727,7805.4273,FENABRAVE,autos_e_comerciais_leves,54be1711dced6b43a3932a5a75f842480cb656e33d6114d3cf189b8050912195,1.9.1
hibridos,teste,ridge,1,2026-04-01,2026-05-01,30639,23864.8536,6774.1464,FENABRAVE,autos_e_comerciais_leves,54be1711dced6b43a3932a5a75f842480cb656e33d6114d3cf189b8050912195,1.9.1
hibridos,teste,sazonal_12m,1,2026-04-01,2026-05-01,30639,15306,15333,FENABRAVE,autos_e_comerciais_leves,54be1711dced6b43a3932a5a75f842480cb656e33d6114d3cf189b8050912195,1.9.1
hibridos,teste,media_3m,2,2026-04-01,2026-06-01,33374,23779.3333,9594.6667,FENABRAVE,autos_e_comerciais_leves,54be1711dced6b43a3932a5a75f842480cb656e33d6114d3cf189b8050912195,1.9.1
hibridos,teste,persistencia,2,2026-04-01,2026-06-01,33374,25957,7417,FENABRAVE,autos_e_comerciais_leves,54be1711dced6b43a3932a5a75f842480cb656e33d6114d3cf189b8050912195,1.9.1
hibridos,teste,random_forest,2,2026-04-01,2026-06-01,33374,23188.5895,10185.4105,FENABRAVE,autos_e_comerciais_leves,54be1711dced6b43a3932a5a75f842480cb656e33d6114d3cf189b8050912195,1.9.1
hibridos,teste,ridge,2,2026-04-01,2026-06-01,33374,24214.8461,9159.1539,FENABRAVE,autos_e_comerciais_leves,54be1711dced6b43a3932a5a75f842480cb656e33d6114d3cf189b8050912195,1.9.1
hibridos,teste,sazonal_12m,2,2026-04-01,2026-06-01,33374,15420,17954,FENABRAVE,autos_e_comerciais_leves,54be1711dced6b43a3932a5a75f842480cb656e33d6114d3cf189b8050912195,1.9.1
hibridos,teste,media_3m,3,2026-04-01,2026-07-01,36512,23779.3333,12732.6667,FENABRAVE,autos_e_comerciais_leves,54be1711dced6b43a3932a5a75f842480cb656e33d6114d3cf189b8050912195,1.9.1
hibridos,teste,persistencia,3,2026-04-01,2026-07-01,36512,25957,10555,FENABRAVE,autos_e_comerciais_leves,54be1711dced6b43a3932a5a75f842480cb656e33d6114d3cf189b8050912195,1.9.1
hibridos,teste,random_forest,3,2026-04-01,2026-07-01,36512,23451.9583,13060.0417,FENABRAVE,autos_e_comerciais_leves,54be1711dced6b43a3932a5a75f842480cb656e33d6114d3cf189b8050912195,1.9.1
hibridos,teste,ridge,3,2026-04-01,2026-07-01,36512,25516.3476,10995.6524,FENABRAVE,autos_e_comerciais_leves,54be1711dced6b43a3932a5a75f842480cb656e33d6114d3cf189b8050912195,1.9.1
hibridos,teste,sazonal_12m,3,2026-04-01,2026-07-01,36512,18163,18349,FENABRAVE,autos_e_comerciais_leves,54be1711dced6b43a3932a5a75f842480cb656e33d6114d3cf189b8050912195,1.9.1
hibridos,teste,media_3m,1,2026-05-01,2026-06-01,33374,27518.3333,5855.6667,FENABRAVE,autos_e_comerciais_leves,54be1711dced6b43a3932a5a75f842480cb656e33d6114d3cf189b8050912195,1.9.1
hibridos,teste,persistencia,1,2026-05-01,2026-06-01,33374,30639,2735,FENABRAVE,autos_e_comerciais_leves,54be1711dced6b43a3932a5a75f842480cb656e33d6114d3cf189b8050912195,1.9.1
hibridos,teste,random_forest,1,2026-05-01,2026-06-01,33374,25750.0037,7623.9963,FENABRAVE,autos_e_comerciais_leves,54be1711dced6b43a3932a5a75f842480cb656e33d6114d3cf189b8050912195,1.9.1
hibridos,teste,ridge,1,2026-05-01,2026-06-01,33374,28095.0253,5278.9747,FENABRAVE,autos_e_comerciais_leves,54be1711dced6b43a3932a5a75f842480cb656e33d6114d3cf189b8050912195,1.9.1
hibridos,teste,sazonal_12m,1,2026-05-01,2026-06-01,33374,15420,17954,FENABRAVE,autos_e_comerciais_leves,54be1711dced6b43a3932a5a75f842480cb656e33d6114d3cf189b8050912195,1.9.1
hibridos,teste,media_3m,2,2026-05-01,2026-07-01,36512,27518.3333,8993.6667,FENABRAVE,autos_e_comerciais_leves,54be1711dced6b43a3932a5a75f842480cb656e33d6114d3cf189b8050912195,1.9.1
hibridos,teste,persistencia,2,2026-05-01,2026-07-01,36512,30639,5873,FENABRAVE,autos_e_comerciais_leves,54be1711dced6b43a3932a5a75f842480cb656e33d6114d3cf189b8050912195,1.9.1
hibridos,teste,random_forest,2,2026-05-01,2026-07-01,36512,24911.837,11600.163,FENABRAVE,autos_e_comerciais_leves,54be1711dced6b43a3932a5a75f842480cb656e33d6114d3cf189b8050912195,1.9.1
hibridos,teste,ridge,2,2026-05-01,2026-07-01,36512,28599.9787,7912.0213,FENABRAVE,autos_e_comerciais_leves,54be1711dced6b43a3932a5a75f842480cb656e33d6114d3cf189b8050912195,1.9.1
hibridos,teste,sazonal_12m,2,2026-05-01,2026-07-01,36512,18163,18349,FENABRAVE,autos_e_comerciais_leves,54be1711dced6b43a3932a5a75f842480cb656e33d6114d3cf189b8050912195,1.9.1
hibridos,teste,media_3m,3,2026-05-01,2026-08-01,36900,27518.3333,9381.6667,FENABRAVE,autos_e_comerciais_leves,54be1711dced6b43a3932a5a75f842480cb656e33d6114d3cf189b8050912195,1.9.1
hibridos,teste,persistencia,3,2026-05-01,2026-08-01,36900,30639,6261,FENABRAVE,autos_e_comerciais_leves,54be1711dced6b43a3932a5a75f842480cb656e33d6114d3cf189b8050912195,1.9.1
hibridos,teste,random_forest,3,2026-05-01,2026-08-01,36900,25625.449,11274.551,FENABRAVE,autos_e_comerciais_leves,54be1711dced6b43a3932a5a75f842480cb656e33d6114d3cf189b8050912195,1.9.1
hibridos,teste,ridge,3,2026-05-01,2026-08-01,36900,29864.6528,7035.3472,FENABRAVE,autos_e_comerciais_leves,54be1711dced6b43a3932a5a75f842480cb656e33d6114d3cf189b8050912195,1.9.1
hibridos,teste,sazonal_12m,3,2026-05-01,2026-08-01,36900,17694,19206,FENABRAVE,autos_e_comerciais_leves,54be1711dced6b43a3932a5a75f842480cb656e33d6114d3cf189b8050912195,1.9.1
hibridos,teste,media_3m,1,2026-06-01,2026-07-01,36512,29990,6522,FENABRAVE,autos_e_comerciais_leves,54be1711dced6b43a3932a5a75f842480cb656e33d6114d3cf189b8050912195,1.9.1
hibridos,teste,persistencia,1,2026-06-01,2026-07-01,36512,33374,3138,FENABRAVE,autos_e_comerciais_leves,54be1711dced6b43a3932a5a75f842480cb656e33d6114d3cf189b8050912195,1.9.1
hibridos,teste,random_forest,1,2026-06-01,2026-07-01,36512,27557.1735,8954.8265,FENABRAVE,autos_e_comerciais_leves,54be1711dced6b43a3932a5a75f842480cb656e33d6114d3cf189b8050912195,1.9.1
hibridos,teste,ridge,1,2026-06-01,2026-07-01,36512,30895.3505,5616.6495,FENABRAVE,autos_e_comerciais_leves,54be1711dced6b43a3932a5a75f842480cb656e33d6114d3cf189b8050912195,1.9.1
hibridos,teste,sazonal_12m,1,2026-06-01,2026-07-01,36512,18163,18349,FENABRAVE,autos_e_comerciais_leves,54be1711dced6b43a3932a5a75f842480cb656e33d6114d3cf189b8050912195,1.9.1
hibridos,teste,media_3m,2,2026-06-01,2026-08-01,36900,29990,6910,FENABRAVE,autos_e_comerciais_leves,54be1711dced6b43a3932a5a75f842480cb656e33d6114d3cf189b8050912195,1.9.1
hibridos,teste,persistencia,2,2026-06-01,2026-08-01,36900,33374,3526,FENABRAVE,autos_e_comerciais_leves,54be1711dced6b43a3932a5a75f842480cb656e33d6114d3cf189b8050912195,1.9.1
hibridos,teste,random_forest,2,2026-06-01,2026-08-01,36900,27443.8479,9456.1521,FENABRAVE,autos_e_comerciais_leves,54be1711dced6b43a3932a5a75f842480cb656e33d6114d3cf189b8050912195,1.9.1
hibridos,teste,ridge,2,2026-06-01,2026-08-01,36900,32052.2015,4847.7985,FENABRAVE,autos_e_comerciais_leves,54be1711dced6b43a3932a5a75f842480cb656e33d6114d3cf189b8050912195,1.9.1
hibridos,teste,sazonal_12m,2,2026-06-01,2026-08-01,36900,17694,19206,FENABRAVE,autos_e_comerciais_leves,54be1711dced6b43a3932a5a75f842480cb656e33d6114d3cf189b8050912195,1.9.1
hibridos,teste,media_3m,1,2026-07-01,2026-08-01,36900,33508.3333,3391.6667,FENABRAVE,autos_e_comerciais_leves,54be1711dced6b43a3932a5a75f842480cb656e33d6114d3cf189b8050912195,1.9.1
hibridos,teste,persistencia,1,2026-07-01,2026-08-01,36900,36512,388,FENABRAVE,autos_e_comerciais_leves,54be1711dced6b43a3932a5a75f842480cb656e33d6114d3cf189b8050912195,1.9.1
hibridos,teste,random_forest,1,2026-07-01,2026-08-01,36900,29457.7726,7442.2274,FENABRAVE,autos_e_comerciais_leves,54be1711dced6b43a3932a5a75f842480cb656e33d6114d3cf189b8050912195,1.9.1
hibridos,teste,ridge,1,2026-07-01,2026-08-01,36900,34813.8613,2086.1387,FENABRAVE,autos_e_comerciais_leves,54be1711dced6b43a3932a5a75f842480cb656e33d6114d3cf189b8050912195,1.9.1
hibridos,teste,sazonal_12m,1,2026-07-01,2026-08-01,36900,17694,19206,FENABRAVE,autos_e_comerciais_leves,54be1711dced6b43a3932a5a75f842480cb656e33d6114d3cf189b8050912195,1.9.1
hibridos,validacao,media_3m,1,2025-07-01,2025-08-01,17694,16296.3333,1397.6667,FENABRAVE,autos_e_comerciais_leves,54be1711dced6b43a3932a5a75f842480cb656e33d6114d3cf189b8050912195,1.9.1
hibridos,validacao,persistencia,1,2025-07-01,2025-08-01,17694,18163,469,FENABRAVE,autos_e_comerciais_leves,54be1711dced6b43a3932a5a75f842480cb656e33d6114d3cf189b8050912195,1.9.1
hibridos,validacao,random_forest,1,2025-07-01,2025-08-01,17694,15138.1566,2555.8434,FENABRAVE,autos_e_comerciais_leves,54be1711dced6b43a3932a5a75f842480cb656e33d6114d3cf189b8050912195,1.9.1
hibridos,validacao,ridge,1,2025-07-01,2025-08-01,17694,16430.1042,1263.8958,FENABRAVE,autos_e_comerciais_leves,54be1711dced6b43a3932a5a75f842480cb656e33d6114d3cf189b8050912195,1.9.1
hibridos,validacao,sazonal_12m,1,2025-07-01,2025-08-01,17694,9552,8142,FENABRAVE,autos_e_comerciais_leves,54be1711dced6b43a3932a5a75f842480cb656e33d6114d3cf189b8050912195,1.9.1
hibridos,validacao,media_3m,2,2025-07-01,2025-09-01,19090,16296.3333,2793.6667,FENABRAVE,autos_e_comerciais_leves,54be1711dced6b43a3932a5a75f842480cb656e33d6114d3cf189b8050912195,1.9.1
hibridos,validacao,persistencia,2,2025-07-01,2025-09-01,19090,18163,927,FENABRAVE,autos_e_comerciais_leves,54be1711dced6b43a3932a5a75f842480cb656e33d6114d3cf189b8050912195,1.9.1
hibridos,validacao,random_forest,2,2025-07-01,2025-09-01,19090,15105.2805,3984.7195,FENABRAVE,autos_e_comerciais_leves,54be1711dced6b43a3932a5a75f842480cb656e33d6114d3cf189b8050912195,1.9.1
hibridos,validacao,ridge,2,2025-07-01,2025-09-01,19090,16193.3192,2896.6808,FENABRAVE,autos_e_comerciais_leves,54be1711dced6b43a3932a5a75f842480cb656e33d6114d3cf189b8050912195,1.9.1
hibridos,validacao,sazonal_12m,2,2025-07-01,2025-09-01,19090,8630,10460,FENABRAVE,autos_e_comerciais_leves,54be1711dced6b43a3932a5a75f842480cb656e33d6114d3cf189b8050912195,1.9.1
hibridos,validacao,media_3m,3,2025-07-01,2025-10-01,19848,16296.3333,3551.6667,FENABRAVE,autos_e_comerciais_leves,54be1711dced6b43a3932a5a75f842480cb656e33d6114d3cf189b8050912195,1.9.1
hibridos,validacao,persistencia,3,2025-07-01,2025-10-01,19848,18163,1685,FENABRAVE,autos_e_comerciais_leves,54be1711dced6b43a3932a5a75f842480cb656e33d6114d3cf189b8050912195,1.9.1
hibridos,validacao,random_forest,3,2025-07-01,2025-10-01,19848,15240.4377,4607.5623,FENABRAVE,autos_e_comerciais_leves,54be1711dced6b43a3932a5a75f842480cb656e33d6114d3cf189b8050912195,1.9.1
hibridos,validacao,ridge,3,2025-07-01,2025-10-01,19848,17026.6206,2821.3794,FENABRAVE,autos_e_comerciais_leves,54be1711dced6b43a3932a5a75f842480cb656e33d6114d3cf189b8050912195,1.9.1
hibridos,validacao,sazonal_12m,3,2025-07-01,2025-10-01,19848,9923,9925,FENABRAVE,autos_e_comerciais_leves,54be1711dced6b43a3932a5a75f842480cb656e33d6114d3cf189b8050912195,1.9.1
hibridos,validacao,media_3m,1,2025-08-01,2025-09-01,19090,17092.3333,1997.6667,FENABRAVE,autos_e_comerciais_leves,54be1711dced6b43a3932a5a75f842480cb656e33d6114d3cf189b8050912195,1.9.1
hibridos,validacao,persistencia,1,2025-08-01,2025-09-01,19090,17694,1396,FENABRAVE,autos_e_comerciais_leves,54be1711dced6b43a3932a5a75f842480cb656e33d6114d3cf189b8050912195,1.9.1
hibridos,validacao,random_forest,1,2025-08-01,2025-09-01,19090,15887.698,3202.302,FENABRAVE,autos_e_comerciais_leves,54be1711dced6b43a3932a5a75f842480cb656e33d6114d3cf189b8050912195,1.9.1
hibridos,validacao,ridge,1,2025-08-01,2025-09-01,19090,17136.024,1953.976,FENABRAVE,autos_e_comerciais_leves,54be1711dced6b43a3932a5a75f842480cb656e33d6114d3cf189b8050912195,1.9.1
hibridos,validacao,sazonal_12m,1,2025-08-01,2025-09-01,19090,8630,10460,FENABRAVE,autos_e_comerciais_leves,54be1711dced6b43a3932a5a75f842480cb656e33d6114d3cf189b8050912195,1.9.1
hibridos,validacao,media_3m,2,2025-08-01,2025-10-01,19848,17092.3333,2755.6667,FENABRAVE,autos_e_comerciais_leves,54be1711dced6b43a3932a5a75f842480cb656e33d6114d3cf189b8050912195,1.9.1
hibridos,validacao,persistencia,2,2025-08-01,2025-10-01,19848,17694,2154,FENABRAVE,autos_e_comerciais_leves,54be1711dced6b43a3932a5a75f842480cb656e33d6114d3cf189b8050912195,1.9.1
hibridos,validacao,random_forest,2,2025-08-01,2025-10-01,19848,16154.0005,3693.9995,FENABRAVE,autos_e_comerciais_leves,54be1711dced6b43a3932a5a75f842480cb656e33d6114d3cf189b8050912195,1.9.1
hibridos,validacao,ridge,2,2025-08-01,2025-10-01,19848,17410.5869,2437.4131,FENABRAVE,autos_e_comerciais_leves,54be1711dced6b43a3932a5a75f842480cb656e33d6114d3cf189b8050912195,1.9.1
hibridos,validacao,sazonal_12m,2,2025-08-01,2025-10-01,19848,9923,9925,FENABRAVE,autos_e_comerciais_leves,54be1711dced6b43a3932a5a75f842480cb656e33d6114d3cf189b8050912195,1.9.1
hibridos,validacao,media_3m,3,2025-08-01,2025-11-01,18884,17092.3333,1791.6667,FENABRAVE,autos_e_comerciais_leves,54be1711dced6b43a3932a5a75f842480cb656e33d6114d3cf189b8050912195,1.9.1
hibridos,validacao,persistencia,3,2025-08-01,2025-11-01,18884,17694,1190,FENABRAVE,autos_e_comerciais_leves,54be1711dced6b43a3932a5a75f842480cb656e33d6114d3cf189b8050912195,1.9.1
hibridos,validacao,random_forest,3,2025-08-01,2025-11-01,18884,16234.7954,2649.2046,FENABRAVE,autos_e_comerciais_leves,54be1711dced6b43a3932a5a75f842480cb656e33d6114d3cf189b8050912195,1.9.1
hibridos,validacao,ridge,3,2025-08-01,2025-11-01,18884,18689.3021,194.6979,FENABRAVE,autos_e_comerciais_leves,54be1711dced6b43a3932a5a75f842480cb656e33d6114d3cf189b8050912195,1.9.1
hibridos,validacao,sazonal_12m,3,2025-08-01,2025-11-01,18884,11727,7157,FENABRAVE,autos_e_comerciais_leves,54be1711dced6b43a3932a5a75f842480cb656e33d6114d3cf189b8050912195,1.9.1
hibridos,validacao,media_3m,1,2025-09-01,2025-10-01,19848,18315.6667,1532.3333,FENABRAVE,autos_e_comerciais_leves,54be1711dced6b43a3932a5a75f842480cb656e33d6114d3cf189b8050912195,1.9.1
hibridos,validacao,persistencia,1,2025-09-01,2025-10-01,19848,19090,758,FENABRAVE,autos_e_comerciais_leves,54be1711dced6b43a3932a5a75f842480cb656e33d6114d3cf189b8050912195,1.9.1
hibridos,validacao,random_forest,1,2025-09-01,2025-10-01,19848,16603.5756,3244.4244,FENABRAVE,autos_e_comerciais_leves,54be1711dced6b43a3932a5a75f842480cb656e33d6114d3cf189b8050912195,1.9.1
hibridos,validacao,ridge,1,2025-09-01,2025-10-01,19848,18742.9734,1105.0266,FENABRAVE,autos_e_comerciais_leves,54be1711dced6b43a3932a5a75f842480cb656e33d6114d3cf189b8050912195,1.9.1
hibridos,validacao,sazonal_12m,1,2025-09-01,2025-10-01,19848,9923,9925,FENABRAVE,autos_e_comerciais_leves,54be1711dced6b43a3932a5a75f842480cb656e33d6114d3cf189b8050912195,1.9.1
hibridos,validacao,media_3m,2,2025-09-01,2025-11-01,18884,18315.6667,568.3333,FENABRAVE,autos_e_comerciais_leves,54be1711dced6b43a3932a5a75f842480cb656e33d6114d3cf189b8050912195,1.9.1
hibridos,validacao,persistencia,2,2025-09-01,2025-11-01,18884,19090,206,FENABRAVE,autos_e_comerciais_leves,54be1711dced6b43a3932a5a75f842480cb656e33d6114d3cf189b8050912195,1.9.1
hibridos,validacao,random_forest,2,2025-09-01,2025-11-01,18884,16937.22,1946.78,FENABRAVE,autos_e_comerciais_leves,54be1711dced6b43a3932a5a75f842480cb656e33d6114d3cf189b8050912195,1.9.1
hibridos,validacao,ridge,2,2025-09-01,2025-11-01,18884,19322.3381,438.3381,FENABRAVE,autos_e_comerciais_leves,54be1711dced6b43a3932a5a75f842480cb656e33d6114d3cf189b8050912195,1.9.1
hibridos,validacao,sazonal_12m,2,2025-09-01,2025-11-01,18884,11727,7157,FENABRAVE,autos_e_comerciais_leves,54be1711dced6b43a3932a5a75f842480cb656e33d6114d3cf189b8050912195,1.9.1
hibridos,validacao,media_3m,3,2025-09-01,2025-12-01,28223,18315.6667,9907.3333,FENABRAVE,autos_e_comerciais_leves,54be1711dced6b43a3932a5a75f842480cb656e33d6114d3cf189b8050912195,1.9.1
hibridos,validacao,persistencia,3,2025-09-01,2025-12-01,28223,19090,9133,FENABRAVE,autos_e_comerciais_leves,54be1711dced6b43a3932a5a75f842480cb656e33d6114d3cf189b8050912195,1.9.1
hibridos,validacao,random_forest,3,2025-09-01,2025-12-01,28223,16838.5449,11384.4551,FENABRAVE,autos_e_comerciais_leves,54be1711dced6b43a3932a5a75f842480cb656e33d6114d3cf189b8050912195,1.9.1
hibridos,validacao,ridge,3,2025-09-01,2025-12-01,28223,20564.0901,7658.9099,FENABRAVE,autos_e_comerciais_leves,54be1711dced6b43a3932a5a75f842480cb656e33d6114d3cf189b8050912195,1.9.1
hibridos,validacao,sazonal_12m,3,2025-09-01,2025-12-01,28223,17265,10958,FENABRAVE,autos_e_comerciais_leves,54be1711dced6b43a3932a5a75f842480cb656e33d6114d3cf189b8050912195,1.9.1
hibridos,validacao,media_3m,1,2025-10-01,2025-11-01,18884,18877.3333,6.6667,FENABRAVE,autos_e_comerciais_leves,54be1711dced6b43a3932a5a75f842480cb656e33d6114d3cf189b8050912195,1.9.1
hibridos,validacao,persistencia,1,2025-10-01,2025-11-01,18884,19848,964,FENABRAVE,autos_e_comerciais_leves,54be1711dced6b43a3932a5a75f842480cb656e33d6114d3cf189b8050912195,1.9.1
hibridos,validacao,random_forest,1,2025-10-01,2025-11-01,18884,17569.7412,1314.2588,FENABRAVE,autos_e_comerciais_leves,54be1711dced6b43a3932a5a75f842480cb656e33d6114d3cf189b8050912195,1.9.1
hibridos,validacao,ridge,1,2025-10-01,2025-11-01,18884,19563.7701,679.7701,FENABRAVE,autos_e_comerciais_leves,54be1711dced6b43a3932a5a75f842480cb656e33d6114d3cf189b8050912195,1.9.1
hibridos,validacao,sazonal_12m,1,2025-10-01,2025-11-01,18884,11727,7157,FENABRAVE,autos_e_comerciais_leves,54be1711dced6b43a3932a5a75f842480cb656e33d6114d3cf189b8050912195,1.9.1
hibridos,validacao,media_3m,2,2025-10-01,2025-12-01,28223,18877.3333,9345.6667,FENABRAVE,autos_e_comerciais_leves,54be1711dced6b43a3932a5a75f842480cb656e33d6114d3cf189b8050912195,1.9.1
hibridos,validacao,persistencia,2,2025-10-01,2025-12-01,28223,19848,8375,FENABRAVE,autos_e_comerciais_leves,54be1711dced6b43a3932a5a75f842480cb656e33d6114d3cf189b8050912195,1.9.1
hibridos,validacao,random_forest,2,2025-10-01,2025-12-01,28223,17396.8462,10826.1538,FENABRAVE,autos_e_comerciais_leves,54be1711dced6b43a3932a5a75f842480cb656e33d6114d3cf189b8050912195,1.9.1
hibridos,validacao,ridge,2,2025-10-01,2025-12-01,28223,20262.8034,7960.1966,FENABRAVE,autos_e_comerciais_leves,54be1711dced6b43a3932a5a75f842480cb656e33d6114d3cf189b8050912195,1.9.1
hibridos,validacao,sazonal_12m,2,2025-10-01,2025-12-01,28223,17265,10958,FENABRAVE,autos_e_comerciais_leves,54be1711dced6b43a3932a5a75f842480cb656e33d6114d3cf189b8050912195,1.9.1
hibridos,validacao,media_3m,3,2025-10-01,2026-01-01,19170,18877.3333,292.6667,FENABRAVE,autos_e_comerciais_leves,54be1711dced6b43a3932a5a75f842480cb656e33d6114d3cf189b8050912195,1.9.1
hibridos,validacao,persistencia,3,2025-10-01,2026-01-01,19170,19848,678,FENABRAVE,autos_e_comerciais_leves,54be1711dced6b43a3932a5a75f842480cb656e33d6114d3cf189b8050912195,1.9.1
hibridos,validacao,random_forest,3,2025-10-01,2026-01-01,19170,17312.0364,1857.9636,FENABRAVE,autos_e_comerciais_leves,54be1711dced6b43a3932a5a75f842480cb656e33d6114d3cf189b8050912195,1.9.1
hibridos,validacao,ridge,3,2025-10-01,2026-01-01,19170,21499.6678,2329.6678,FENABRAVE,autos_e_comerciais_leves,54be1711dced6b43a3932a5a75f842480cb656e33d6114d3cf189b8050912195,1.9.1
hibridos,validacao,sazonal_12m,3,2025-10-01,2026-01-01,19170,12799,6371,FENABRAVE,autos_e_comerciais_leves,54be1711dced6b43a3932a5a75f842480cb656e33d6114d3cf189b8050912195,1.9.1
hibridos,validacao,media_3m,1,2025-11-01,2025-12-01,28223,19274,8949,FENABRAVE,autos_e_comerciais_leves,54be1711dced6b43a3932a5a75f842480cb656e33d6114d3cf189b8050912195,1.9.1
hibridos,validacao,persistencia,1,2025-11-01,2025-12-01,28223,18884,9339,FENABRAVE,autos_e_comerciais_leves,54be1711dced6b43a3932a5a75f842480cb656e33d6114d3cf189b8050912195,1.9.1
hibridos,validacao,random_forest,1,2025-11-01,2025-12-01,28223,17839.8978,10383.1022,FENABRAVE,autos_e_comerciais_leves,54be1711dced6b43a3932a5a75f842480cb656e33d6114d3cf189b8050912195,1.9.1
hibridos,validacao,ridge,1,2025-11-01,2025-12-01,28223,19650.9589,8572.0411,FENABRAVE,autos_e_comerciais_leves,54be1711dced6b43a3932a5a75f842480cb656e33d6114d3cf189b8050912195,1.9.1
hibridos,validacao,sazonal_12m,1,2025-11-01,2025-12-01,28223,17265,10958,FENABRAVE,autos_e_comerciais_leves,54be1711dced6b43a3932a5a75f842480cb656e33d6114d3cf189b8050912195,1.9.1
hibridos,validacao,media_3m,2,2025-11-01,2026-01-01,19170,19274,104,FENABRAVE,autos_e_comerciais_leves,54be1711dced6b43a3932a5a75f842480cb656e33d6114d3cf189b8050912195,1.9.1
hibridos,validacao,persistencia,2,2025-11-01,2026-01-01,19170,18884,286,FENABRAVE,autos_e_comerciais_leves,54be1711dced6b43a3932a5a75f842480cb656e33d6114d3cf189b8050912195,1.9.1
hibridos,validacao,random_forest,2,2025-11-01,2026-01-01,19170,16307.7577,2862.2423,FENABRAVE,autos_e_comerciais_leves,54be1711dced6b43a3932a5a75f842480cb656e33d6114d3cf189b8050912195,1.9.1
hibridos,validacao,ridge,2,2025-11-01,2026-01-01,19170,20512.6818,1342.6818,FENABRAVE,autos_e_comerciais_leves,54be1711dced6b43a3932a5a75f842480cb656e33d6114d3cf189b8050912195,1.9.1
hibridos,validacao,sazonal_12m,2,2025-11-01,2026-01-01,19170,12799,6371,FENABRAVE,autos_e_comerciais_leves,54be1711dced6b43a3932a5a75f842480cb656e33d6114d3cf189b8050912195,1.9.1
hibridos,validacao,media_3m,1,2025-12-01,2026-01-01,19170,22318.3333,3148.3333,FENABRAVE,autos_e_comerciais_leves,54be1711dced6b43a3932a5a75f842480cb656e33d6114d3cf189b8050912195,1.9.1
hibridos,validacao,persistencia,1,2025-12-01,2026-01-01,19170,28223,9053,FENABRAVE,autos_e_comerciais_leves,54be1711dced6b43a3932a5a75f842480cb656e33d6114d3cf189b8050912195,1.9.1
hibridos,validacao,random_forest,1,2025-12-01,2026-01-01,19170,18660.2501,509.7499,FENABRAVE,autos_e_comerciais_leves,54be1711dced6b43a3932a5a75f842480cb656e33d6114d3cf189b8050912195,1.9.1
hibridos,validacao,ridge,1,2025-12-01,2026-01-01,19170,23824.445,4654.445,FENABRAVE,autos_e_comerciais_leves,54be1711dced6b43a3932a5a75f842480cb656e33d6114d3cf189b8050912195,1.9.1
hibridos,validacao,sazonal_12m,1,2025-12-01,2026-01-01,19170,12799,6371,FENABRAVE,autos_e_comerciais_leves,54be1711dced6b43a3932a5a75f842480cb656e33d6114d3cf189b8050912195,1.9.1
