tecnologia,etapa,metodo,horizonte_meses,n_previsoes,mae,rmse,wape_percentual,fonte,segmento_veiculos,sha256_entrada,tipo_avaliacao
BEV,teste,drift_12m,1,7,2150.077922,2697.723517,11.121860,ABVE,veiculos_leves_plugin,a684e426dabd617287b761a86e441b0caab0b32369571131cf4356cbeb14c9df,reanalise_exploratoria_teste_ja_conhecido
BEV,teste,drift_12m,2,6,4279.954545,4794.343964,20.280781,ABVE,veiculos_leves_plugin,a684e426dabd617287b761a86e441b0caab0b32369571131cf4356cbeb14c9df,reanalise_exploratoria_teste_ja_conhecido
BEV,teste,drift_12m,3,5,6288.036364,7030.852179,27.934909,ABVE,veiculos_leves_plugin,a684e426dabd617287b761a86e441b0caab0b32369571131cf4356cbeb14c9df,reanalise_exploratoria_teste_ja_conhecido
BEV,teste,holt_amortecido,1,7,3106.865861,3612.260520,16.071104,ABVE,veiculos_leves_plugin,a684e426dabd617287b761a86e441b0caab0b32369571131cf4356cbeb14c9df,reanalise_exploratoria_teste_ja_conhecido
BEV,teste,holt_amortecido,2,6,5727.750646,6004.239279,27.141236,ABVE,veiculos_leves_plugin,a684e426dabd617287b761a86e441b0caab0b32369571131cf4356cbeb14c9df,reanalise_exploratoria_teste_ja_conhecido
BEV,teste,holt_amortecido,3,5,8230.459211,8507.918059,36.564218,ABVE,veiculos_leves_plugin,a684e426dabd617287b761a86e441b0caab0b32369571131cf4356cbeb14c9df,reanalise_exploratoria_teste_ja_conhecido
BEV,teste,media_3m,1,7,4809.285714,5315.974060,24.877331,ABVE,veiculos_leves_plugin,a684e426dabd617287b761a86e441b0caab0b32369571131cf4356cbeb14c9df,reanalise_exploratoria_teste_ja_conhecido
BEV,teste,media_3m,2,6,7826.222222,7995.622990,37.084949,ABVE,veiculos_leves_plugin,a684e426dabd617287b761a86e441b0caab0b32369571131cf4356cbeb14c9df,reanalise_exploratoria_teste_ja_conhecido
BEV,teste,media_3m,3,5,10550.200000,10638.286202,46.869780,ABVE,veiculos_leves_plugin,a684e426dabd617287b761a86e441b0caab0b32369571131cf4356cbeb14c9df,reanalise_exploratoria_teste_ja_conhecido
BEV,teste,persistencia,1,7,2702.285714,3302.934150,13.978304,ABVE,veiculos_leves_plugin,a684e426dabd617287b761a86e441b0caab0b32369571131cf4356cbeb14c9df,reanalise_exploratoria_teste_ja_conhecido
BEV,teste,persistencia,2,6,5999.166667,6211.327059,28.427354,ABVE,veiculos_leves_plugin,a684e426dabd617287b761a86e441b0caab0b32369571131cf4356cbeb14c9df,reanalise_exploratoria_teste_ja_conhecido
BEV,teste,persistencia,3,5,8612.000000,8865.253634,38.259232,ABVE,veiculos_leves_plugin,a684e426dabd617287b761a86e441b0caab0b32369571131cf4356cbeb14c9df,reanalise_exploratoria_teste_ja_conhecido
BEV,teste,random_forest,1,7,7120.129105,7726.353761,36.830794,ABVE,veiculos_leves_plugin,a684e426dabd617287b761a86e441b0caab0b32369571131cf4356cbeb14c9df,reanalise_exploratoria_teste_ja_conhecido
BEV,teste,random_forest,2,6,9799.943797,9988.765362,46.437528,ABVE,veiculos_leves_plugin,a684e426dabd617287b761a86e441b0caab0b32369571131cf4356cbeb14c9df,reanalise_exploratoria_teste_ja_conhecido
BEV,teste,random_forest,3,5,12328.453963,12462.927092,54.769760,ABVE,veiculos_leves_plugin,a684e426dabd617287b761a86e441b0caab0b32369571131cf4356cbeb14c9df,reanalise_exploratoria_teste_ja_conhecido
BEV,teste,ridge,1,7,2971.105805,3614.855004,15.368849,ABVE,veiculos_leves_plugin,a684e426dabd617287b761a86e441b0caab0b32369571131cf4356cbeb14c9df,reanalise_exploratoria_teste_ja_conhecido
BEV,teste,ridge,2,6,4748.471031,5520.596873,22.500870,ABVE,veiculos_leves_plugin,a684e426dabd617287b761a86e441b0caab0b32369571131cf4356cbeb14c9df,reanalise_exploratoria_teste_ja_conhecido
BEV,teste,ridge,3,5,6866.391652,7301.940261,30.504281,ABVE,veiculos_leves_plugin,a684e426dabd617287b761a86e441b0caab0b32369571131cf4356cbeb14c9df,reanalise_exploratoria_teste_ja_conhecido
BEV,teste,sazonal_12m,1,7,13401.142857,14289.109109,69.321037,ABVE,veiculos_leves_plugin,a684e426dabd617287b761a86e441b0caab0b32369571131cf4356cbeb14c9df,reanalise_exploratoria_teste_ja_conhecido
BEV,teste,sazonal_12m,2,6,14932.833333,15337.959192,70.759985,ABVE,veiculos_leves_plugin,a684e426dabd617287b761a86e441b0caab0b32369571131cf4356cbeb14c9df,reanalise_exploratoria_teste_ja_conhecido
BEV,teste,sazonal_12m,3,5,16065.000000,16282.186395,71.369549,ABVE,veiculos_leves_plugin,a684e426dabd617287b761a86e441b0caab0b32369571131cf4356cbeb14c9df,reanalise_exploratoria_teste_ja_conhecido
BEV,teste,tendencia_log_6m,1,7,3704.219338,4143.515124,19.161077,ABVE,veiculos_leves_plugin,a684e426dabd617287b761a86e441b0caab0b32369571131cf4356cbeb14c9df,reanalise_exploratoria_teste_ja_conhecido
BEV,teste,tendencia_log_6m,2,6,5127.627998,6234.287568,24.297524,ABVE,veiculos_leves_plugin,a684e426dabd617287b761a86e441b0caab0b32369571131cf4356cbeb14c9df,reanalise_exploratoria_teste_ja_conhecido
BEV,teste,tendencia_log_6m,3,5,6134.504912,6838.325403,27.252838,ABVE,veiculos_leves_plugin,a684e426dabd617287b761a86e441b0caab0b32369571131cf4356cbeb14c9df,reanalise_exploratoria_teste_ja_conhecido
BEV,validacao,drift_12m,1,7,1580.948052,2222.897624,19.129220,ABVE,veiculos_leves_plugin,a684e426dabd617287b761a86e441b0caab0b32369571131cf4356cbeb14c9df,reanalise_exploratoria_teste_ja_conhecido
BEV,validacao,drift_12m,2,6,1217.909091,1545.989320,14.372870,ABVE,veiculos_leves_plugin,a684e426dabd617287b761a86e441b0caab0b32369571131cf4356cbeb14c9df,reanalise_exploratoria_teste_ja_conhecido
BEV,validacao,drift_12m,3,5,1358.672727,1635.661214,15.718829,ABVE,veiculos_leves_plugin,a684e426dabd617287b761a86e441b0caab0b32369571131cf4356cbeb14c9df,reanalise_exploratoria_teste_ja_conhecido
BEV,validacao,holt_amortecido,1,7,1331.300645,1775.372850,16.108526,ABVE,veiculos_leves_plugin,a684e426dabd617287b761a86e441b0caab0b32369571131cf4356cbeb14c9df,reanalise_exploratoria_teste_ja_conhecido
BEV,validacao,holt_amortecido,2,6,1241.939088,1557.457303,14.656454,ABVE,veiculos_leves_plugin,a684e426dabd617287b761a86e441b0caab0b32369571131cf4356cbeb14c9df,reanalise_exploratoria_teste_ja_conhecido
BEV,validacao,holt_amortecido,3,5,1291.449479,1635.668827,14.941106,ABVE,veiculos_leves_plugin,a684e426dabd617287b761a86e441b0caab0b32369571131cf4356cbeb14c9df,reanalise_exploratoria_teste_ja_conhecido
BEV,validacao,media_3m,1,7,1276.047619,1652.239851,15.439973,ABVE,veiculos_leves_plugin,a684e426dabd617287b761a86e441b0caab0b32369571131cf4356cbeb14c9df,reanalise_exploratoria_teste_ja_conhecido
BEV,validacao,media_3m,2,6,1473.111111,1834.565677,17.384577,ABVE,veiculos_leves_plugin,a684e426dabd617287b761a86e441b0caab0b32369571131cf4356cbeb14c9df,reanalise_exploratoria_teste_ja_conhecido
BEV,validacao,media_3m,3,5,1668.933333,2145.666765,19.308313,ABVE,veiculos_leves_plugin,a684e426dabd617287b761a86e441b0caab0b32369571131cf4356cbeb14c9df,reanalise_exploratoria_teste_ja_conhecido
BEV,validacao,persistencia,1,7,1534.857143,2127.744346,18.571527,ABVE,veiculos_leves_plugin,a684e426dabd617287b761a86e441b0caab0b32369571131cf4356cbeb14c9df,reanalise_exploratoria_teste_ja_conhecido
BEV,validacao,persistencia,2,6,1447.333333,1773.972097,17.080367,ABVE,veiculos_leves_plugin,a684e426dabd617287b761a86e441b0caab0b32369571131cf4356cbeb14c9df,reanalise_exploratoria_teste_ja_conhecido
BEV,validacao,persistencia,3,5,1446.600000,1878.869607,16.736082,ABVE,veiculos_leves_plugin,a684e426dabd617287b761a86e441b0caab0b32369571131cf4356cbeb14c9df,reanalise_exploratoria_teste_ja_conhecido
BEV,validacao,random_forest,1,7,1678.640703,2125.698793,20.311286,ABVE,veiculos_leves_plugin,a684e426dabd617287b761a86e441b0caab0b32369571131cf4356cbeb14c9df,reanalise_exploratoria_teste_ja_conhecido
BEV,validacao,random_forest,2,6,2319.183131,2657.641548,27.369299,ABVE,veiculos_leves_plugin,a684e426dabd617287b761a86e441b0caab0b32369571131cf4356cbeb14c9df,reanalise_exploratoria_teste_ja_conhecido
BEV,validacao,random_forest,3,5,2831.233017,3148.508307,32.755253,ABVE,veiculos_leves_plugin,a684e426dabd617287b761a86e441b0caab0b32369571131cf4356cbeb14c9df,reanalise_exploratoria_teste_ja_conhecido
BEV,validacao,ridge,1,7,1886.089252,2312.580791,22.821380,ABVE,veiculos_leves_plugin,a684e426dabd617287b761a86e441b0caab0b32369571131cf4356cbeb14c9df,reanalise_exploratoria_teste_ja_conhecido
BEV,validacao,ridge,2,6,2492.693164,2791.658965,29.416937,ABVE,veiculos_leves_plugin,a684e426dabd617287b761a86e441b0caab0b32369571131cf4356cbeb14c9df,reanalise_exploratoria_teste_ja_conhecido
BEV,validacao,ridge,3,5,3331.778084,3627.528683,38.546185,ABVE,veiculos_leves_plugin,a684e426dabd617287b761a86e441b0caab0b32369571131cf4356cbeb14c9df,reanalise_exploratoria_teste_ja_conhecido
BEV,validacao,sazonal_12m,1,7,3391.571429,3833.549251,41.037475,ABVE,veiculos_leves_plugin,a684e426dabd617287b761a86e441b0caab0b32369571131cf4356cbeb14c9df,reanalise_exploratoria_teste_ja_conhecido
BEV,validacao,sazonal_12m,2,6,3572.333333,4032.171665,42.158058,ABVE,veiculos_leves_plugin,a684e426dabd617287b761a86e441b0caab0b32369571131cf4356cbeb14c9df,reanalise_exploratoria_teste_ja_conhecido
BEV,validacao,sazonal_12m,3,5,3785.000000,4272.127550,43.789625,ABVE,veiculos_leves_plugin,a684e426dabd617287b761a86e441b0caab0b32369571131cf4356cbeb14c9df,reanalise_exploratoria_teste_ja_conhecido
BEV,validacao,tendencia_log_6m,1,7,1165.083569,1556.307706,14.097326,ABVE,veiculos_leves_plugin,a684e426dabd617287b761a86e441b0caab0b32369571131cf4356cbeb14c9df,reanalise_exploratoria_teste_ja_conhecido
BEV,validacao,tendencia_log_6m,2,6,1294.256574,1637.309292,15.273867,ABVE,veiculos_leves_plugin,a684e426dabd617287b761a86e441b0caab0b32369571131cf4356cbeb14c9df,reanalise_exploratoria_teste_ja_conhecido
BEV,validacao,tendencia_log_6m,3,5,1357.658792,1610.624331,15.707099,ABVE,veiculos_leves_plugin,a684e426dabd617287b761a86e441b0caab0b32369571131cf4356cbeb14c9df,reanalise_exploratoria_teste_ja_conhecido
PHEV,teste,drift_12m,1,7,1535.636364,1898.898755,9.858629,ABVE,veiculos_leves_plugin,a684e426dabd617287b761a86e441b0caab0b32369571131cf4356cbeb14c9df,reanalise_exploratoria_teste_ja_conhecido
PHEV,teste,drift_12m,2,6,3068.166667,3317.355811,18.291386,ABVE,veiculos_leves_plugin,a684e426dabd617287b761a86e441b0caab0b32369571131cf4356cbeb14c9df,reanalise_exploratoria_teste_ja_conhecido
PHEV,teste,drift_12m,3,5,4787.763636,5034.424642,27.118150,ABVE,veiculos_leves_plugin,a684e426dabd617287b761a86e441b0caab0b32369571131cf4356cbeb14c9df,reanalise_exploratoria_teste_ja_conhecido
PHEV,teste,holt_amortecido,1,7,2319.026333,2527.732228,14.887913,ABVE,veiculos_leves_plugin,a684e426dabd617287b761a86e441b0caab0b32369571131cf4356cbeb14c9df,reanalise_exploratoria_teste_ja_conhecido
PHEV,teste,holt_amortecido,2,6,3866.445848,4050.800096,23.050461,ABVE,veiculos_leves_plugin,a684e426dabd617287b761a86e441b0caab0b32369571131cf4356cbeb14c9df,reanalise_exploratoria_teste_ja_conhecido
PHEV,teste,holt_amortecido,3,5,5704.178113,5937.894362,32.308771,ABVE,veiculos_leves_plugin,a684e426dabd617287b761a86e441b0caab0b32369571131cf4356cbeb14c9df,reanalise_exploratoria_teste_ja_conhecido
PHEV,teste,media_3m,1,7,3402.952381,3571.514409,21.846607,ABVE,veiculos_leves_plugin,a684e426dabd617287b761a86e441b0caab0b32369571131cf4356cbeb14c9df,reanalise_exploratoria_teste_ja_conhecido
PHEV,teste,media_3m,2,6,4879.555556,5238.364287,29.090283,ABVE,veiculos_leves_plugin,a684e426dabd617287b761a86e441b0caab0b32369571131cf4356cbeb14c9df,reanalise_exploratoria_teste_ja_conhecido
PHEV,teste,media_3m,3,5,6531.466667,6928.465185,36.994578,ABVE,veiculos_leves_plugin,a684e426dabd617287b761a86e441b0caab0b32369571131cf4356cbeb14c9df,reanalise_exploratoria_teste_ja_conhecido
PHEV,teste,persistencia,1,7,1735.428571,2212.253408,11.141274,ABVE,veiculos_leves_plugin,a684e426dabd617287b761a86e441b0caab0b32369571131cf4356cbeb14c9df,reanalise_exploratoria_teste_ja_conhecido
PHEV,teste,persistencia,2,6,4040.500000,4146.374460,24.088113,ABVE,veiculos_leves_plugin,a684e426dabd617287b761a86e441b0caab0b32369571131cf4356cbeb14c9df,reanalise_exploratoria_teste_ja_conhecido
PHEV,teste,persistencia,3,5,6016.400000,6127.983714,34.077212,ABVE,veiculos_leves_plugin,a684e426dabd617287b761a86e441b0caab0b32369571131cf4356cbeb14c9df,reanalise_exploratoria_teste_ja_conhecido
PHEV,teste,random_forest,1,7,4612.800792,4987.403224,29.613711,ABVE,veiculos_leves_plugin,a684e426dabd617287b761a86e441b0caab0b32369571131cf4356cbeb14c9df,reanalise_exploratoria_teste_ja_conhecido
PHEV,teste,random_forest,2,6,6369.281859,6626.077306,37.971534,ABVE,veiculos_leves_plugin,a684e426dabd617287b761a86e441b0caab0b32369571131cf4356cbeb14c9df,reanalise_exploratoria_teste_ja_conhecido
PHEV,teste,random_forest,3,5,8079.586190,8332.866919,45.763210,ABVE,veiculos_leves_plugin,a684e426dabd617287b761a86e441b0caab0b32369571131cf4356cbeb14c9df,reanalise_exploratoria_teste_ja_conhecido
PHEV,teste,ridge,1,7,3518.515010,3790.080359,22.588508,ABVE,veiculos_leves_plugin,a684e426dabd617287b761a86e441b0caab0b32369571131cf4356cbeb14c9df,reanalise_exploratoria_teste_ja_conhecido
PHEV,teste,ridge,2,6,5632.453205,5948.975903,33.578807,ABVE,veiculos_leves_plugin,a684e426dabd617287b761a86e441b0caab0b32369571131cf4356cbeb14c9df,reanalise_exploratoria_teste_ja_conhecido
PHEV,teste,ridge,3,5,7076.408265,7421.426718,40.081156,ABVE,veiculos_leves_plugin,a684e426dabd617287b761a86e441b0caab0b32369571131cf4356cbeb14c9df,reanalise_exploratoria_teste_ja_conhecido
PHEV,teste,sazonal_12m,1,7,8095.142857,8830.833256,51.969992,ABVE,veiculos_leves_plugin,a684e426dabd617287b761a86e441b0caab0b32369571131cf4356cbeb14c9df,reanalise_exploratoria_teste_ja_conhecido
PHEV,teste,sazonal_12m,2,6,9026.166667,9483.232844,53.810995,ABVE,veiculos_leves_plugin,a684e426dabd617287b761a86e441b0caab0b32369571131cf4356cbeb14c9df,reanalise_exploratoria_teste_ja_conhecido
PHEV,teste,sazonal_12m,3,5,9746.800000,10101.299936,55.206398,ABVE,veiculos_leves_plugin,a684e426dabd617287b761a86e441b0caab0b32369571131cf4356cbeb14c9df,reanalise_exploratoria_teste_ja_conhecido
PHEV,teste,tendencia_log_6m,1,7,3039.051289,3187.845613,19.510399,ABVE,veiculos_leves_plugin,a684e426dabd617287b761a86e441b0caab0b32369571131cf4356cbeb14c9df,reanalise_exploratoria_teste_ja_conhecido
PHEV,teste,tendencia_log_6m,2,6,4094.240447,4431.252795,24.408496,ABVE,veiculos_leves_plugin,a684e426dabd617287b761a86e441b0caab0b32369571131cf4356cbeb14c9df,reanalise_exploratoria_teste_ja_conhecido
PHEV,teste,tendencia_log_6m,3,5,4991.369177,5585.609973,28.271383,ABVE,veiculos_leves_plugin,a684e426dabd617287b761a86e441b0caab0b32369571131cf4356cbeb14c9df,reanalise_exploratoria_teste_ja_conhecido
PHEV,validacao,drift_12m,1,7,2034.701299,2965.842151,21.573301,ABVE,veiculos_leves_plugin,a684e426dabd617287b761a86e441b0caab0b32369571131cf4356cbeb14c9df,reanalise_exploratoria_teste_ja_conhecido
PHEV,validacao,drift_12m,2,6,1322.257576,1770.174265,13.827048,ABVE,veiculos_leves_plugin,a684e426dabd617287b761a86e441b0caab0b32369571131cf4356cbeb14c9df,reanalise_exploratoria_teste_ja_conhecido
PHEV,validacao,drift_12m,3,5,1596.600000,2421.412764,16.186131,ABVE,veiculos_leves_plugin,a684e426dabd617287b761a86e441b0caab0b32369571131cf4356cbeb14c9df,reanalise_exploratoria_teste_ja_conhecido
PHEV,validacao,holt_amortecido,1,7,1651.055305,2399.616173,17.505623,ABVE,veiculos_leves_plugin,a684e426dabd617287b761a86e441b0caab0b32369571131cf4356cbeb14c9df,reanalise_exploratoria_teste_ja_conhecido
PHEV,validacao,holt_amortecido,2,6,1463.681892,2052.921684,15.305944,ABVE,veiculos_leves_plugin,a684e426dabd617287b761a86e441b0caab0b32369571131cf4356cbeb14c9df,reanalise_exploratoria_teste_ja_conhecido
PHEV,validacao,holt_amortecido,3,5,1831.528639,2595.735871,18.567809,ABVE,veiculos_leves_plugin,a684e426dabd617287b761a86e441b0caab0b32369571131cf4356cbeb14c9df,reanalise_exploratoria_teste_ja_conhecido
PHEV,validacao,media_3m,1,7,1536.714286,2168.480314,16.293301,ABVE,veiculos_leves_plugin,a684e426dabd617287b761a86e441b0caab0b32369571131cf4356cbeb14c9df,reanalise_exploratoria_teste_ja_conhecido
PHEV,validacao,media_3m,2,6,1540.666667,2309.562096,16.110985,ABVE,veiculos_leves_plugin,a684e426dabd617287b761a86e441b0caab0b32369571131cf4356cbeb14c9df,reanalise_exploratoria_teste_ja_conhecido
PHEV,validacao,media_3m,3,5,1861.266667,2676.152915,18.869289,ABVE,veiculos_leves_plugin,a684e426dabd617287b761a86e441b0caab0b32369571131cf4356cbeb14c9df,reanalise_exploratoria_teste_ja_conhecido
PHEV,validacao,persistencia,1,7,1892.857143,2759.616847,20.069372,ABVE,veiculos_leves_plugin,a684e426dabd617287b761a86e441b0caab0b32369571131cf4356cbeb14c9df,reanalise_exploratoria_teste_ja_conhecido
PHEV,validacao,persistencia,2,6,1531.166667,2022.691565,16.011642,ABVE,veiculos_leves_plugin,a684e426dabd617287b761a86e441b0caab0b32369571131cf4356cbeb14c9df,reanalise_exploratoria_teste_ja_conhecido
PHEV,validacao,persistencia,3,5,1947.600000,2699.687982,19.744526,ABVE,veiculos_leves_plugin,a684e426dabd617287b761a86e441b0caab0b32369571131cf4356cbeb14c9df,reanalise_exploratoria_teste_ja_conhecido
PHEV,validacao,random_forest,1,7,1500.084765,2157.254871,15.904929,ABVE,veiculos_leves_plugin,a684e426dabd617287b761a86e441b0caab0b32369571131cf4356cbeb14c9df,reanalise_exploratoria_teste_ja_conhecido
PHEV,validacao,random_forest,2,6,1729.680100,2472.590207,18.087527,ABVE,veiculos_leves_plugin,a684e426dabd617287b761a86e441b0caab0b32369571131cf4356cbeb14c9df,reanalise_exploratoria_teste_ja_conhecido
PHEV,validacao,random_forest,3,5,1772.107786,2703.452930,17.965407,ABVE,veiculos_leves_plugin,a684e426dabd617287b761a86e441b0caab0b32369571131cf4356cbeb14c9df,reanalise_exploratoria_teste_ja_conhecido
PHEV,validacao,ridge,1,7,1425.429245,2091.646243,15.113380,ABVE,veiculos_leves_plugin,a684e426dabd617287b761a86e441b0caab0b32369571131cf4356cbeb14c9df,reanalise_exploratoria_teste_ja_conhecido
PHEV,validacao,ridge,2,6,1240.070047,2049.288307,12.967601,ABVE,veiculos_leves_plugin,a684e426dabd617287b761a86e441b0caab0b32369571131cf4356cbeb14c9df,reanalise_exploratoria_teste_ja_conhecido
PHEV,validacao,ridge,3,5,1637.050350,2453.677489,16.596212,ABVE,veiculos_leves_plugin,a684e426dabd617287b761a86e441b0caab0b32369571131cf4356cbeb14c9df,reanalise_exploratoria_teste_ja_conhecido
PHEV,validacao,sazonal_12m,1,7,2657.428571,2741.389064,28.175883,ABVE,veiculos_leves_plugin,a684e426dabd617287b761a86e441b0caab0b32369571131cf4356cbeb14c9df,reanalise_exploratoria_teste_ja_conhecido
PHEV,validacao,sazonal_12m,2,6,2769.666667,2848.105862,28.962825,ABVE,veiculos_leves_plugin,a684e426dabd617287b761a86e441b0caab0b32369571131cf4356cbeb14c9df,reanalise_exploratoria_teste_ja_conhecido
PHEV,validacao,sazonal_12m,3,5,2868.400000,2949.239427,29.079481,ABVE,veiculos_leves_plugin,a684e426dabd617287b761a86e441b0caab0b32369571131cf4356cbeb14c9df,reanalise_exploratoria_teste_ja_conhecido
PHEV,validacao,tendencia_log_6m,1,7,1609.130263,2293.643129,17.061105,ABVE,veiculos_leves_plugin,a684e426dabd617287b761a86e441b0caab0b32369571131cf4356cbeb14c9df,reanalise_exploratoria_teste_ja_conhecido
PHEV,validacao,tendencia_log_6m,2,6,1548.934017,1991.960859,16.197438,ABVE,veiculos_leves_plugin,a684e426dabd617287b761a86e441b0caab0b32369571131cf4356cbeb14c9df,reanalise_exploratoria_teste_ja_conhecido
PHEV,validacao,tendencia_log_6m,3,5,1707.110514,2503.152463,17.306473,ABVE,veiculos_leves_plugin,a684e426dabd617287b761a86e441b0caab0b32369571131cf4356cbeb14c9df,reanalise_exploratoria_teste_ja_conhecido
