tecnologia,etapa,metodo,horizonte_meses,vies_percentual,meses_subestimados,n_previsoes,fonte,segmento_veiculos,sha256_entrada,tipo_avaliacao
BEV,teste,drift_12m,1,-8.947146,5.000000,7.000000,ABVE,veiculos_leves_plugin,a684e426dabd617287b761a86e441b0caab0b32369571131cf4356cbeb14c9df,reanalise_exploratoria_teste_ja_conhecido
BEV,teste,drift_12m,2,-20.280781,6.000000,6.000000,ABVE,veiculos_leves_plugin,a684e426dabd617287b761a86e441b0caab0b32369571131cf4356cbeb14c9df,reanalise_exploratoria_teste_ja_conhecido
BEV,teste,drift_12m,3,-27.934909,5.000000,5.000000,ABVE,veiculos_leves_plugin,a684e426dabd617287b761a86e441b0caab0b32369571131cf4356cbeb14c9df,reanalise_exploratoria_teste_ja_conhecido
BEV,teste,holt_amortecido,1,-15.284897,6.000000,7.000000,ABVE,veiculos_leves_plugin,a684e426dabd617287b761a86e441b0caab0b32369571131cf4356cbeb14c9df,reanalise_exploratoria_teste_ja_conhecido
BEV,teste,holt_amortecido,2,-27.141236,6.000000,6.000000,ABVE,veiculos_leves_plugin,a684e426dabd617287b761a86e441b0caab0b32369571131cf4356cbeb14c9df,reanalise_exploratoria_teste_ja_conhecido
BEV,teste,holt_amortecido,3,-36.564218,5.000000,5.000000,ABVE,veiculos_leves_plugin,a684e426dabd617287b761a86e441b0caab0b32369571131cf4356cbeb14c9df,reanalise_exploratoria_teste_ja_conhecido
BEV,teste,media_3m,1,-24.407348,6.000000,7.000000,ABVE,veiculos_leves_plugin,a684e426dabd617287b761a86e441b0caab0b32369571131cf4356cbeb14c9df,reanalise_exploratoria_teste_ja_conhecido
BEV,teste,media_3m,2,-37.084949,6.000000,6.000000,ABVE,veiculos_leves_plugin,a684e426dabd617287b761a86e441b0caab0b32369571131cf4356cbeb14c9df,reanalise_exploratoria_teste_ja_conhecido
BEV,teste,media_3m,3,-46.869780,5.000000,5.000000,ABVE,veiculos_leves_plugin,a684e426dabd617287b761a86e441b0caab0b32369571131cf4356cbeb14c9df,reanalise_exploratoria_teste_ja_conhecido
BEV,teste,persistencia,1,-13.978304,7.000000,7.000000,ABVE,veiculos_leves_plugin,a684e426dabd617287b761a86e441b0caab0b32369571131cf4356cbeb14c9df,reanalise_exploratoria_teste_ja_conhecido
BEV,teste,persistencia,2,-28.427354,6.000000,6.000000,ABVE,veiculos_leves_plugin,a684e426dabd617287b761a86e441b0caab0b32369571131cf4356cbeb14c9df,reanalise_exploratoria_teste_ja_conhecido
BEV,teste,persistencia,3,-38.259232,5.000000,5.000000,ABVE,veiculos_leves_plugin,a684e426dabd617287b761a86e441b0caab0b32369571131cf4356cbeb14c9df,reanalise_exploratoria_teste_ja_conhecido
BEV,teste,random_forest,1,-36.830794,7.000000,7.000000,ABVE,veiculos_leves_plugin,a684e426dabd617287b761a86e441b0caab0b32369571131cf4356cbeb14c9df,reanalise_exploratoria_teste_ja_conhecido
BEV,teste,random_forest,2,-46.437528,6.000000,6.000000,ABVE,veiculos_leves_plugin,a684e426dabd617287b761a86e441b0caab0b32369571131cf4356cbeb14c9df,reanalise_exploratoria_teste_ja_conhecido
BEV,teste,random_forest,3,-54.769760,5.000000,5.000000,ABVE,veiculos_leves_plugin,a684e426dabd617287b761a86e441b0caab0b32369571131cf4356cbeb14c9df,reanalise_exploratoria_teste_ja_conhecido
BEV,teste,ridge,1,-13.271371,6.000000,7.000000,ABVE,veiculos_leves_plugin,a684e426dabd617287b761a86e441b0caab0b32369571131cf4356cbeb14c9df,reanalise_exploratoria_teste_ja_conhecido
BEV,teste,ridge,2,-16.956731,4.000000,6.000000,ABVE,veiculos_leves_plugin,a684e426dabd617287b761a86e441b0caab0b32369571131cf4356cbeb14c9df,reanalise_exploratoria_teste_ja_conhecido
BEV,teste,ridge,3,-24.584873,4.000000,5.000000,ABVE,veiculos_leves_plugin,a684e426dabd617287b761a86e441b0caab0b32369571131cf4356cbeb14c9df,reanalise_exploratoria_teste_ja_conhecido
BEV,teste,sazonal_12m,1,-69.321037,7.000000,7.000000,ABVE,veiculos_leves_plugin,a684e426dabd617287b761a86e441b0caab0b32369571131cf4356cbeb14c9df,reanalise_exploratoria_teste_ja_conhecido
BEV,teste,sazonal_12m,2,-70.759985,6.000000,6.000000,ABVE,veiculos_leves_plugin,a684e426dabd617287b761a86e441b0caab0b32369571131cf4356cbeb14c9df,reanalise_exploratoria_teste_ja_conhecido
BEV,teste,sazonal_12m,3,-71.369549,5.000000,5.000000,ABVE,veiculos_leves_plugin,a684e426dabd617287b761a86e441b0caab0b32369571131cf4356cbeb14c9df,reanalise_exploratoria_teste_ja_conhecido
BEV,teste,tendencia_log_6m,1,0.216959,3.000000,7.000000,ABVE,veiculos_leves_plugin,a684e426dabd617287b761a86e441b0caab0b32369571131cf4356cbeb14c9df,reanalise_exploratoria_teste_ja_conhecido
BEV,teste,tendencia_log_6m,2,-7.112039,4.000000,6.000000,ABVE,veiculos_leves_plugin,a684e426dabd617287b761a86e441b0caab0b32369571131cf4356cbeb14c9df,reanalise_exploratoria_teste_ja_conhecido
BEV,teste,tendencia_log_6m,3,-19.919726,4.000000,5.000000,ABVE,veiculos_leves_plugin,a684e426dabd617287b761a86e441b0caab0b32369571131cf4356cbeb14c9df,reanalise_exploratoria_teste_ja_conhecido
BEV,validacao,drift_12m,1,-0.666748,4.000000,7.000000,ABVE,veiculos_leves_plugin,a684e426dabd617287b761a86e441b0caab0b32369571131cf4356cbeb14c9df,reanalise_exploratoria_teste_ja_conhecido
BEV,validacao,drift_12m,2,-8.667494,4.000000,6.000000,ABVE,veiculos_leves_plugin,a684e426dabd617287b761a86e441b0caab0b32369571131cf4356cbeb14c9df,reanalise_exploratoria_teste_ja_conhecido
BEV,validacao,drift_12m,3,-8.335963,3.000000,5.000000,ABVE,veiculos_leves_plugin,a684e426dabd617287b761a86e441b0caab0b32369571131cf4356cbeb14c9df,reanalise_exploratoria_teste_ja_conhecido
BEV,validacao,holt_amortecido,1,-4.640609,4.000000,7.000000,ABVE,veiculos_leves_plugin,a684e426dabd617287b761a86e441b0caab0b32369571131cf4356cbeb14c9df,reanalise_exploratoria_teste_ja_conhecido
BEV,validacao,holt_amortecido,2,-10.347059,5.000000,6.000000,ABVE,veiculos_leves_plugin,a684e426dabd617287b761a86e441b0caab0b32369571131cf4356cbeb14c9df,reanalise_exploratoria_teste_ja_conhecido
BEV,validacao,holt_amortecido,3,-10.964647,3.000000,5.000000,ABVE,veiculos_leves_plugin,a684e426dabd617287b761a86e441b0caab0b32369571131cf4356cbeb14c9df,reanalise_exploratoria_teste_ja_conhecido
BEV,validacao,media_3m,1,-10.785568,5.000000,7.000000,ABVE,veiculos_leves_plugin,a684e426dabd617287b761a86e441b0caab0b32369571131cf4356cbeb14c9df,reanalise_exploratoria_teste_ja_conhecido
BEV,validacao,media_3m,2,-16.054968,5.000000,6.000000,ABVE,veiculos_leves_plugin,a684e426dabd617287b761a86e441b0caab0b32369571131cf4356cbeb14c9df,reanalise_exploratoria_teste_ja_conhecido
BEV,validacao,media_3m,3,-19.308313,5.000000,5.000000,ABVE,veiculos_leves_plugin,a684e426dabd617287b761a86e441b0caab0b32369571131cf4356cbeb14c9df,reanalise_exploratoria_teste_ja_conhecido
BEV,validacao,persistencia,1,-4.030976,4.000000,7.000000,ABVE,veiculos_leves_plugin,a684e426dabd617287b761a86e441b0caab0b32369571131cf4356cbeb14c9df,reanalise_exploratoria_teste_ja_conhecido
BEV,validacao,persistencia,2,-13.516384,5.000000,6.000000,ABVE,veiculos_leves_plugin,a684e426dabd617287b761a86e441b0caab0b32369571131cf4356cbeb14c9df,reanalise_exploratoria_teste_ja_conhecido
BEV,validacao,persistencia,3,-15.065482,4.000000,5.000000,ABVE,veiculos_leves_plugin,a684e426dabd617287b761a86e441b0caab0b32369571131cf4356cbeb14c9df,reanalise_exploratoria_teste_ja_conhecido
BEV,validacao,random_forest,1,-20.311286,7.000000,7.000000,ABVE,veiculos_leves_plugin,a684e426dabd617287b761a86e441b0caab0b32369571131cf4356cbeb14c9df,reanalise_exploratoria_teste_ja_conhecido
BEV,validacao,random_forest,2,-27.369299,6.000000,6.000000,ABVE,veiculos_leves_plugin,a684e426dabd617287b761a86e441b0caab0b32369571131cf4356cbeb14c9df,reanalise_exploratoria_teste_ja_conhecido
BEV,validacao,random_forest,3,-32.755253,5.000000,5.000000,ABVE,veiculos_leves_plugin,a684e426dabd617287b761a86e441b0caab0b32369571131cf4356cbeb14c9df,reanalise_exploratoria_teste_ja_conhecido
BEV,validacao,ridge,1,-18.752942,6.000000,7.000000,ABVE,veiculos_leves_plugin,a684e426dabd617287b761a86e441b0caab0b32369571131cf4356cbeb14c9df,reanalise_exploratoria_teste_ja_conhecido
BEV,validacao,ridge,2,-29.416937,6.000000,6.000000,ABVE,veiculos_leves_plugin,a684e426dabd617287b761a86e441b0caab0b32369571131cf4356cbeb14c9df,reanalise_exploratoria_teste_ja_conhecido
BEV,validacao,ridge,3,-38.546185,5.000000,5.000000,ABVE,veiculos_leves_plugin,a684e426dabd617287b761a86e441b0caab0b32369571131cf4356cbeb14c9df,reanalise_exploratoria_teste_ja_conhecido
BEV,validacao,sazonal_12m,1,-41.037475,7.000000,7.000000,ABVE,veiculos_leves_plugin,a684e426dabd617287b761a86e441b0caab0b32369571131cf4356cbeb14c9df,reanalise_exploratoria_teste_ja_conhecido
BEV,validacao,sazonal_12m,2,-42.158058,6.000000,6.000000,ABVE,veiculos_leves_plugin,a684e426dabd617287b761a86e441b0caab0b32369571131cf4356cbeb14c9df,reanalise_exploratoria_teste_ja_conhecido
BEV,validacao,sazonal_12m,3,-43.789625,5.000000,5.000000,ABVE,veiculos_leves_plugin,a684e426dabd617287b761a86e441b0caab0b32369571131cf4356cbeb14c9df,reanalise_exploratoria_teste_ja_conhecido
BEV,validacao,tendencia_log_6m,1,3.394450,1.000000,7.000000,ABVE,veiculos_leves_plugin,a684e426dabd617287b761a86e441b0caab0b32369571131cf4356cbeb14c9df,reanalise_exploratoria_teste_ja_conhecido
BEV,validacao,tendencia_log_6m,2,5.414157,1.000000,6.000000,ABVE,veiculos_leves_plugin,a684e426dabd617287b761a86e441b0caab0b32369571131cf4356cbeb14c9df,reanalise_exploratoria_teste_ja_conhecido
BEV,validacao,tendencia_log_6m,3,12.964467,1.000000,5.000000,ABVE,veiculos_leves_plugin,a684e426dabd617287b761a86e441b0caab0b32369571131cf4356cbeb14c9df,reanalise_exploratoria_teste_ja_conhecido
PHEV,teste,drift_12m,1,-7.417567,5.000000,7.000000,ABVE,veiculos_leves_plugin,a684e426dabd617287b761a86e441b0caab0b32369571131cf4356cbeb14c9df,reanalise_exploratoria_teste_ja_conhecido
PHEV,teste,drift_12m,2,-18.291386,6.000000,6.000000,ABVE,veiculos_leves_plugin,a684e426dabd617287b761a86e441b0caab0b32369571131cf4356cbeb14c9df,reanalise_exploratoria_teste_ja_conhecido
PHEV,teste,drift_12m,3,-27.118150,5.000000,5.000000,ABVE,veiculos_leves_plugin,a684e426dabd617287b761a86e441b0caab0b32369571131cf4356cbeb14c9df,reanalise_exploratoria_teste_ja_conhecido
PHEV,teste,holt_amortecido,1,-11.706558,6.000000,7.000000,ABVE,veiculos_leves_plugin,a684e426dabd617287b761a86e441b0caab0b32369571131cf4356cbeb14c9df,reanalise_exploratoria_teste_ja_conhecido
PHEV,teste,holt_amortecido,2,-23.050461,6.000000,6.000000,ABVE,veiculos_leves_plugin,a684e426dabd617287b761a86e441b0caab0b32369571131cf4356cbeb14c9df,reanalise_exploratoria_teste_ja_conhecido
PHEV,teste,holt_amortecido,3,-32.308771,5.000000,5.000000,ABVE,veiculos_leves_plugin,a684e426dabd617287b761a86e441b0caab0b32369571131cf4356cbeb14c9df,reanalise_exploratoria_teste_ja_conhecido
PHEV,teste,media_3m,1,-17.879110,6.000000,7.000000,ABVE,veiculos_leves_plugin,a684e426dabd617287b761a86e441b0caab0b32369571131cf4356cbeb14c9df,reanalise_exploratoria_teste_ja_conhecido
PHEV,teste,media_3m,2,-29.090283,6.000000,6.000000,ABVE,veiculos_leves_plugin,a684e426dabd617287b761a86e441b0caab0b32369571131cf4356cbeb14c9df,reanalise_exploratoria_teste_ja_conhecido
PHEV,teste,media_3m,3,-36.994578,5.000000,5.000000,ABVE,veiculos_leves_plugin,a684e426dabd617287b761a86e441b0caab0b32369571131cf4356cbeb14c9df,reanalise_exploratoria_teste_ja_conhecido
PHEV,teste,persistencia,1,-11.130269,6.000000,7.000000,ABVE,veiculos_leves_plugin,a684e426dabd617287b761a86e441b0caab0b32369571131cf4356cbeb14c9df,reanalise_exploratoria_teste_ja_conhecido
PHEV,teste,persistencia,2,-24.088113,6.000000,6.000000,ABVE,veiculos_leves_plugin,a684e426dabd617287b761a86e441b0caab0b32369571131cf4356cbeb14c9df,reanalise_exploratoria_teste_ja_conhecido
PHEV,teste,persistencia,3,-34.077212,5.000000,5.000000,ABVE,veiculos_leves_plugin,a684e426dabd617287b761a86e441b0caab0b32369571131cf4356cbeb14c9df,reanalise_exploratoria_teste_ja_conhecido
PHEV,teste,random_forest,1,-28.098287,6.000000,7.000000,ABVE,veiculos_leves_plugin,a684e426dabd617287b761a86e441b0caab0b32369571131cf4356cbeb14c9df,reanalise_exploratoria_teste_ja_conhecido
PHEV,teste,random_forest,2,-37.971534,6.000000,6.000000,ABVE,veiculos_leves_plugin,a684e426dabd617287b761a86e441b0caab0b32369571131cf4356cbeb14c9df,reanalise_exploratoria_teste_ja_conhecido
PHEV,teste,random_forest,3,-45.763210,5.000000,5.000000,ABVE,veiculos_leves_plugin,a684e426dabd617287b761a86e441b0caab0b32369571131cf4356cbeb14c9df,reanalise_exploratoria_teste_ja_conhecido
PHEV,teste,ridge,1,-20.744688,6.000000,7.000000,ABVE,veiculos_leves_plugin,a684e426dabd617287b761a86e441b0caab0b32369571131cf4356cbeb14c9df,reanalise_exploratoria_teste_ja_conhecido
PHEV,teste,ridge,2,-33.578807,6.000000,6.000000,ABVE,veiculos_leves_plugin,a684e426dabd617287b761a86e441b0caab0b32369571131cf4356cbeb14c9df,reanalise_exploratoria_teste_ja_conhecido
PHEV,teste,ridge,3,-40.081156,5.000000,5.000000,ABVE,veiculos_leves_plugin,a684e426dabd617287b761a86e441b0caab0b32369571131cf4356cbeb14c9df,reanalise_exploratoria_teste_ja_conhecido
PHEV,teste,sazonal_12m,1,-51.969992,7.000000,7.000000,ABVE,veiculos_leves_plugin,a684e426dabd617287b761a86e441b0caab0b32369571131cf4356cbeb14c9df,reanalise_exploratoria_teste_ja_conhecido
PHEV,teste,sazonal_12m,2,-53.810995,6.000000,6.000000,ABVE,veiculos_leves_plugin,a684e426dabd617287b761a86e441b0caab0b32369571131cf4356cbeb14c9df,reanalise_exploratoria_teste_ja_conhecido
PHEV,teste,sazonal_12m,3,-55.206398,5.000000,5.000000,ABVE,veiculos_leves_plugin,a684e426dabd617287b761a86e441b0caab0b32369571131cf4356cbeb14c9df,reanalise_exploratoria_teste_ja_conhecido
PHEV,teste,tendencia_log_6m,1,-2.999162,4.000000,7.000000,ABVE,veiculos_leves_plugin,a684e426dabd617287b761a86e441b0caab0b32369571131cf4356cbeb14c9df,reanalise_exploratoria_teste_ja_conhecido
PHEV,teste,tendencia_log_6m,2,-13.818992,5.000000,6.000000,ABVE,veiculos_leves_plugin,a684e426dabd617287b761a86e441b0caab0b32369571131cf4356cbeb14c9df,reanalise_exploratoria_teste_ja_conhecido
PHEV,teste,tendencia_log_6m,3,-28.271383,5.000000,5.000000,ABVE,veiculos_leves_plugin,a684e426dabd617287b761a86e441b0caab0b32369571131cf4356cbeb14c9df,reanalise_exploratoria_teste_ja_conhecido
PHEV,validacao,drift_12m,1,0.823154,3.000000,7.000000,ABVE,veiculos_leves_plugin,a684e426dabd617287b761a86e441b0caab0b32369571131cf4356cbeb14c9df,reanalise_exploratoria_teste_ja_conhecido
PHEV,validacao,drift_12m,2,-7.632295,4.000000,6.000000,ABVE,veiculos_leves_plugin,a684e426dabd617287b761a86e441b0caab0b32369571131cf4356cbeb14c9df,reanalise_exploratoria_teste_ja_conhecido
PHEV,validacao,drift_12m,3,-9.087038,4.000000,5.000000,ABVE,veiculos_leves_plugin,a684e426dabd617287b761a86e441b0caab0b32369571131cf4356cbeb14c9df,reanalise_exploratoria_teste_ja_conhecido
PHEV,validacao,holt_amortecido,1,-3.723215,4.000000,7.000000,ABVE,veiculos_leves_plugin,a684e426dabd617287b761a86e441b0caab0b32369571131cf4356cbeb14c9df,reanalise_exploratoria_teste_ja_conhecido
PHEV,validacao,holt_amortecido,2,-10.400256,4.000000,6.000000,ABVE,veiculos_leves_plugin,a684e426dabd617287b761a86e441b0caab0b32369571131cf4356cbeb14c9df,reanalise_exploratoria_teste_ja_conhecido
PHEV,validacao,holt_amortecido,3,-14.592088,4.000000,5.000000,ABVE,veiculos_leves_plugin,a684e426dabd617287b761a86e441b0caab0b32369571131cf4356cbeb14c9df,reanalise_exploratoria_teste_ja_conhecido
PHEV,validacao,media_3m,1,-8.689659,6.000000,7.000000,ABVE,veiculos_leves_plugin,a684e426dabd617287b761a86e441b0caab0b32369571131cf4356cbeb14c9df,reanalise_exploratoria_teste_ja_conhecido
PHEV,validacao,media_3m,2,-13.946355,5.000000,6.000000,ABVE,veiculos_leves_plugin,a684e426dabd617287b761a86e441b0caab0b32369571131cf4356cbeb14c9df,reanalise_exploratoria_teste_ja_conhecido
PHEV,validacao,media_3m,3,-18.177210,4.000000,5.000000,ABVE,veiculos_leves_plugin,a684e426dabd617287b761a86e441b0caab0b32369571131cf4356cbeb14c9df,reanalise_exploratoria_teste_ja_conhecido
PHEV,validacao,persistencia,1,-1.593432,4.000000,7.000000,ABVE,veiculos_leves_plugin,a684e426dabd617287b761a86e441b0caab0b32369571131cf4356cbeb14c9df,reanalise_exploratoria_teste_ja_conhecido
PHEV,validacao,persistencia,2,-10.925981,4.000000,6.000000,ABVE,veiculos_leves_plugin,a684e426dabd617287b761a86e441b0caab0b32369571131cf4356cbeb14c9df,reanalise_exploratoria_teste_ja_conhecido
PHEV,validacao,persistencia,3,-15.450122,4.000000,5.000000,ABVE,veiculos_leves_plugin,a684e426dabd617287b761a86e441b0caab0b32369571131cf4356cbeb14c9df,reanalise_exploratoria_teste_ja_conhecido
PHEV,validacao,random_forest,1,-12.610730,6.000000,7.000000,ABVE,veiculos_leves_plugin,a684e426dabd617287b761a86e441b0caab0b32369571131cf4356cbeb14c9df,reanalise_exploratoria_teste_ja_conhecido
PHEV,validacao,random_forest,2,-18.087527,6.000000,6.000000,ABVE,veiculos_leves_plugin,a684e426dabd617287b761a86e441b0caab0b32369571131cf4356cbeb14c9df,reanalise_exploratoria_teste_ja_conhecido
PHEV,validacao,random_forest,3,-17.965407,5.000000,5.000000,ABVE,veiculos_leves_plugin,a684e426dabd617287b761a86e441b0caab0b32369571131cf4356cbeb14c9df,reanalise_exploratoria_teste_ja_conhecido
PHEV,validacao,ridge,1,-5.549472,4.000000,7.000000,ABVE,veiculos_leves_plugin,a684e426dabd617287b761a86e441b0caab0b32369571131cf4356cbeb14c9df,reanalise_exploratoria_teste_ja_conhecido
PHEV,validacao,ridge,2,-9.837026,4.000000,6.000000,ABVE,veiculos_leves_plugin,a684e426dabd617287b761a86e441b0caab0b32369571131cf4356cbeb14c9df,reanalise_exploratoria_teste_ja_conhecido
PHEV,validacao,ridge,3,-15.304420,4.000000,5.000000,ABVE,veiculos_leves_plugin,a684e426dabd617287b761a86e441b0caab0b32369571131cf4356cbeb14c9df,reanalise_exploratoria_teste_ja_conhecido
PHEV,validacao,sazonal_12m,1,-28.175883,7.000000,7.000000,ABVE,veiculos_leves_plugin,a684e426dabd617287b761a86e441b0caab0b32369571131cf4356cbeb14c9df,reanalise_exploratoria_teste_ja_conhecido
PHEV,validacao,sazonal_12m,2,-28.962825,6.000000,6.000000,ABVE,veiculos_leves_plugin,a684e426dabd617287b761a86e441b0caab0b32369571131cf4356cbeb14c9df,reanalise_exploratoria_teste_ja_conhecido
PHEV,validacao,sazonal_12m,3,-29.079481,5.000000,5.000000,ABVE,veiculos_leves_plugin,a684e426dabd617287b761a86e441b0caab0b32369571131cf4356cbeb14c9df,reanalise_exploratoria_teste_ja_conhecido
PHEV,validacao,tendencia_log_6m,1,-0.196135,4.000000,7.000000,ABVE,veiculos_leves_plugin,a684e426dabd617287b761a86e441b0caab0b32369571131cf4356cbeb14c9df,reanalise_exploratoria_teste_ja_conhecido
PHEV,validacao,tendencia_log_6m,2,-3.731025,3.000000,6.000000,ABVE,veiculos_leves_plugin,a684e426dabd617287b761a86e441b0caab0b32369571131cf4356cbeb14c9df,reanalise_exploratoria_teste_ja_conhecido
PHEV,validacao,tendencia_log_6m,3,-5.550380,2.000000,5.000000,ABVE,veiculos_leves_plugin,a684e426dabd617287b761a86e441b0caab0b32369571131cf4356cbeb14c9df,reanalise_exploratoria_teste_ja_conhecido
