fonte,regiao,metodo,fim_treino,horizonte_meses,data_referencia,frota_prevista,status,alvo,sha256_entrada,status_uso,versao_sklearn,tipo_backtest
SENATRAN,Centro-Oeste,ridge,2026-08-01,1,2026-09-01,141672.42348597874,projecao_experimental_sem_intervalo_calibrado,estoque_frota_eletrificada_definicao_combustiveis,7fbe73635ee5b894acd21d14a3708a43849ebdeb2eca23b2470be25dc992f126,experimental_nao_aprovado_sem_intervalo_calibrado,1.9.1,retrospectivo_snapshot_atual_sem_vintages
SENATRAN,Centro-Oeste,ridge,2026-08-01,2,2026-10-01,147647.54121602754,projecao_experimental_sem_intervalo_calibrado,estoque_frota_eletrificada_definicao_combustiveis,7fbe73635ee5b894acd21d14a3708a43849ebdeb2eca23b2470be25dc992f126,experimental_nao_aprovado_sem_intervalo_calibrado,1.9.1,retrospectivo_snapshot_atual_sem_vintages
SENATRAN,Centro-Oeste,ridge,2026-08-01,3,2026-11-01,153641.06593756995,projecao_experimental_sem_intervalo_calibrado,estoque_frota_eletrificada_definicao_combustiveis,7fbe73635ee5b894acd21d14a3708a43849ebdeb2eca23b2470be25dc992f126,experimental_nao_aprovado_sem_intervalo_calibrado,1.9.1,retrospectivo_snapshot_atual_sem_vintages
SENATRAN,Nordeste,ridge,2026-08-01,1,2026-09-01,169205.4582324356,projecao_experimental_sem_intervalo_calibrado,estoque_frota_eletrificada_definicao_combustiveis,7fbe73635ee5b894acd21d14a3708a43849ebdeb2eca23b2470be25dc992f126,experimental_nao_aprovado_sem_intervalo_calibrado,1.9.1,retrospectivo_snapshot_atual_sem_vintages
SENATRAN,Nordeste,ridge,2026-08-01,2,2026-10-01,177835.78555827096,projecao_experimental_sem_intervalo_calibrado,estoque_frota_eletrificada_definicao_combustiveis,7fbe73635ee5b894acd21d14a3708a43849ebdeb2eca23b2470be25dc992f126,experimental_nao_aprovado_sem_intervalo_calibrado,1.9.1,retrospectivo_snapshot_atual_sem_vintages
SENATRAN,Nordeste,ridge,2026-08-01,3,2026-11-01,186281.91603192905,projecao_experimental_sem_intervalo_calibrado,estoque_frota_eletrificada_definicao_combustiveis,7fbe73635ee5b894acd21d14a3708a43849ebdeb2eca23b2470be25dc992f126,experimental_nao_aprovado_sem_intervalo_calibrado,1.9.1,retrospectivo_snapshot_atual_sem_vintages
SENATRAN,Norte,ridge,2026-08-01,1,2026-09-01,42315.32083907727,projecao_experimental_sem_intervalo_calibrado,estoque_frota_eletrificada_definicao_combustiveis,7fbe73635ee5b894acd21d14a3708a43849ebdeb2eca23b2470be25dc992f126,experimental_nao_aprovado_sem_intervalo_calibrado,1.9.1,retrospectivo_snapshot_atual_sem_vintages
SENATRAN,Norte,ridge,2026-08-01,2,2026-10-01,44651.20454713847,projecao_experimental_sem_intervalo_calibrado,estoque_frota_eletrificada_definicao_combustiveis,7fbe73635ee5b894acd21d14a3708a43849ebdeb2eca23b2470be25dc992f126,experimental_nao_aprovado_sem_intervalo_calibrado,1.9.1,retrospectivo_snapshot_atual_sem_vintages
SENATRAN,Norte,ridge,2026-08-01,3,2026-11-01,46893.24683473334,projecao_experimental_sem_intervalo_calibrado,estoque_frota_eletrificada_definicao_combustiveis,7fbe73635ee5b894acd21d14a3708a43849ebdeb2eca23b2470be25dc992f126,experimental_nao_aprovado_sem_intervalo_calibrado,1.9.1,retrospectivo_snapshot_atual_sem_vintages
SENATRAN,Sudeste,ridge,2026-08-01,1,2026-09-01,547691.5238648728,projecao_experimental_sem_intervalo_calibrado,estoque_frota_eletrificada_definicao_combustiveis,7fbe73635ee5b894acd21d14a3708a43849ebdeb2eca23b2470be25dc992f126,experimental_nao_aprovado_sem_intervalo_calibrado,1.9.1,retrospectivo_snapshot_atual_sem_vintages
SENATRAN,Sudeste,ridge,2026-08-01,2,2026-10-01,570518.6065341434,projecao_experimental_sem_intervalo_calibrado,estoque_frota_eletrificada_definicao_combustiveis,7fbe73635ee5b894acd21d14a3708a43849ebdeb2eca23b2470be25dc992f126,experimental_nao_aprovado_sem_intervalo_calibrado,1.9.1,retrospectivo_snapshot_atual_sem_vintages
SENATRAN,Sudeste,ridge,2026-08-01,3,2026-11-01,593551.7374016194,projecao_experimental_sem_intervalo_calibrado,estoque_frota_eletrificada_definicao_combustiveis,7fbe73635ee5b894acd21d14a3708a43849ebdeb2eca23b2470be25dc992f126,experimental_nao_aprovado_sem_intervalo_calibrado,1.9.1,retrospectivo_snapshot_atual_sem_vintages
SENATRAN,Sul,ridge,2026-08-01,1,2026-09-01,200875.7863692433,projecao_experimental_sem_intervalo_calibrado,estoque_frota_eletrificada_definicao_combustiveis,7fbe73635ee5b894acd21d14a3708a43849ebdeb2eca23b2470be25dc992f126,experimental_nao_aprovado_sem_intervalo_calibrado,1.9.1,retrospectivo_snapshot_atual_sem_vintages
SENATRAN,Sul,ridge,2026-08-01,2,2026-10-01,209866.3878773031,projecao_experimental_sem_intervalo_calibrado,estoque_frota_eletrificada_definicao_combustiveis,7fbe73635ee5b894acd21d14a3708a43849ebdeb2eca23b2470be25dc992f126,experimental_nao_aprovado_sem_intervalo_calibrado,1.9.1,retrospectivo_snapshot_atual_sem_vintages
SENATRAN,Sul,ridge,2026-08-01,3,2026-11-01,218476.8764667348,projecao_experimental_sem_intervalo_calibrado,estoque_frota_eletrificada_definicao_combustiveis,7fbe73635ee5b894acd21d14a3708a43849ebdeb2eca23b2470be25dc992f126,experimental_nao_aprovado_sem_intervalo_calibrado,1.9.1,retrospectivo_snapshot_atual_sem_vintages
