tecnologia,etapa,metodo,fim_treino,competencia_macro,data_referencia,real,previsto,erro_absoluto,status,fonte_alvo,fonte_contexto,sha256_alvo,sha256_contexto,versao_sklearn
BEV,teste,persistencia,2026-01-01,2025-11-01,2026-02-01,8703,8250,453,experimento_retrospectivo_sem_vintages_sem_causalidade,ABVE,BCB_SGS,908eee5e539b99b7ff20fb25c24ad61c457c0f238d14520d68d869a0f626ce04,25a320bfe0d7e380a040a7197290ab3690b01a57aa49f76c780f1765571191f7,1.9.1
BEV,teste,ridge_macro_lag2,2026-01-01,2025-11-01,2026-02-01,8703,7417.697459692824,1285.302540307176,experimento_retrospectivo_sem_vintages_sem_causalidade,ABVE,BCB_SGS,908eee5e539b99b7ff20fb25c24ad61c457c0f238d14520d68d869a0f626ce04,25a320bfe0d7e380a040a7197290ab3690b01a57aa49f76c780f1765571191f7,1.9.1
BEV,teste,ridge_sem_macro,2026-01-01,2025-11-01,2026-02-01,8703,8383.782879706398,319.2171202936024,experimento_retrospectivo_sem_vintages_sem_causalidade,ABVE,BCB_SGS,908eee5e539b99b7ff20fb25c24ad61c457c0f238d14520d68d869a0f626ce04,25a320bfe0d7e380a040a7197290ab3690b01a57aa49f76c780f1765571191f7,1.9.1
BEV,teste,persistencia,2026-02-01,2025-12-01,2026-03-01,14073,8703,5370,experimento_retrospectivo_sem_vintages_sem_causalidade,ABVE,BCB_SGS,908eee5e539b99b7ff20fb25c24ad61c457c0f238d14520d68d869a0f626ce04,25a320bfe0d7e380a040a7197290ab3690b01a57aa49f76c780f1765571191f7,1.9.1
BEV,teste,ridge_macro_lag2,2026-02-01,2025-12-01,2026-03-01,14073,8791.984049315726,5281.015950684274,experimento_retrospectivo_sem_vintages_sem_causalidade,ABVE,BCB_SGS,908eee5e539b99b7ff20fb25c24ad61c457c0f238d14520d68d869a0f626ce04,25a320bfe0d7e380a040a7197290ab3690b01a57aa49f76c780f1765571191f7,1.9.1
BEV,teste,ridge_sem_macro,2026-02-01,2025-12-01,2026-03-01,14073,8955.771861185893,5117.228138814107,experimento_retrospectivo_sem_vintages_sem_causalidade,ABVE,BCB_SGS,908eee5e539b99b7ff20fb25c24ad61c457c0f238d14520d68d869a0f626ce04,25a320bfe0d7e380a040a7197290ab3690b01a57aa49f76c780f1765571191f7,1.9.1
BEV,teste,persistencia,2026-03-01,2026-01-01,2026-04-01,17488,14073,3415,experimento_retrospectivo_sem_vintages_sem_causalidade,ABVE,BCB_SGS,908eee5e539b99b7ff20fb25c24ad61c457c0f238d14520d68d869a0f626ce04,25a320bfe0d7e380a040a7197290ab3690b01a57aa49f76c780f1765571191f7,1.9.1
BEV,teste,ridge_macro_lag2,2026-03-01,2026-01-01,2026-04-01,17488,11115.421146721455,6372.578853278543,experimento_retrospectivo_sem_vintages_sem_causalidade,ABVE,BCB_SGS,908eee5e539b99b7ff20fb25c24ad61c457c0f238d14520d68d869a0f626ce04,25a320bfe0d7e380a040a7197290ab3690b01a57aa49f76c780f1765571191f7,1.9.1
BEV,teste,ridge_sem_macro,2026-03-01,2026-01-01,2026-04-01,17488,11755.01837990758,5732.98162009242,experimento_retrospectivo_sem_vintages_sem_causalidade,ABVE,BCB_SGS,908eee5e539b99b7ff20fb25c24ad61c457c0f238d14520d68d869a0f626ce04,25a320bfe0d7e380a040a7197290ab3690b01a57aa49f76c780f1765571191f7,1.9.1
BEV,teste,persistencia,2026-04-01,2026-02-01,2026-05-01,20974,17488,3486,experimento_retrospectivo_sem_vintages_sem_causalidade,ABVE,BCB_SGS,908eee5e539b99b7ff20fb25c24ad61c457c0f238d14520d68d869a0f626ce04,25a320bfe0d7e380a040a7197290ab3690b01a57aa49f76c780f1765571191f7,1.9.1
BEV,teste,ridge_macro_lag2,2026-04-01,2026-02-01,2026-05-01,20974,14952.10171067648,6021.898289323521,experimento_retrospectivo_sem_vintages_sem_causalidade,ABVE,BCB_SGS,908eee5e539b99b7ff20fb25c24ad61c457c0f238d14520d68d869a0f626ce04,25a320bfe0d7e380a040a7197290ab3690b01a57aa49f76c780f1765571191f7,1.9.1
BEV,teste,ridge_sem_macro,2026-04-01,2026-02-01,2026-05-01,20974,16068.231637902763,4905.768362097235,experimento_retrospectivo_sem_vintages_sem_causalidade,ABVE,BCB_SGS,908eee5e539b99b7ff20fb25c24ad61c457c0f238d14520d68d869a0f626ce04,25a320bfe0d7e380a040a7197290ab3690b01a57aa49f76c780f1765571191f7,1.9.1
BEV,teste,persistencia,2026-05-01,2026-03-01,2026-06-01,21138,20974,164,experimento_retrospectivo_sem_vintages_sem_causalidade,ABVE,BCB_SGS,908eee5e539b99b7ff20fb25c24ad61c457c0f238d14520d68d869a0f626ce04,25a320bfe0d7e380a040a7197290ab3690b01a57aa49f76c780f1765571191f7,1.9.1
BEV,teste,ridge_macro_lag2,2026-05-01,2026-03-01,2026-06-01,21138,24252.24522537906,3114.2452253790616,experimento_retrospectivo_sem_vintages_sem_causalidade,ABVE,BCB_SGS,908eee5e539b99b7ff20fb25c24ad61c457c0f238d14520d68d869a0f626ce04,25a320bfe0d7e380a040a7197290ab3690b01a57aa49f76c780f1765571191f7,1.9.1
BEV,teste,ridge_sem_macro,2026-05-01,2026-03-01,2026-06-01,21138,22557.19536089445,1419.195360894446,experimento_retrospectivo_sem_vintages_sem_causalidade,ABVE,BCB_SGS,908eee5e539b99b7ff20fb25c24ad61c457c0f238d14520d68d869a0f626ce04,25a320bfe0d7e380a040a7197290ab3690b01a57aa49f76c780f1765571191f7,1.9.1
BEV,teste,persistencia,2026-06-01,2026-04-01,2026-07-01,25782,21138,4644,experimento_retrospectivo_sem_vintages_sem_causalidade,ABVE,BCB_SGS,908eee5e539b99b7ff20fb25c24ad61c457c0f238d14520d68d869a0f626ce04,25a320bfe0d7e380a040a7197290ab3690b01a57aa49f76c780f1765571191f7,1.9.1
BEV,teste,ridge_macro_lag2,2026-06-01,2026-04-01,2026-07-01,25782,22654.039413738752,3127.960586261248,experimento_retrospectivo_sem_vintages_sem_causalidade,ABVE,BCB_SGS,908eee5e539b99b7ff20fb25c24ad61c457c0f238d14520d68d869a0f626ce04,25a320bfe0d7e380a040a7197290ab3690b01a57aa49f76c780f1765571191f7,1.9.1
BEV,teste,ridge_sem_macro,2026-06-01,2026-04-01,2026-07-01,25782,23506.427632658662,2275.5723673413377,experimento_retrospectivo_sem_vintages_sem_causalidade,ABVE,BCB_SGS,908eee5e539b99b7ff20fb25c24ad61c457c0f238d14520d68d869a0f626ce04,25a320bfe0d7e380a040a7197290ab3690b01a57aa49f76c780f1765571191f7,1.9.1
BEV,teste,persistencia,2026-07-01,2026-05-01,2026-08-01,27166,25782,1384,experimento_retrospectivo_sem_vintages_sem_causalidade,ABVE,BCB_SGS,908eee5e539b99b7ff20fb25c24ad61c457c0f238d14520d68d869a0f626ce04,25a320bfe0d7e380a040a7197290ab3690b01a57aa49f76c780f1765571191f7,1.9.1
BEV,teste,ridge_macro_lag2,2026-07-01,2026-05-01,2026-08-01,27166,24918.98149334765,2247.018506652352,experimento_retrospectivo_sem_vintages_sem_causalidade,ABVE,BCB_SGS,908eee5e539b99b7ff20fb25c24ad61c457c0f238d14520d68d869a0f626ce04,25a320bfe0d7e380a040a7197290ab3690b01a57aa49f76c780f1765571191f7,1.9.1
BEV,teste,ridge_sem_macro,2026-07-01,2026-05-01,2026-08-01,27166,26138.222334069105,1027.7776659308947,experimento_retrospectivo_sem_vintages_sem_causalidade,ABVE,BCB_SGS,908eee5e539b99b7ff20fb25c24ad61c457c0f238d14520d68d869a0f626ce04,25a320bfe0d7e380a040a7197290ab3690b01a57aa49f76c780f1765571191f7,1.9.1
BEV,validacao,persistencia,2025-06-01,2025-04-01,2025-07-01,7010,5918,1092,experimento_retrospectivo_sem_vintages_sem_causalidade,ABVE,BCB_SGS,908eee5e539b99b7ff20fb25c24ad61c457c0f238d14520d68d869a0f626ce04,25a320bfe0d7e380a040a7197290ab3690b01a57aa49f76c780f1765571191f7,1.9.1
BEV,validacao,ridge_macro_lag2,2025-06-01,2025-04-01,2025-07-01,7010,5415.259415937821,1594.7405840621786,experimento_retrospectivo_sem_vintages_sem_causalidade,ABVE,BCB_SGS,908eee5e539b99b7ff20fb25c24ad61c457c0f238d14520d68d869a0f626ce04,25a320bfe0d7e380a040a7197290ab3690b01a57aa49f76c780f1765571191f7,1.9.1
BEV,validacao,ridge_sem_macro,2025-06-01,2025-04-01,2025-07-01,7010,5183.204016447237,1826.795983552763,experimento_retrospectivo_sem_vintages_sem_causalidade,ABVE,BCB_SGS,908eee5e539b99b7ff20fb25c24ad61c457c0f238d14520d68d869a0f626ce04,25a320bfe0d7e380a040a7197290ab3690b01a57aa49f76c780f1765571191f7,1.9.1
BEV,validacao,persistencia,2025-07-01,2025-05-01,2025-08-01,7624,7010,614,experimento_retrospectivo_sem_vintages_sem_causalidade,ABVE,BCB_SGS,908eee5e539b99b7ff20fb25c24ad61c457c0f238d14520d68d869a0f626ce04,25a320bfe0d7e380a040a7197290ab3690b01a57aa49f76c780f1765571191f7,1.9.1
BEV,validacao,ridge_macro_lag2,2025-07-01,2025-05-01,2025-08-01,7624,6139.688055039975,1484.3119449600254,experimento_retrospectivo_sem_vintages_sem_causalidade,ABVE,BCB_SGS,908eee5e539b99b7ff20fb25c24ad61c457c0f238d14520d68d869a0f626ce04,25a320bfe0d7e380a040a7197290ab3690b01a57aa49f76c780f1765571191f7,1.9.1
BEV,validacao,ridge_sem_macro,2025-07-01,2025-05-01,2025-08-01,7624,5588.121731296765,2035.8782687032356,experimento_retrospectivo_sem_vintages_sem_causalidade,ABVE,BCB_SGS,908eee5e539b99b7ff20fb25c24ad61c457c0f238d14520d68d869a0f626ce04,25a320bfe0d7e380a040a7197290ab3690b01a57aa49f76c780f1765571191f7,1.9.1
BEV,validacao,persistencia,2025-08-01,2025-06-01,2025-09-01,8169,7624,545,experimento_retrospectivo_sem_vintages_sem_causalidade,ABVE,BCB_SGS,908eee5e539b99b7ff20fb25c24ad61c457c0f238d14520d68d869a0f626ce04,25a320bfe0d7e380a040a7197290ab3690b01a57aa49f76c780f1765571191f7,1.9.1
BEV,validacao,ridge_macro_lag2,2025-08-01,2025-06-01,2025-09-01,8169,6632.65345769114,1536.34654230886,experimento_retrospectivo_sem_vintages_sem_causalidade,ABVE,BCB_SGS,908eee5e539b99b7ff20fb25c24ad61c457c0f238d14520d68d869a0f626ce04,25a320bfe0d7e380a040a7197290ab3690b01a57aa49f76c780f1765571191f7,1.9.1
BEV,validacao,ridge_sem_macro,2025-08-01,2025-06-01,2025-09-01,8169,6366.023169899982,1802.9768301000177,experimento_retrospectivo_sem_vintages_sem_causalidade,ABVE,BCB_SGS,908eee5e539b99b7ff20fb25c24ad61c457c0f238d14520d68d869a0f626ce04,25a320bfe0d7e380a040a7197290ab3690b01a57aa49f76c780f1765571191f7,1.9.1
BEV,validacao,persistencia,2025-09-01,2025-07-01,2025-10-01,7986,8169,183,experimento_retrospectivo_sem_vintages_sem_causalidade,ABVE,BCB_SGS,908eee5e539b99b7ff20fb25c24ad61c457c0f238d14520d68d869a0f626ce04,25a320bfe0d7e380a040a7197290ab3690b01a57aa49f76c780f1765571191f7,1.9.1
BEV,validacao,ridge_macro_lag2,2025-09-01,2025-07-01,2025-10-01,7986,7785.31711518805,200.68288481195032,experimento_retrospectivo_sem_vintages_sem_causalidade,ABVE,BCB_SGS,908eee5e539b99b7ff20fb25c24ad61c457c0f238d14520d68d869a0f626ce04,25a320bfe0d7e380a040a7197290ab3690b01a57aa49f76c780f1765571191f7,1.9.1
BEV,validacao,ridge_sem_macro,2025-09-01,2025-07-01,2025-10-01,7986,6824.053217930805,1161.9467820691953,experimento_retrospectivo_sem_vintages_sem_causalidade,ABVE,BCB_SGS,908eee5e539b99b7ff20fb25c24ad61c457c0f238d14520d68d869a0f626ce04,25a320bfe0d7e380a040a7197290ab3690b01a57aa49f76c780f1765571191f7,1.9.1
BEV,validacao,persistencia,2025-10-01,2025-08-01,2025-11-01,7263,7986,723,experimento_retrospectivo_sem_vintages_sem_causalidade,ABVE,BCB_SGS,908eee5e539b99b7ff20fb25c24ad61c457c0f238d14520d68d869a0f626ce04,25a320bfe0d7e380a040a7197290ab3690b01a57aa49f76c780f1765571191f7,1.9.1
BEV,validacao,ridge_macro_lag2,2025-10-01,2025-08-01,2025-11-01,7263,6871.813206563458,391.18679343654185,experimento_retrospectivo_sem_vintages_sem_causalidade,ABVE,BCB_SGS,908eee5e539b99b7ff20fb25c24ad61c457c0f238d14520d68d869a0f626ce04,25a320bfe0d7e380a040a7197290ab3690b01a57aa49f76c780f1765571191f7,1.9.1
BEV,validacao,ridge_sem_macro,2025-10-01,2025-08-01,2025-11-01,7263,6950.588320632963,312.4116793670373,experimento_retrospectivo_sem_vintages_sem_causalidade,ABVE,BCB_SGS,908eee5e539b99b7ff20fb25c24ad61c457c0f238d14520d68d869a0f626ce04,25a320bfe0d7e380a040a7197290ab3690b01a57aa49f76c780f1765571191f7,1.9.1
BEV,validacao,persistencia,2025-11-01,2025-09-01,2025-12-01,11550,7263,4287,experimento_retrospectivo_sem_vintages_sem_causalidade,ABVE,BCB_SGS,908eee5e539b99b7ff20fb25c24ad61c457c0f238d14520d68d869a0f626ce04,25a320bfe0d7e380a040a7197290ab3690b01a57aa49f76c780f1765571191f7,1.9.1
BEV,validacao,ridge_macro_lag2,2025-11-01,2025-09-01,2025-12-01,11550,7018.5011154063295,4531.498884593671,experimento_retrospectivo_sem_vintages_sem_causalidade,ABVE,BCB_SGS,908eee5e539b99b7ff20fb25c24ad61c457c0f238d14520d68d869a0f626ce04,25a320bfe0d7e380a040a7197290ab3690b01a57aa49f76c780f1765571191f7,1.9.1
BEV,validacao,ridge_sem_macro,2025-11-01,2025-09-01,2025-12-01,11550,6664.221166306563,4885.778833693437,experimento_retrospectivo_sem_vintages_sem_causalidade,ABVE,BCB_SGS,908eee5e539b99b7ff20fb25c24ad61c457c0f238d14520d68d869a0f626ce04,25a320bfe0d7e380a040a7197290ab3690b01a57aa49f76c780f1765571191f7,1.9.1
BEV,validacao,persistencia,2025-12-01,2025-10-01,2026-01-01,8250,11550,3300,experimento_retrospectivo_sem_vintages_sem_causalidade,ABVE,BCB_SGS,908eee5e539b99b7ff20fb25c24ad61c457c0f238d14520d68d869a0f626ce04,25a320bfe0d7e380a040a7197290ab3690b01a57aa49f76c780f1765571191f7,1.9.1
BEV,validacao,ridge_macro_lag2,2025-12-01,2025-10-01,2026-01-01,8250,9310.564183478438,1060.5641834784385,experimento_retrospectivo_sem_vintages_sem_causalidade,ABVE,BCB_SGS,908eee5e539b99b7ff20fb25c24ad61c457c0f238d14520d68d869a0f626ce04,25a320bfe0d7e380a040a7197290ab3690b01a57aa49f76c780f1765571191f7,1.9.1
BEV,validacao,ridge_sem_macro,2025-12-01,2025-10-01,2026-01-01,8250,9426.836383957045,1176.836383957043,experimento_retrospectivo_sem_vintages_sem_causalidade,ABVE,BCB_SGS,908eee5e539b99b7ff20fb25c24ad61c457c0f238d14520d68d869a0f626ce04,25a320bfe0d7e380a040a7197290ab3690b01a57aa49f76c780f1765571191f7,1.9.1
PHEV,teste,persistencia,2026-01-01,2025-11-01,2026-02-01,8393,8399,6,experimento_retrospectivo_sem_vintages_sem_causalidade,ABVE,BCB_SGS,908eee5e539b99b7ff20fb25c24ad61c457c0f238d14520d68d869a0f626ce04,25a320bfe0d7e380a040a7197290ab3690b01a57aa49f76c780f1765571191f7,1.9.1
PHEV,teste,ridge_macro_lag2,2026-01-01,2025-11-01,2026-02-01,8393,8883.76558544951,490.7655854495097,experimento_retrospectivo_sem_vintages_sem_causalidade,ABVE,BCB_SGS,908eee5e539b99b7ff20fb25c24ad61c457c0f238d14520d68d869a0f626ce04,25a320bfe0d7e380a040a7197290ab3690b01a57aa49f76c780f1765571191f7,1.9.1
PHEV,teste,ridge_sem_macro,2026-01-01,2025-11-01,2026-02-01,8393,9398.420318463384,1005.4203184633824,experimento_retrospectivo_sem_vintages_sem_causalidade,ABVE,BCB_SGS,908eee5e539b99b7ff20fb25c24ad61c457c0f238d14520d68d869a0f626ce04,25a320bfe0d7e380a040a7197290ab3690b01a57aa49f76c780f1765571191f7,1.9.1
PHEV,teste,persistencia,2026-02-01,2025-12-01,2026-03-01,12367,8393,3974,experimento_retrospectivo_sem_vintages_sem_causalidade,ABVE,BCB_SGS,908eee5e539b99b7ff20fb25c24ad61c457c0f238d14520d68d869a0f626ce04,25a320bfe0d7e380a040a7197290ab3690b01a57aa49f76c780f1765571191f7,1.9.1
PHEV,teste,ridge_macro_lag2,2026-02-01,2025-12-01,2026-03-01,12367,8575.64063096133,3791.3593690386697,experimento_retrospectivo_sem_vintages_sem_causalidade,ABVE,BCB_SGS,908eee5e539b99b7ff20fb25c24ad61c457c0f238d14520d68d869a0f626ce04,25a320bfe0d7e380a040a7197290ab3690b01a57aa49f76c780f1765571191f7,1.9.1
PHEV,teste,ridge_sem_macro,2026-02-01,2025-12-01,2026-03-01,12367,9033.693868456114,3333.3061315438863,experimento_retrospectivo_sem_vintages_sem_causalidade,ABVE,BCB_SGS,908eee5e539b99b7ff20fb25c24ad61c457c0f238d14520d68d869a0f626ce04,25a320bfe0d7e380a040a7197290ab3690b01a57aa49f76c780f1765571191f7,1.9.1
PHEV,teste,persistencia,2026-03-01,2026-01-01,2026-04-01,13214,12367,847,experimento_retrospectivo_sem_vintages_sem_causalidade,ABVE,BCB_SGS,908eee5e539b99b7ff20fb25c24ad61c457c0f238d14520d68d869a0f626ce04,25a320bfe0d7e380a040a7197290ab3690b01a57aa49f76c780f1765571191f7,1.9.1
PHEV,teste,ridge_macro_lag2,2026-03-01,2026-01-01,2026-04-01,13214,9662.25644199319,3551.7435580068104,experimento_retrospectivo_sem_vintages_sem_causalidade,ABVE,BCB_SGS,908eee5e539b99b7ff20fb25c24ad61c457c0f238d14520d68d869a0f626ce04,25a320bfe0d7e380a040a7197290ab3690b01a57aa49f76c780f1765571191f7,1.9.1
PHEV,teste,ridge_sem_macro,2026-03-01,2026-01-01,2026-04-01,13214,9769.777307891038,3444.2226921089623,experimento_retrospectivo_sem_vintages_sem_causalidade,ABVE,BCB_SGS,908eee5e539b99b7ff20fb25c24ad61c457c0f238d14520d68d869a0f626ce04,25a320bfe0d7e380a040a7197290ab3690b01a57aa49f76c780f1765571191f7,1.9.1
PHEV,teste,persistencia,2026-04-01,2026-02-01,2026-05-01,15821,13214,2607,experimento_retrospectivo_sem_vintages_sem_causalidade,ABVE,BCB_SGS,908eee5e539b99b7ff20fb25c24ad61c457c0f238d14520d68d869a0f626ce04,25a320bfe0d7e380a040a7197290ab3690b01a57aa49f76c780f1765571191f7,1.9.1
PHEV,teste,ridge_macro_lag2,2026-04-01,2026-02-01,2026-05-01,15821,10230.445974395903,5590.554025604095,experimento_retrospectivo_sem_vintages_sem_causalidade,ABVE,BCB_SGS,908eee5e539b99b7ff20fb25c24ad61c457c0f238d14520d68d869a0f626ce04,25a320bfe0d7e380a040a7197290ab3690b01a57aa49f76c780f1765571191f7,1.9.1
PHEV,teste,ridge_sem_macro,2026-04-01,2026-02-01,2026-05-01,15821,10800.3662218446,5020.633778155399,experimento_retrospectivo_sem_vintages_sem_causalidade,ABVE,BCB_SGS,908eee5e539b99b7ff20fb25c24ad61c457c0f238d14520d68d869a0f626ce04,25a320bfe0d7e380a040a7197290ab3690b01a57aa49f76c780f1765571191f7,1.9.1
PHEV,teste,persistencia,2026-05-01,2026-03-01,2026-06-01,18206,15821,2385,experimento_retrospectivo_sem_vintages_sem_causalidade,ABVE,BCB_SGS,908eee5e539b99b7ff20fb25c24ad61c457c0f238d14520d68d869a0f626ce04,25a320bfe0d7e380a040a7197290ab3690b01a57aa49f76c780f1765571191f7,1.9.1
PHEV,teste,ridge_macro_lag2,2026-05-01,2026-03-01,2026-06-01,18206,13878.982148321767,4327.017851678233,experimento_retrospectivo_sem_vintages_sem_causalidade,ABVE,BCB_SGS,908eee5e539b99b7ff20fb25c24ad61c457c0f238d14520d68d869a0f626ce04,25a320bfe0d7e380a040a7197290ab3690b01a57aa49f76c780f1765571191f7,1.9.1
PHEV,teste,ridge_sem_macro,2026-05-01,2026-03-01,2026-06-01,18206,13342.627338721217,4863.372661278785,experimento_retrospectivo_sem_vintages_sem_causalidade,ABVE,BCB_SGS,908eee5e539b99b7ff20fb25c24ad61c457c0f238d14520d68d869a0f626ce04,25a320bfe0d7e380a040a7197290ab3690b01a57aa49f76c780f1765571191f7,1.9.1
PHEV,teste,persistencia,2026-06-01,2026-04-01,2026-07-01,20500,18206,2294,experimento_retrospectivo_sem_vintages_sem_causalidade,ABVE,BCB_SGS,908eee5e539b99b7ff20fb25c24ad61c457c0f238d14520d68d869a0f626ce04,25a320bfe0d7e380a040a7197290ab3690b01a57aa49f76c780f1765571191f7,1.9.1
PHEV,teste,ridge_macro_lag2,2026-06-01,2026-04-01,2026-07-01,20500,15711.131441394413,4788.868558605589,experimento_retrospectivo_sem_vintages_sem_causalidade,ABVE,BCB_SGS,908eee5e539b99b7ff20fb25c24ad61c457c0f238d14520d68d869a0f626ce04,25a320bfe0d7e380a040a7197290ab3690b01a57aa49f76c780f1765571191f7,1.9.1
PHEV,teste,ridge_sem_macro,2026-06-01,2026-04-01,2026-07-01,20500,15701.784756604937,4798.215243395065,experimento_retrospectivo_sem_vintages_sem_causalidade,ABVE,BCB_SGS,908eee5e539b99b7ff20fb25c24ad61c457c0f238d14520d68d869a0f626ce04,25a320bfe0d7e380a040a7197290ab3690b01a57aa49f76c780f1765571191f7,1.9.1
PHEV,teste,persistencia,2026-07-01,2026-05-01,2026-08-01,20535,20500,35,experimento_retrospectivo_sem_vintages_sem_causalidade,ABVE,BCB_SGS,908eee5e539b99b7ff20fb25c24ad61c457c0f238d14520d68d869a0f626ce04,25a320bfe0d7e380a040a7197290ab3690b01a57aa49f76c780f1765571191f7,1.9.1
PHEV,teste,ridge_macro_lag2,2026-07-01,2026-05-01,2026-08-01,20535,18370.031598472597,2164.968401527407,experimento_retrospectivo_sem_vintages_sem_causalidade,ABVE,BCB_SGS,908eee5e539b99b7ff20fb25c24ad61c457c0f238d14520d68d869a0f626ce04,25a320bfe0d7e380a040a7197290ab3690b01a57aa49f76c780f1765571191f7,1.9.1
PHEV,teste,ridge_sem_macro,2026-07-01,2026-05-01,2026-08-01,20535,18370.778555631343,2164.221444368657,experimento_retrospectivo_sem_vintages_sem_causalidade,ABVE,BCB_SGS,908eee5e539b99b7ff20fb25c24ad61c457c0f238d14520d68d869a0f626ce04,25a320bfe0d7e380a040a7197290ab3690b01a57aa49f76c780f1765571191f7,1.9.1
PHEV,validacao,persistencia,2025-06-01,2025-04-01,2025-07-01,8644,7347,1297,experimento_retrospectivo_sem_vintages_sem_causalidade,ABVE,BCB_SGS,908eee5e539b99b7ff20fb25c24ad61c457c0f238d14520d68d869a0f626ce04,25a320bfe0d7e380a040a7197290ab3690b01a57aa49f76c780f1765571191f7,1.9.1
PHEV,validacao,ridge_macro_lag2,2025-06-01,2025-04-01,2025-07-01,8644,7872.174759309619,771.8252406903812,experimento_retrospectivo_sem_vintages_sem_causalidade,ABVE,BCB_SGS,908eee5e539b99b7ff20fb25c24ad61c457c0f238d14520d68d869a0f626ce04,25a320bfe0d7e380a040a7197290ab3690b01a57aa49f76c780f1765571191f7,1.9.1
PHEV,validacao,ridge_sem_macro,2025-06-01,2025-04-01,2025-07-01,8644,7523.1223414305,1120.8776585694995,experimento_retrospectivo_sem_vintages_sem_causalidade,ABVE,BCB_SGS,908eee5e539b99b7ff20fb25c24ad61c457c0f238d14520d68d869a0f626ce04,25a320bfe0d7e380a040a7197290ab3690b01a57aa49f76c780f1765571191f7,1.9.1
PHEV,validacao,persistencia,2025-07-01,2025-05-01,2025-08-01,8057,8644,587,experimento_retrospectivo_sem_vintages_sem_causalidade,ABVE,BCB_SGS,908eee5e539b99b7ff20fb25c24ad61c457c0f238d14520d68d869a0f626ce04,25a320bfe0d7e380a040a7197290ab3690b01a57aa49f76c780f1765571191f7,1.9.1
PHEV,validacao,ridge_macro_lag2,2025-07-01,2025-05-01,2025-08-01,8057,8991.354910666674,934.3549106666742,experimento_retrospectivo_sem_vintages_sem_causalidade,ABVE,BCB_SGS,908eee5e539b99b7ff20fb25c24ad61c457c0f238d14520d68d869a0f626ce04,25a320bfe0d7e380a040a7197290ab3690b01a57aa49f76c780f1765571191f7,1.9.1
PHEV,validacao,ridge_sem_macro,2025-07-01,2025-05-01,2025-08-01,8057,8362.469036916269,305.46903691626903,experimento_retrospectivo_sem_vintages_sem_causalidade,ABVE,BCB_SGS,908eee5e539b99b7ff20fb25c24ad61c457c0f238d14520d68d869a0f626ce04,25a320bfe0d7e380a040a7197290ab3690b01a57aa49f76c780f1765571191f7,1.9.1
PHEV,validacao,persistencia,2025-08-01,2025-06-01,2025-09-01,8194,8057,137,experimento_retrospectivo_sem_vintages_sem_causalidade,ABVE,BCB_SGS,908eee5e539b99b7ff20fb25c24ad61c457c0f238d14520d68d869a0f626ce04,25a320bfe0d7e380a040a7197290ab3690b01a57aa49f76c780f1765571191f7,1.9.1
PHEV,validacao,ridge_macro_lag2,2025-08-01,2025-06-01,2025-09-01,8194,8705.536217631874,511.536217631874,experimento_retrospectivo_sem_vintages_sem_causalidade,ABVE,BCB_SGS,908eee5e539b99b7ff20fb25c24ad61c457c0f238d14520d68d869a0f626ce04,25a320bfe0d7e380a040a7197290ab3690b01a57aa49f76c780f1765571191f7,1.9.1
PHEV,validacao,ridge_sem_macro,2025-08-01,2025-06-01,2025-09-01,8194,8402.377891252416,208.3778912524158,experimento_retrospectivo_sem_vintages_sem_causalidade,ABVE,BCB_SGS,908eee5e539b99b7ff20fb25c24ad61c457c0f238d14520d68d869a0f626ce04,25a320bfe0d7e380a040a7197290ab3690b01a57aa49f76c780f1765571191f7,1.9.1
PHEV,validacao,persistencia,2025-09-01,2025-07-01,2025-10-01,9458,8194,1264,experimento_retrospectivo_sem_vintages_sem_causalidade,ABVE,BCB_SGS,908eee5e539b99b7ff20fb25c24ad61c457c0f238d14520d68d869a0f626ce04,25a320bfe0d7e380a040a7197290ab3690b01a57aa49f76c780f1765571191f7,1.9.1
PHEV,validacao,ridge_macro_lag2,2025-09-01,2025-07-01,2025-10-01,9458,9127.342000940824,330.6579990591763,experimento_retrospectivo_sem_vintages_sem_causalidade,ABVE,BCB_SGS,908eee5e539b99b7ff20fb25c24ad61c457c0f238d14520d68d869a0f626ce04,25a320bfe0d7e380a040a7197290ab3690b01a57aa49f76c780f1765571191f7,1.9.1
PHEV,validacao,ridge_sem_macro,2025-09-01,2025-07-01,2025-10-01,9458,8649.038619211284,808.9613807887163,experimento_retrospectivo_sem_vintages_sem_causalidade,ABVE,BCB_SGS,908eee5e539b99b7ff20fb25c24ad61c457c0f238d14520d68d869a0f626ce04,25a320bfe0d7e380a040a7197290ab3690b01a57aa49f76c780f1765571191f7,1.9.1
PHEV,validacao,persistencia,2025-10-01,2025-08-01,2025-11-01,9408,9458,50,experimento_retrospectivo_sem_vintages_sem_causalidade,ABVE,BCB_SGS,908eee5e539b99b7ff20fb25c24ad61c457c0f238d14520d68d869a0f626ce04,25a320bfe0d7e380a040a7197290ab3690b01a57aa49f76c780f1765571191f7,1.9.1
PHEV,validacao,ridge_macro_lag2,2025-10-01,2025-08-01,2025-11-01,9408,9478.07815108533,70.07815108533032,experimento_retrospectivo_sem_vintages_sem_causalidade,ABVE,BCB_SGS,908eee5e539b99b7ff20fb25c24ad61c457c0f238d14520d68d869a0f626ce04,25a320bfe0d7e380a040a7197290ab3690b01a57aa49f76c780f1765571191f7,1.9.1
PHEV,validacao,ridge_sem_macro,2025-10-01,2025-08-01,2025-11-01,9408,9156.755132357212,251.24486764278663,experimento_retrospectivo_sem_vintages_sem_causalidade,ABVE,BCB_SGS,908eee5e539b99b7ff20fb25c24ad61c457c0f238d14520d68d869a0f626ce04,25a320bfe0d7e380a040a7197290ab3690b01a57aa49f76c780f1765571191f7,1.9.1
PHEV,validacao,persistencia,2025-11-01,2025-09-01,2025-12-01,13861,9408,4453,experimento_retrospectivo_sem_vintages_sem_causalidade,ABVE,BCB_SGS,908eee5e539b99b7ff20fb25c24ad61c457c0f238d14520d68d869a0f626ce04,25a320bfe0d7e380a040a7197290ab3690b01a57aa49f76c780f1765571191f7,1.9.1
PHEV,validacao,ridge_macro_lag2,2025-11-01,2025-09-01,2025-12-01,13861,9393.822406315338,4467.177593684663,experimento_retrospectivo_sem_vintages_sem_causalidade,ABVE,BCB_SGS,908eee5e539b99b7ff20fb25c24ad61c457c0f238d14520d68d869a0f626ce04,25a320bfe0d7e380a040a7197290ab3690b01a57aa49f76c780f1765571191f7,1.9.1
PHEV,validacao,ridge_sem_macro,2025-11-01,2025-09-01,2025-12-01,13861,9221.337931890786,4639.662068109214,experimento_retrospectivo_sem_vintages_sem_causalidade,ABVE,BCB_SGS,908eee5e539b99b7ff20fb25c24ad61c457c0f238d14520d68d869a0f626ce04,25a320bfe0d7e380a040a7197290ab3690b01a57aa49f76c780f1765571191f7,1.9.1
PHEV,validacao,persistencia,2025-12-01,2025-10-01,2026-01-01,8399,13861,5462,experimento_retrospectivo_sem_vintages_sem_causalidade,ABVE,BCB_SGS,908eee5e539b99b7ff20fb25c24ad61c457c0f238d14520d68d869a0f626ce04,25a320bfe0d7e380a040a7197290ab3690b01a57aa49f76c780f1765571191f7,1.9.1
PHEV,validacao,ridge_macro_lag2,2025-12-01,2025-10-01,2026-01-01,8399,11488.455274679269,3089.4552746792688,experimento_retrospectivo_sem_vintages_sem_causalidade,ABVE,BCB_SGS,908eee5e539b99b7ff20fb25c24ad61c457c0f238d14520d68d869a0f626ce04,25a320bfe0d7e380a040a7197290ab3690b01a57aa49f76c780f1765571191f7,1.9.1
PHEV,validacao,ridge_sem_macro,2025-12-01,2025-10-01,2026-01-01,8399,11042.350906173668,2643.350906173668,experimento_retrospectivo_sem_vintages_sem_causalidade,ABVE,BCB_SGS,908eee5e539b99b7ff20fb25c24ad61c457c0f238d14520d68d869a0f626ce04,25a320bfe0d7e380a040a7197290ab3690b01a57aa49f76c780f1765571191f7,1.9.1
