marca,modelo_familia,versao_declarada,tecnologia,preco_anunciado_reais,data_anuncio,condicao,url_fonte,sha256_html,data_captura,limite,modelo_versao,ano_modelo
BYD,DOLPHIN MINI,4 lugares,BEV,115800.0,2024-02-26,preco_publico_lancamento,https://www.byd.com/br/noticias-byd-brasil/BYD-Dolphin-Mini-chega-para-revolucionar-o-mercado-de-carros-no-Brasil,b60a9439954f570bb00d786d279042c932a679cd0bda5ff683ef52161a45c86e,2026-10-01T18:35:22.122317+00:00,"Amostra documental de uma marca em 2024, não painel mensal de preços, preço atual, transação ou FIPE. Sem associação automática a versões ABVE/Inmetro.",DOLPHIN MINI 4 lugares,
BYD,DOLPHIN MINI,5 lugares,BEV,119800.0,2024-07-20,preco_publicado_lancamento,https://www.byd.com/br/noticias-byd-brasil/chega-ao-Brasil-o-BYD-Dolphin-Mini-de-5-lugares,ca80da6a92e807a5b2ddcbdbb3439f3cb7cd01fd92b7c691e01fac6b55bd4325,2026-10-01T18:35:22.609063+00:00,"Amostra documental de uma marca em 2024, não painel mensal de preços, preço atual, transação ou FIPE. Sem associação automática a versões ABVE/Inmetro.",DOLPHIN MINI 5 lugares,
BYD,KING,GL,PHEV,175800.0,2024-06-18,preco_publico_lancamento,https://www.byd.com/br/noticias-byd-brasil/chega-ao-brasil-o-byd-king-o-sedan-plugin-feito-para-reinar.html,15368fee9322dbf166c2ac86638d13d3a67bce7f58cfc652d295ff40265d3b66,2026-10-01T18:35:23.069367+00:00,"Amostra documental de uma marca em 2024, não painel mensal de preços, preço atual, transação ou FIPE. Sem associação automática a versões ABVE/Inmetro.",KING GL,
BYD,KING,GS,PHEV,187800.0,2024-06-18,preco_publico_lancamento,https://www.byd.com/br/noticias-byd-brasil/chega-ao-brasil-o-byd-king-o-sedan-plugin-feito-para-reinar.html,15368fee9322dbf166c2ac86638d13d3a67bce7f58cfc652d295ff40265d3b66,2026-10-01T18:35:23.070393+00:00,"Amostra documental de uma marca em 2024, não painel mensal de preços, preço atual, transação ou FIPE. Sem associação automática a versões ABVE/Inmetro.",KING GS,
BYD,SONG PRO,GL,PHEV,189800.0,2024-07-10,promocao_primeiras_3000_unidades,https://www.byd.com/br/noticias-byd-brasil/a-familia-cresceu-BYD-Song-Pro-chega-ao-Brasil,15822acc4b9f1f4adc96ab1bd01afa04ff7932605a3d045dacaf7e08e82e19dc,2026-10-01T18:35:23.496533+00:00,"Amostra documental de uma marca em 2024, não painel mensal de preços, preço atual, transação ou FIPE. Sem associação automática a versões ABVE/Inmetro.",SONG PRO GL,
BYD,SONG PRO,GS,PHEV,199800.0,2024-07-10,promocao_primeiras_3000_unidades,https://www.byd.com/br/noticias-byd-brasil/a-familia-cresceu-BYD-Song-Pro-chega-ao-Brasil,15822acc4b9f1f4adc96ab1bd01afa04ff7932605a3d045dacaf7e08e82e19dc,2026-10-01T18:35:23.497443+00:00,"Amostra documental de uma marca em 2024, não painel mensal de preços, preço atual, transação ou FIPE. Sem associação automática a versões ABVE/Inmetro.",SONG PRO GS,
BYD,,,,118800.0,2025-07-07,tabela_sugerida_em_artigo_com_ofertas_julho,https://www.byd.com/br/noticias-byd-brasil/byd-lanca-dolphin-mini-azul-e-song-pro-com-adas-completo,f8a36a875be741dbac9093c4720ca380273d4420fe71ac517a95b3b0cdb63924,2026-10-01T19:00:58.832853+00:00,"Preço anunciado em data histórica, não preço atual, transação ou FIPE. Amostra não representa o mercado inteiro; não interpolada nem usada como variável mensal do ML.",DOLPHIN MINI 4L,2024/2025
BYD,,,,122800.0,2025-07-07,tabela_sugerida_em_artigo_com_ofertas_julho,https://www.byd.com/br/noticias-byd-brasil/byd-lanca-dolphin-mini-azul-e-song-pro-com-adas-completo,f8a36a875be741dbac9093c4720ca380273d4420fe71ac517a95b3b0cdb63924,2026-10-01T19:00:58.832889+00:00,"Preço anunciado em data histórica, não preço atual, transação ou FIPE. Amostra não representa o mercado inteiro; não interpolada nem usada como variável mensal do ML.",DOLPHIN MINI 5L,2024/2025
BYD,,,,119990.0,2025-07-07,tabela_sugerida_em_artigo_com_ofertas_julho,https://www.byd.com/br/noticias-byd-brasil/byd-lanca-dolphin-mini-azul-e-song-pro-com-adas-completo,f8a36a875be741dbac9093c4720ca380273d4420fe71ac517a95b3b0cdb63924,2026-10-01T19:00:58.832898+00:00,"Preço anunciado em data histórica, não preço atual, transação ou FIPE. Amostra não representa o mercado inteiro; não interpolada nem usada como variável mensal do ML.",DOLPHIN MINI 5L,2025/2026
BYD,,,,159800.0,2025-07-07,tabela_sugerida_em_artigo_com_ofertas_julho,https://www.byd.com/br/noticias-byd-brasil/byd-lanca-dolphin-mini-azul-e-song-pro-com-adas-completo,f8a36a875be741dbac9093c4720ca380273d4420fe71ac517a95b3b0cdb63924,2026-10-01T19:00:58.832902+00:00,"Preço anunciado em data histórica, não preço atual, transação ou FIPE. Amostra não representa o mercado inteiro; não interpolada nem usada como variável mensal do ML.",DOLPHIN GS,2024/2025
BYD,,,,149990.0,2025-07-07,tabela_sugerida_em_artigo_com_ofertas_julho,https://www.byd.com/br/noticias-byd-brasil/byd-lanca-dolphin-mini-azul-e-song-pro-com-adas-completo,f8a36a875be741dbac9093c4720ca380273d4420fe71ac517a95b3b0cdb63924,2026-10-01T19:00:58.832907+00:00,"Preço anunciado em data histórica, não preço atual, transação ou FIPE. Amostra não representa o mercado inteiro; não interpolada nem usada como variável mensal do ML.",DOLPHIN GS,2025/2026
BYD,,,,184800.0,2025-07-07,tabela_sugerida_em_artigo_com_ofertas_julho,https://www.byd.com/br/noticias-byd-brasil/byd-lanca-dolphin-mini-azul-e-song-pro-com-adas-completo,f8a36a875be741dbac9093c4720ca380273d4420fe71ac517a95b3b0cdb63924,2026-10-01T19:00:58.832913+00:00,"Preço anunciado em data histórica, não preço atual, transação ou FIPE. Amostra não representa o mercado inteiro; não interpolada nem usada como variável mensal do ML.",DOLPHIN PLUS,2024/2025
BYD,,,,182800.0,2025-07-07,tabela_sugerida_em_artigo_com_ofertas_julho,https://www.byd.com/br/noticias-byd-brasil/byd-lanca-dolphin-mini-azul-e-song-pro-com-adas-completo,f8a36a875be741dbac9093c4720ca380273d4420fe71ac517a95b3b0cdb63924,2026-10-01T19:00:58.832917+00:00,"Preço anunciado em data histórica, não preço atual, transação ou FIPE. Amostra não representa o mercado inteiro; não interpolada nem usada como variável mensal do ML.",YUAN PRO,2024/2025
BYD,,,,235800.0,2025-07-07,tabela_sugerida_em_artigo_com_ofertas_julho,https://www.byd.com/br/noticias-byd-brasil/byd-lanca-dolphin-mini-azul-e-song-pro-com-adas-completo,f8a36a875be741dbac9093c4720ca380273d4420fe71ac517a95b3b0cdb63924,2026-10-01T19:00:58.832921+00:00,"Preço anunciado em data histórica, não preço atual, transação ou FIPE. Amostra não representa o mercado inteiro; não interpolada nem usada como variável mensal do ML.",YUAN PLUS,2024/2025
BYD,,,,169990.0,2025-07-07,tabela_sugerida_em_artigo_com_ofertas_julho,https://www.byd.com/br/noticias-byd-brasil/byd-lanca-dolphin-mini-azul-e-song-pro-com-adas-completo,f8a36a875be741dbac9093c4720ca380273d4420fe71ac517a95b3b0cdb63924,2026-10-01T19:00:58.832926+00:00,"Preço anunciado em data histórica, não preço atual, transação ou FIPE. Amostra não representa o mercado inteiro; não interpolada nem usada como variável mensal do ML.",KING GL,2025/2026
BYD,,,,191900.0,2025-07-07,tabela_sugerida_em_artigo_com_ofertas_julho,https://www.byd.com/br/noticias-byd-brasil/byd-lanca-dolphin-mini-azul-e-song-pro-com-adas-completo,f8a36a875be741dbac9093c4720ca380273d4420fe71ac517a95b3b0cdb63924,2026-10-01T19:00:58.832931+00:00,"Preço anunciado em data histórica, não preço atual, transação ou FIPE. Amostra não representa o mercado inteiro; não interpolada nem usada como variável mensal do ML.",KING GS,2024/2025
BYD,,,,189990.0,2025-07-07,tabela_sugerida_em_artigo_com_ofertas_julho,https://www.byd.com/br/noticias-byd-brasil/byd-lanca-dolphin-mini-azul-e-song-pro-com-adas-completo,f8a36a875be741dbac9093c4720ca380273d4420fe71ac517a95b3b0cdb63924,2026-10-01T19:00:58.832934+00:00,"Preço anunciado em data histórica, não preço atual, transação ou FIPE. Amostra não representa o mercado inteiro; não interpolada nem usada como variável mensal do ML.",SONG PRO GL,2025/2026
BYD,,,,204800.0,2025-07-07,tabela_sugerida_em_artigo_com_ofertas_julho,https://www.byd.com/br/noticias-byd-brasil/byd-lanca-dolphin-mini-azul-e-song-pro-com-adas-completo,f8a36a875be741dbac9093c4720ca380273d4420fe71ac517a95b3b0cdb63924,2026-10-01T19:00:58.832939+00:00,"Preço anunciado em data histórica, não preço atual, transação ou FIPE. Amostra não representa o mercado inteiro; não interpolada nem usada como variável mensal do ML.",SONG PRO GS,2024/2025
BYD,,,,199990.0,2025-07-07,tabela_sugerida_em_artigo_com_ofertas_julho,https://www.byd.com/br/noticias-byd-brasil/byd-lanca-dolphin-mini-azul-e-song-pro-com-adas-completo,f8a36a875be741dbac9093c4720ca380273d4420fe71ac517a95b3b0cdb63924,2026-10-01T19:00:58.832943+00:00,"Preço anunciado em data histórica, não preço atual, transação ou FIPE. Amostra não representa o mercado inteiro; não interpolada nem usada como variável mensal do ML.",SONG PRO GS,2025/2026
BYD,,,,244800.0,2025-07-07,tabela_sugerida_em_artigo_com_ofertas_julho,https://www.byd.com/br/noticias-byd-brasil/byd-lanca-dolphin-mini-azul-e-song-pro-com-adas-completo,f8a36a875be741dbac9093c4720ca380273d4420fe71ac517a95b3b0cdb63924,2026-10-01T19:00:58.832948+00:00,"Preço anunciado em data histórica, não preço atual, transação ou FIPE. Amostra não representa o mercado inteiro; não interpolada nem usada como variável mensal do ML.",SONG PLUS,2024/2025
BYD,,,,249990.0,2025-07-07,tabela_sugerida_em_artigo_com_ofertas_julho,https://www.byd.com/br/noticias-byd-brasil/byd-lanca-dolphin-mini-azul-e-song-pro-com-adas-completo,f8a36a875be741dbac9093c4720ca380273d4420fe71ac517a95b3b0cdb63924,2026-10-01T19:00:58.832952+00:00,"Preço anunciado em data histórica, não preço atual, transação ou FIPE. Amostra não representa o mercado inteiro; não interpolada nem usada como variável mensal do ML.",SONG PLUS,2025/2026
BYD,,,,299800.0,2025-07-07,tabela_sugerida_em_artigo_com_ofertas_julho,https://www.byd.com/br/noticias-byd-brasil/byd-lanca-dolphin-mini-azul-e-song-pro-com-adas-completo,f8a36a875be741dbac9093c4720ca380273d4420fe71ac517a95b3b0cdb63924,2026-10-01T19:00:58.832955+00:00,"Preço anunciado em data histórica, não preço atual, transação ou FIPE. Amostra não representa o mercado inteiro; não interpolada nem usada como variável mensal do ML.",SONG PLUS PREMIUM,2025/2026
BYD,,,,249990.0,2025-07-07,tabela_sugerida_em_artigo_com_ofertas_julho,https://www.byd.com/br/noticias-byd-brasil/byd-lanca-dolphin-mini-azul-e-song-pro-com-adas-completo,f8a36a875be741dbac9093c4720ca380273d4420fe71ac517a95b3b0cdb63924,2026-10-01T19:00:58.832959+00:00,"Preço anunciado em data histórica, não preço atual, transação ou FIPE. Amostra não representa o mercado inteiro; não interpolada nem usada como variável mensal do ML.",SEAL,2024/2025
BYD,,,,536800.0,2025-07-07,tabela_sugerida_em_artigo_com_ofertas_julho,https://www.byd.com/br/noticias-byd-brasil/byd-lanca-dolphin-mini-azul-e-song-pro-com-adas-completo,f8a36a875be741dbac9093c4720ca380273d4420fe71ac517a95b3b0cdb63924,2026-10-01T19:00:58.832963+00:00,"Preço anunciado em data histórica, não preço atual, transação ou FIPE. Amostra não representa o mercado inteiro; não interpolada nem usada como variável mensal do ML.",TAN,2024/2025
BYD,,,,559800.0,2025-07-07,tabela_sugerida_em_artigo_com_ofertas_julho,https://www.byd.com/br/noticias-byd-brasil/byd-lanca-dolphin-mini-azul-e-song-pro-com-adas-completo,f8a36a875be741dbac9093c4720ca380273d4420fe71ac517a95b3b0cdb63924,2026-10-01T19:00:58.832966+00:00,"Preço anunciado em data histórica, não preço atual, transação ou FIPE. Amostra não representa o mercado inteiro; não interpolada nem usada como variável mensal do ML.",HAN,2024/2025
BYD,,,,379800.0,2025-07-07,tabela_sugerida_em_artigo_com_ofertas_julho,https://www.byd.com/br/noticias-byd-brasil/byd-lanca-dolphin-mini-azul-e-song-pro-com-adas-completo,f8a36a875be741dbac9093c4720ca380273d4420fe71ac517a95b3b0cdb63924,2026-10-01T19:00:58.832970+00:00,"Preço anunciado em data histórica, não preço atual, transação ou FIPE. Amostra não representa o mercado inteiro; não interpolada nem usada como variável mensal do ML.",SHARK,2024/2025
GWM,,,,154000.0,2025-08-07,promocional_com_bonus_por_tempo_limitado,https://www.gwmmotors.com.br/pt/media-center/news/2025/gwm-lanca-edicao-limitada-do-ora-03-com-autonomia-de-ate-420-km-e-itens-exclusivos,b4fd9fcbf398a1278fdda175ffa7e9d1ea52215efaffd8c22c327d0f316701e4,2026-10-01T19:00:59.021035+00:00,"Preço anunciado em data histórica, não preço atual, transação ou FIPE. Amostra não representa o mercado inteiro; não interpolada nem usada como variável mensal do ML.",ORA 03 Skin BEV48,
GWM,,,,169000.0,2025-08-07,promocional_com_bonus_por_tempo_limitado,https://www.gwmmotors.com.br/pt/media-center/news/2025/gwm-lanca-edicao-limitada-do-ora-03-com-autonomia-de-ate-420-km-e-itens-exclusivos,b4fd9fcbf398a1278fdda175ffa7e9d1ea52215efaffd8c22c327d0f316701e4,2026-10-01T19:00:59.021058+00:00,"Preço anunciado em data histórica, não preço atual, transação ou FIPE. Amostra não representa o mercado inteiro; não interpolada nem usada como variável mensal do ML.",ORA 03 BEV58 (edição limitada),linha 2026
GWM,,,,189000.0,2025-08-07,promocional_com_bonus_por_tempo_limitado,https://www.gwmmotors.com.br/pt/media-center/news/2025/gwm-lanca-edicao-limitada-do-ora-03-com-autonomia-de-ate-420-km-e-itens-exclusivos,b4fd9fcbf398a1278fdda175ffa7e9d1ea52215efaffd8c22c327d0f316701e4,2026-10-01T19:00:59.021063+00:00,"Preço anunciado em data histórica, não preço atual, transação ou FIPE. Amostra não representa o mercado inteiro; não interpolada nem usada como variável mensal do ML.",ORA 03 GT BEV63,
